Órgão,Instagram,Facebook,Status,CRE,Cidade,Observações
Colegio Estadual Carlos Fagundes de Mello,https://www.instagram.com/colegio.famello/,,MAPEADO,01 CRE - Porto Alegre,Porto Alegre,
Colegio Estadual Coronel Afonso Emílio Massot,https://www.instagram.com/ge_emiliomassot/,,MAPEADO,01 CRE - Porto Alegre,Porto Alegre,
Colegio Estadual Cândido José de Godoi,https://www.instagram.com/colegiogodoi/,https://www.facebook.com/colegiogodoipoars/,MAPEADO,01 CRE - Porto Alegre,Porto Alegre,
Colegio Estadual Cônego Paulo de Nadal,https://www.instagram.com/colegioconegopaulodenadal/,,MAPEADO,01 CRE - Porto Alegre,Porto Alegre,
Colegio Estadual Dom João Becker,https://www.instagram.com/colegiobecker/,https://www.facebook.com/colegiodomjoaobecker/,MAPEADO,01 CRE - Porto Alegre,Porto Alegre,
Colegio Estadual Dr Glicerio Alves,https://www.instagram.com/colegiodrglicerioalves/,https://www.facebook.com/danubiasouza.psi/,MAPEADO,01 CRE - Porto Alegre,Porto Alegre,
Colegio Estadual Elpidio Ferreira Paes,https://www.instagram.com/elpidioferreirapaes/,,MAPEADO,01 CRE - Porto Alegre,Porto Alegre,
Colegio Estadual Eng Ildo Meneghetti,https://www.instagram.com/emef.ildomeneghetti/,,MAPEADO,01 CRE - Porto Alegre,Porto Alegre,
Colegio Estadual Florinda Tubino Sampaio,https://www.instagram.com/colegiotubino/,https://www.facebook.com/florindatubinosampaio/,MAPEADO,01 CRE - Porto Alegre,Porto Alegre,
Colegio Estadual Francisco a Vieira Caldas Jr,https://www.instagram.com/colegiocaldasjr/,https://www.facebook.com/colegiocaldasjunior/,MAPEADO,01 CRE - Porto Alegre,Porto Alegre,
Colegio Estadual General Álvaro Alves da Silva Braga,https://www.instagram.com/c.egeneralalvaro/,https://www.facebook.com/arquivohistoricocascavelense/,MAPEADO,01 CRE - Porto Alegre,Porto Alegre,
Colegio Estadual Inácio Montanha,https://www.instagram.com/inaciomontanha.im/,https://www.facebook.com/profile.php?id=843994555691954,MAPEADO,01 CRE - Porto Alegre,Porto Alegre,
Colegio Estadual Japão,https://www.instagram.com/colegioestadualjapao_01.cre/,,MAPEADO,01 CRE - Porto Alegre,Porto Alegre,
Colegio Estadual Júlio de Castilhos,https://www.instagram.com/colegiojuliodecastilhos2025/,https://www.facebook.com/p/CE-Julio-de-Castilhos-100089831602545/,MAPEADO,01 CRE - Porto Alegre,Porto Alegre,
Colegio Estadual Marechal Floriano Peixoto,https://www.instagram.com/colegiomalfloriano,,MAPEADO,01 CRE - Porto Alegre,Porto Alegre,
Colegio Estadual Odila Gay da Fonseca,https://www.instagram.com/colegioodila/,https://www.facebook.com/colegioodila/,MAPEADO,01 CRE - Porto Alegre,Porto Alegre,
Colegio Estadual Padre Rambo,https://www.instagram.com/colegiopadrerambooficial/,https://www.facebook.com/gremioestudantilpadrerambo/,MAPEADO,01 CRE - Porto Alegre,Porto Alegre,
Colegio Estadual Parana,,,NÃO EXISTE,01 CRE - Porto Alegre,Porto Alegre,
Colegio Estadual Paula Soares,https://www.instagram.com/colegiopaulasoares,,MAPEADO,01 CRE - Porto Alegre,Porto Alegre,
Colegio Estadual Piratini,https://www.instagram.com/colegioestadualpiratini/,https://www.facebook.com/profile.php?id=843164205753095,MAPEADO,01 CRE - Porto Alegre,Porto Alegre,
Colegio Estadual Presidente Arthur da Costa e Silva,,,NÃO EXISTE,01 CRE - Porto Alegre,Porto Alegre,
Colegio Estadual Prof Elmano Lauffer Leal,https://www.instagram.com/laufferleal/,https://www.facebook.com/sueproseducrs/,MAPEADO,01 CRE - Porto Alegre,Porto Alegre,
Colegio Estadual Professor Otávio de Souza,https://www.instagram.com/colegiootaviodesouzapoa/,https://www.facebook.com/profile.php?id=784666624964077,MAPEADO,01 CRE - Porto Alegre,Porto Alegre,
Colegio Estadual Protásio Alves,https://www.instagram.com/col_protasio_alves/,https://www.facebook.com/profile.php?id=197269430300606,MAPEADO,01 CRE - Porto Alegre,Porto Alegre,
Colegio Estadual Ruben Berta,https://www.instagram.com/colegioestadualruben/,,MAPEADO,01 CRE - Porto Alegre,Porto Alegre,
Colegio Estadual de Ensino Medio Raul Pilla,,,NÃO EXISTE,01 CRE - Porto Alegre,Porto Alegre,
Colégio Tiradentes da Brigada Militar de Porto Alegre,https://www.instagram.com/colegiotiradentes_portoalegre/,,MAPEADO,01 CRE - Porto Alegre,Porto Alegre,
EEEd.Prof.Saúd no Hospital de Clínicas de Porto Alegre,https://www.instagram.com/eps_hcpa/,https://www.facebook.com/EPSHCPA/,MAPEADO,01 CRE - Porto Alegre,Porto Alegre,
Escola Estadual Educação Basica Almirante Bacelar,,,NÃO EXISTE,01 CRE - Porto Alegre,Porto Alegre,
Escola Estadual Educação Basica Apeles Porto Alegre,https://www.instagram.com/eeebapa/,https://www.facebook.com/pages/Escola-Estadual-de-Educa%C3%A7%C3%A3o-B%C3%A1sica-Apeles-Porto-Alegre/404935042856677,MAPEADO,01 CRE - Porto Alegre,Porto Alegre,
Escola Estadual Educação Basica Dolores Alcaraz Caldas,https://www.instagram.com/escola.doloresalcarazcaldas/,,MAPEADO,01 CRE - Porto Alegre,Porto Alegre,
Escola Estadual Educação Basica Fernando Gomes,https://www.instagram.com/escola_ildefonso/,,MAPEADO,01 CRE - Porto Alegre,Porto Alegre,
Escola Estadual Educação Basica Gomes Carneiro,https://www.instagram.com/escola_gomescarneiro/,https://www.facebook.com/EscolaMedianeira/,MAPEADO,01 CRE - Porto Alegre,Porto Alegre,
Escola Estadual Educação Basica Monsenhor Leopoldo Hoff,https://www.instagram.com/escolaestadualmlh/,https://www.facebook.com/p/Escola-Estadual-Monsenhor-Leopoldo-Hoff-100063703472485/,MAPEADO,01 CRE - Porto Alegre,Porto Alegre,
Escola Estadual Educação Basica Presidente Roosevelt,https://www.instagram.com/eeeb_presidenteroosevelt/?hl=en,,MAPEADO,01 CRE - Porto Alegre,Porto Alegre,
Escola Estadual Ensino Fundamental Alceu Wamosy,https://www.instagram.com/alceuwamosy/,,MAPEADO,01 CRE - Porto Alegre,Porto Alegre,
Escola Estadual Ensino Fundamental Aldo Locatelli,https://www.instagram.com/escola_aldo_locatelli/,,MAPEADO,01 CRE - Porto Alegre,Porto Alegre,
Escola Estadual Ensino Fundamental Almirante Álvaro Alberto da Motta e Silva,https://www.instagram.com/escolamottaesilva,,MAPEADO,01 CRE - Porto Alegre,Porto Alegre,
Escola Estadual Ensino Fundamental Alvarenga Peixoto,https://www.instagram.com/escolaalvarengapeixoto/,,MAPEADO,01 CRE - Porto Alegre,Porto Alegre,
Escola Estadual Ensino Fundamental América,,,NÃO EXISTE,01 CRE - Porto Alegre,Porto Alegre,
Escola Estadual Ensino Fundamental Ana Neri,https://www.instagram.com/escolananeri/,https://www.facebook.com/sulhoqueiportoalegre/,MAPEADO,01 CRE - Porto Alegre,Porto Alegre,
Escola Estadual Ensino Fundamental Anita Garibaldi,,,NÃO EXISTE,01 CRE - Porto Alegre,Porto Alegre,
Escola Estadual Ensino Fundamental Araguaia,https://www.instagram.com/araguaia_escola/,,MAPEADO,01 CRE - Porto Alegre,Porto Alegre,
Escola Estadual Ensino Fundamental Araújo Porto Alegre,https://www.instagram.com/araujo_porto_alegre_/,,MAPEADO,01 CRE - Porto Alegre,Porto Alegre,
Escola Estadual Ensino Fundamental Araújo Viana,https://www.instagram.com/escolaaraujoviana/,https://www.facebook.com/efaraujovianamdc01crepoa/,MAPEADO,01 CRE - Porto Alegre,Porto Alegre,
Escola Estadual Ensino Fundamental Aurélio Reis,https://www.instagram.com/escolaaurelioreis/,,MAPEADO,01 CRE - Porto Alegre,Porto Alegre,
Escola Estadual Ensino Fundamental Açorianos,https://www.instagram.com/escola_acorianos/,https://www.facebook.com/leiturasdoatlantico/,MAPEADO,01 CRE - Porto Alegre,Porto Alegre,
Escola Estadual Ensino Fundamental Baependi,https://www.instagram.com/escolaestadualbaependi/,,MAPEADO,01 CRE - Porto Alegre,Porto Alegre,
Escola Estadual Ensino Fundamental Bahia,https://www.instagram.com/eeef_bahia/,https://www.facebook.com/EEEFItamarati/,MAPEADO,01 CRE - Porto Alegre,Porto Alegre,
Escola Estadual Ensino Fundamental Bento Gonçalves,https://www.instagram.com/eeefbentogoncalves/,,MAPEADO,01 CRE - Porto Alegre,Porto Alegre,
Escola Estadual Ensino Fundamental Brasília,https://www.instagram.com/escola.brasilia.poa.rs/,https://www.facebook.com/escolabrasiliapoa/,MAPEADO,01 CRE - Porto Alegre,Porto Alegre,
Escola Estadual Ensino Fundamental Brigadeiro Francisco de Lima e Silva,https://www.instagram.com/brigfranciscols/,,MAPEADO,01 CRE - Porto Alegre,Porto Alegre,
Escola Estadual Ensino Fundamental Brigadeiro Silva Paes,https://www.instagram.com/escolasilvapaes_rg/,,MAPEADO,01 CRE - Porto Alegre,Porto Alegre,
Escola Estadual Ensino Fundamental Camila Furtado Alves,,,NÃO EXISTE,01 CRE - Porto Alegre,Porto Alegre,
Escola Estadual Ensino Fundamental Cidade Jardim,https://www.instagram.com/cidadejardimescola/,https://www.facebook.com/EmefMarioQuintana/,MAPEADO,01 CRE - Porto Alegre,Porto Alegre,
Escola Estadual Ensino Fundamental Clotilde Cachapuz de Medeiros,https://www.instagram.com/escolaclotildecachapuz/,,MAPEADO,01 CRE - Porto Alegre,Porto Alegre,
Escola Estadual Ensino Fundamental Coelho Neto,https://www.instagram.com/escolafundamentalcoelhoneto/,,MAPEADO,01 CRE - Porto Alegre,Porto Alegre,
Escola Estadual Ensino Fundamental Coronel Aparício Borges,https://www.instagram.com/escolaaparicioborges/,,MAPEADO,01 CRE - Porto Alegre,Porto Alegre,
Escola Estadual Ensino Fundamental Coronel Tito Marques Fernandes,,,NÃO EXISTE,01 CRE - Porto Alegre,Porto Alegre,
Escola Estadual Ensino Fundamental Custodio de Mello,https://www.instagram.com/escolacustodiodemello/,https://www.facebook.com/p/EEEF-Cust%C3%B3dio-de-Mello-100064706750831/,MAPEADO,01 CRE - Porto Alegre,Porto Alegre,
Escola Estadual Ensino Fundamental Cândido Portinari,https://www.instagram.com/colegiocandidoportinari/,,MAPEADO,01 CRE - Porto Alegre,Porto Alegre,
Escola Estadual Ensino Fundamental Danilo Antônio Zaffari,https://www.instagram.com/efdanilozaffari/,,MAPEADO,01 CRE - Porto Alegre,Porto Alegre,
Escola Estadual Ensino Fundamental David Canabarro,https://www.instagram.com/davidcanabarro07/,,MAPEADO,01 CRE - Porto Alegre,Porto Alegre,
Escola Estadual Ensino Fundamental Desiderio Torquato Finamor,https://www.instagram.com/escoladesiderio/,https://www.facebook.com/desideriofinamor/,MAPEADO,01 CRE - Porto Alegre,Porto Alegre,
Escola Estadual Ensino Fundamental Dom Pedro I,https://www.instagram.com/dompedroi_oficial/,,MAPEADO,01 CRE - Porto Alegre,Porto Alegre,
Escola Estadual Ensino Fundamental Dona Luiza Freitas Vale Aranha,https://www.instagram.com/escola_d_luiza_vale_aranha/,,MAPEADO,01 CRE - Porto Alegre,Porto Alegre,
Escola Estadual Ensino Fundamental Dr Carlos Barbosa Gonçalves,https://www.instagram.com/escolacarlosbarbosa_/,,MAPEADO,01 CRE - Porto Alegre,Porto Alegre,
Escola Estadual Ensino Fundamental Dr Emílio Kemp,https://www.instagram.com/escolaemiliokemp/,,MAPEADO,01 CRE - Porto Alegre,Porto Alegre,
Escola Estadual Ensino Fundamental Dr Ferreira de Abreu,https://www.instagram.com/dr.ferreira.de.abreu/,,MAPEADO,01 CRE - Porto Alegre,Porto Alegre,
Escola Estadual Ensino Fundamental Dr Gustavo Armbrust,https://www.instagram.com/escola_gustavo_ambrust/,,MAPEADO,01 CRE - Porto Alegre,Porto Alegre,
Escola Estadual Ensino Fundamental Dr Herophilo Carvalho de Azambuja,,,NÃO EXISTE,01 CRE - Porto Alegre,Porto Alegre,
Escola Estadual Ensino Fundamental Dr José Loureiro da Silva,https://www.instagram.com/eeefloureiro/,https://www.facebook.com/historiasdapontagrossa/,MAPEADO,01 CRE - Porto Alegre,Porto Alegre,
Escola Estadual Ensino Fundamental Dr Martins Costa Júnior,https://www.instagram.com/eeefdeciomartinscosta/,,MAPEADO,01 CRE - Porto Alegre,Porto Alegre,
Escola Estadual Ensino Fundamental Dr Pacheco Prates,https://www.instagram.com/escola.pachecoprates/,,MAPEADO,01 CRE - Porto Alegre,Porto Alegre,
Escola Estadual Ensino Fundamental Dr Victor de Britto,https://www.instagram.com/escola.drvictordebritto/,https://www.facebook.com/lunarysbutantasp/,MAPEADO,01 CRE - Porto Alegre,Porto Alegre,
Escola Estadual Ensino Fundamental Duque de Caxias,https://www.instagram.com/caxiasduqueii/,,MAPEADO,01 CRE - Porto Alegre,Porto Alegre,
Escola Estadual Ensino Fundamental Décio Martins Costa,https://www.instagram.com/eeefdeciomartinscosta/,https://www.facebook.com/arquivohistoricocascavelense/,MAPEADO,01 CRE - Porto Alegre,Porto Alegre,
Escola Estadual Ensino Fundamental Eng Rodolfo Ahrons,,,NÃO EXISTE,01 CRE - Porto Alegre,Porto Alegre,
Escola Estadual Ensino Fundamental Espírito Santo,https://www.instagram.com/eeef_espiritosanto/,,MAPEADO,01 CRE - Porto Alegre,Porto Alegre,
Escola Estadual Ensino Fundamental Euclides da Cunha,https://www.instagram.com/escolaeuclidesdacunha_poa/,,MAPEADO,01 CRE - Porto Alegre,Porto Alegre,
Escola Estadual Ensino Fundamental Eva Carminatti,https://www.instagram.com/escolaevacarminatti/,,MAPEADO,01 CRE - Porto Alegre,Porto Alegre,
Escola Estadual Ensino Fundamental Evarista Flores da Cunha,https://www.instagram.com/escola_evarista/,,MAPEADO,01 CRE - Porto Alegre,Porto Alegre,
Escola Estadual Ensino Fundamental Evaristo Gonçalves Netto,https://www.instagram.com/escola_evaristo_g._netto/,,MAPEADO,01 CRE - Porto Alegre,Porto Alegre,
Escola Estadual Ensino Fundamental Fabiola Pinto Dornelles,https://www.instagram.com/fabi.olpintodornelles1192/,,MAPEADO,01 CRE - Porto Alegre,Porto Alegre,
Escola Estadual Ensino Fundamental Fernando Ferrari,,,NÃO EXISTE,01 CRE - Porto Alegre,Porto Alegre,
Escola Estadual Ensino Fundamental Gabriela Mistral,https://www.instagram.com/eeefgabrielamistral/,,MAPEADO,01 CRE - Porto Alegre,Porto Alegre,
Escola Estadual Ensino Fundamental Gen Iba Ilha Moreira,https://www.instagram.com/oficial.genibailhamoreira/,,MAPEADO,01 CRE - Porto Alegre,Porto Alegre,
Escola Estadual Ensino Fundamental General Daltro Filho,https://www.instagram.com/emefdaltro.filho,,MAPEADO,01 CRE - Porto Alegre,Porto Alegre,
Escola Estadual Ensino Fundamental General Neto,https://www.instagram.com/escolageneralneto/,,MAPEADO,01 CRE - Porto Alegre,Porto Alegre,
Escola Estadual Ensino Fundamental Genoveva da Costa Bernardes,https://www.instagram.com/escolagenoveva/,,MAPEADO,01 CRE - Porto Alegre,Porto Alegre,
Escola Estadual Ensino Fundamental Gonçalves Dias,https://www.instagram.com/escolagoncalvesdiasoficial/,,MAPEADO,01 CRE - Porto Alegre,Porto Alegre,
Escola Estadual Ensino Fundamental Heitor Villa Lobos,,,NÃO EXISTE,01 CRE - Porto Alegre,Porto Alegre,
Escola Estadual Ensino Fundamental Helena Litwin Schneider,https://www.instagram.com/escola_helena/,,MAPEADO,01 CRE - Porto Alegre,Porto Alegre,
Escola Estadual Ensino Fundamental Henrique Farjat,,,NÃO EXISTE,01 CRE - Porto Alegre,Porto Alegre,
Escola Estadual Ensino Fundamental Humaitá,,,NÃO EXISTE,01 CRE - Porto Alegre,Porto Alegre,
Escola Estadual Ensino Fundamental Ildefonso Gomes,https://www.instagram.com/escola_ildefonso/,,MAPEADO,01 CRE - Porto Alegre,Porto Alegre,
Escola Estadual Ensino Fundamental Imperatriz Leopoldina,https://www.instagram.com/escolaimperatrizleopoldina/,https://www.facebook.com/Imperatriz2012/,MAPEADO,01 CRE - Porto Alegre,Porto Alegre,
Escola Estadual Ensino Fundamental Irmão Miguel Dario,,,NÃO EXISTE,01 CRE - Porto Alegre,Porto Alegre,
Escola Estadual Ensino Fundamental Itamarati,https://www.instagram.com/escolaitamarati2/,,MAPEADO,01 CRE - Porto Alegre,Porto Alegre,
Escola Estadual Ensino Fundamental Jardim Vila Nova,,,NÃO EXISTE,01 CRE - Porto Alegre,Porto Alegre,
Escola Estadual Ensino Fundamental Jerônimo de Albuquerque,https://www.instagram.com/jero2.023/,https://www.facebook.com/blogdoeduardocostasandes/,MAPEADO,01 CRE - Porto Alegre,Porto Alegre,
Escola Estadual Ensino Fundamental Jerônimo de Ornelas,https://www.instagram.com/escolajeronimodeornelas/,,MAPEADO,01 CRE - Porto Alegre,Porto Alegre,
Escola Estadual Ensino Fundamental José Garibaldi,https://www.instagram.com/escola_josegaribaldi/,https://www.facebook.com/poapatrimonio/,MAPEADO,01 CRE - Porto Alegre,Porto Alegre,
Escola Estadual Ensino Fundamental Júlio Brunelli,https://www.instagram.com/escolajuliobrunelli/,,MAPEADO,01 CRE - Porto Alegre,Porto Alegre,
Escola Estadual Ensino Fundamental Lea Rosa Cechini Brum,,,NÃO EXISTE,01 CRE - Porto Alegre,Porto Alegre,
Escola Estadual Ensino Fundamental Lidia Moschetti,https://www.instagram.com/escola_lidia_moschetti/,,MAPEADO,01 CRE - Porto Alegre,Porto Alegre,
Escola Estadual Ensino Fundamental Lions Club Poa Farrapos,https://www.instagram.com/eeeflionsclubpoafarrapos/,,MAPEADO,01 CRE - Porto Alegre,Porto Alegre,
Escola Estadual Ensino Fundamental Luiz Gama,https://www.instagram.com/escolaluizgama/,https://www.facebook.com/extensaoufrgsvidaemjogo/,MAPEADO,01 CRE - Porto Alegre,Porto Alegre,
Escola Estadual Ensino Fundamental Luiz de Azambuja Soares,https://www.instagram.com/eeefluizazambujasoares/,,MAPEADO,01 CRE - Porto Alegre,Porto Alegre,
Escola Estadual Ensino Fundamental Lúciana de Abreu,https://www.instagram.com/escolaludeabreu/,https://www.facebook.com/infocimol/,MAPEADO,01 CRE - Porto Alegre,Porto Alegre,
Escola Estadual Ensino Fundamental Machado de Assis,,,NÃO EXISTE,01 CRE - Porto Alegre,Porto Alegre,
Escola Estadual Ensino Fundamental Madre Maria Selima,,,NÃO EXISTE,01 CRE - Porto Alegre,Porto Alegre,
Escola Estadual Ensino Fundamental Major Miguel José Pereira,https://www.instagram.com/_turma92_major/,https://www.facebook.com/eemajor.miguel/,MAPEADO,01 CRE - Porto Alegre,Porto Alegre,
Escola Estadual Ensino Fundamental Mane Garrincha CIEP Esportivo,https://www.instagram.com/escolamanegarrincha/,,MAPEADO,01 CRE - Porto Alegre,Porto Alegre,
Escola Estadual Ensino Fundamental Margarida Coelho de Souza,https://www.instagram.com/margaridacoelsouza/,https://www.facebook.com/p/Guiazapp-Cat%C3%A1lago-100063511003314/,MAPEADO,01 CRE - Porto Alegre,Porto Alegre,
Escola Estadual Ensino Fundamental Maria Cristina Chika,,,NÃO EXISTE,01 CRE - Porto Alegre,Porto Alegre,
Escola Estadual Ensino Fundamental Maria José Mabilde,,,NÃO EXISTE,01 CRE - Porto Alegre,Porto Alegre,
Escola Estadual Ensino Fundamental Matias de Albuquerque,https://www.instagram.com/escolamatiasdealbuquerque/,,MAPEADO,01 CRE - Porto Alegre,Porto Alegre,
Escola Estadual Ensino Fundamental Maurício Sirotsky Sobrinho,https://www.instagram.com/escolamauriciosirotsky/?hl=en,,MAPEADO,01 CRE - Porto Alegre,Porto Alegre,
Escola Estadual Ensino Fundamental Medianeira,,,NÃO EXISTE,01 CRE - Porto Alegre,Porto Alegre,
Escola Estadual Ensino Fundamental Ministro Poty Medeiros,https://www.instagram.com/eeefpotymedeiros/,,MAPEADO,01 CRE - Porto Alegre,Porto Alegre,
Escola Estadual Ensino Fundamental Ministro Salgado Filho,https://www.instagram.com/escola_salgado_filho_alvorada/,,MAPEADO,01 CRE - Porto Alegre,Porto Alegre,
Escola Estadual Ensino Fundamental Monsenhor Roberto Landell de Moura,https://www.instagram.com/escola.landell/,https://www.facebook.com/p/Escola-Landell-de-Moura-100063812962251/,MAPEADO,01 CRE - Porto Alegre,Porto Alegre,
Escola Estadual Ensino Fundamental Monte Libano,https://www.instagram.com/monte_libano24/,,MAPEADO,01 CRE - Porto Alegre,Porto Alegre,
Escola Estadual Ensino Fundamental Nehyta Martins Ramos,https://www.instagram.com/escolanehyta,,MAPEADO,01 CRE - Porto Alegre,Porto Alegre,
Escola Estadual Ensino Fundamental Nossa Senhora da Conceição,,,NÃO EXISTE,01 CRE - Porto Alegre,Porto Alegre,
Escola Estadual Ensino Fundamental Olegario Mariano,https://www.instagram.com/eeefolegariomariano/,,MAPEADO,01 CRE - Porto Alegre,Porto Alegre,
Escola Estadual Ensino Fundamental Onofre Pires,https://www.instagram.com/escolaonofrepires.poa/,,MAPEADO,01 CRE - Porto Alegre,Porto Alegre,
Escola Estadual Ensino Fundamental Oscar Schmitt,https://www.instagram.com/escolaoscarschmitt/,,MAPEADO,01 CRE - Porto Alegre,Porto Alegre,
Escola Estadual Ensino Fundamental Oswaldo Vergara,https://www.instagram.com/oswaldovergarapoli2023,,MAPEADO,01 CRE - Porto Alegre,Porto Alegre,
Escola Estadual Ensino Fundamental Osório Duque Estrada,https://www.instagram.com/escolaosorioduqueestrada/,https://www.facebook.com/poapatrimonio/,MAPEADO,01 CRE - Porto Alegre,Porto Alegre,
Escola Estadual Ensino Fundamental Othelo Rosa,https://www.instagram.com/escolaothelorosa/,https://www.facebook.com/EscolaEstadualDeEnsinoFundamentalOtheloRosa/,MAPEADO,01 CRE - Porto Alegre,Porto Alegre,
Escola Estadual Ensino Fundamental Otávio Mangabeira,,,NÃO EXISTE,01 CRE - Porto Alegre,Porto Alegre,
Escola Estadual Ensino Fundamental Padre Balduíno Rambo,https://www.instagram.com/eeefpadrebalduino/,,MAPEADO,01 CRE - Porto Alegre,Porto Alegre,
Escola Estadual Ensino Fundamental Padre Leo,https://www.instagram.com/escola_padre_leo/,,MAPEADO,01 CRE - Porto Alegre,Porto Alegre,
Escola Estadual Ensino Fundamental Paraiba CIEP,https://www.instagram.com/paraibaciep/,https://www.facebook.com/paraibaciep/,MAPEADO,01 CRE - Porto Alegre,Porto Alegre,
Escola Estadual Ensino Fundamental Paul Harris,https://www.instagram.com/eeefpaul/,https://www.facebook.com/p/Not%C3%ADcias-Di%C3%A1rias-100063468043177/,MAPEADO,01 CRE - Porto Alegre,Porto Alegre,
Escola Estadual Ensino Fundamental Paulina Moresco,https://www.instagram.com/paulinamoresco/,https://www.facebook.com/p/E-E-E-F-Paulina-Moresco-100063571718652/,MAPEADO,01 CRE - Porto Alegre,Porto Alegre,
Escola Estadual Ensino Fundamental Pedro Américo,,,NÃO EXISTE,01 CRE - Porto Alegre,Porto Alegre,
Escola Estadual Ensino Fundamental Pedro Sirangelo,,,NÃO EXISTE,01 CRE - Porto Alegre,Porto Alegre,
Escola Estadual Ensino Fundamental Piaui,https://www.instagram.com/piaui_ofc/,https://www.facebook.com/p/Escola-Estadual-Piau%C3%AD-61570246997087/,MAPEADO,01 CRE - Porto Alegre,Porto Alegre,
Escola Estadual Ensino Fundamental Poncho Verde,https://www.instagram.com/escolaponcheverde2024,,MAPEADO,01 CRE - Porto Alegre,Porto Alegre,
Escola Estadual Ensino Fundamental Porto Alegre,https://www.instagram.com/eeebapa/,,MAPEADO,01 CRE - Porto Alegre,Porto Alegre,
Escola Estadual Ensino Fundamental Prof Carlos Rodrigues da Silva,https://www.instagram.com/escolacarlosrodriguesoficial/,https://www.facebook.com/p/EEEF-Professor-Carlos-Rodrigues-da-Silva-100070009372588/,MAPEADO,01 CRE - Porto Alegre,Porto Alegre,
Escola Estadual Ensino Fundamental Prof Edgar Luiz Schneider,https://www.instagram.com/escolaedgarluizschneider/,,MAPEADO,01 CRE - Porto Alegre,Porto Alegre,
Escola Estadual Ensino Fundamental Professor Afonso Guerreiro Lima,https://www.instagram.com/emef_afonsoguerreirolima/,,MAPEADO,01 CRE - Porto Alegre,Porto Alegre,
Escola Estadual Ensino Fundamental Professor Ivo Corseuil,https://www.instagram.com/ivo_corseuil/,https://www.facebook.com/p/EE-de-Ensino-Fundamental-Prof-Ivo-Corseuil-100057174322888/,MAPEADO,01 CRE - Porto Alegre,Porto Alegre,
Escola Estadual Ensino Fundamental Professor Leopoldo Tietbohl,https://www.instagram.com/escolaleopoldotietbohloficial,,MAPEADO,01 CRE - Porto Alegre,Porto Alegre,
Escola Estadual Ensino Fundamental Professor Olintho de Oliveira,https://www.instagram.com/escolaolinthodeoliveira/,,MAPEADO,01 CRE - Porto Alegre,Porto Alegre,
Escola Estadual Ensino Fundamental Professor Sylvio Torres,,,NÃO EXISTE,01 CRE - Porto Alegre,Porto Alegre,
Escola Estadual Ensino Fundamental Professora Aurora Peixoto de Azevedo,https://www.instagram.com/escolaaurorapeixoto.azevedo/,,MAPEADO,01 CRE - Porto Alegre,Porto Alegre,
Escola Estadual Ensino Fundamental Professora Branca Diva Pereira de Souza,https://www.instagram.com/araguaia_escola/,,MAPEADO,01 CRE - Porto Alegre,Porto Alegre,
Escola Estadual Ensino Fundamental Professora Luiza Teixeira Lauffer,https://www.instagram.com/eeefluizateixeiralauffer/,,MAPEADO,01 CRE - Porto Alegre,Porto Alegre,
Escola Estadual Ensino Fundamental Professora Marieta da Cunha Silva,,,NÃO EXISTE,01 CRE - Porto Alegre,Porto Alegre,
Escola Estadual Ensino Fundamental Professora Marina Martins de Souza,,,NÃO EXISTE,01 CRE - Porto Alegre,Porto Alegre,
Escola Estadual Ensino Fundamental Professora Thereza Noronha Carvalho,https://www.instagram.com/escolaproftherezanoronha/,,MAPEADO,01 CRE - Porto Alegre,Porto Alegre,
Escola Estadual Ensino Fundamental Professora Violeta Magalhães,,,NÃO EXISTE,01 CRE - Porto Alegre,Porto Alegre,
Escola Estadual Ensino Fundamental Professores Langendonck,,,NÃO EXISTE,01 CRE - Porto Alegre,Porto Alegre,
Escola Estadual Ensino Fundamental Prudente de Morais,,,NÃO EXISTE,01 CRE - Porto Alegre,Porto Alegre,
Escola Estadual Ensino Fundamental Rafael Pinto Bandeira,https://www.instagram.com/pintobandeira2023/,https://www.facebook.com/lunarysbutantasp/,MAPEADO,01 CRE - Porto Alegre,Porto Alegre,
Escola Estadual Ensino Fundamental Rio de Janeiro,,,NÃO EXISTE,01 CRE - Porto Alegre,Porto Alegre,
Escola Estadual Ensino Fundamental Santa Luzia,,,NÃO EXISTE,01 CRE - Porto Alegre,Porto Alegre,
Escola Estadual Ensino Fundamental Santa Rita de Cássia,,,NÃO EXISTE,01 CRE - Porto Alegre,Porto Alegre,
Escola Estadual Ensino Fundamental Simões Lopes Neto,https://www.instagram.com/simoessempre/,https://www.facebook.com/EscolaSimoesLopes/,MAPEADO,01 CRE - Porto Alegre,Porto Alegre,
Escola Estadual Ensino Fundamental Solimoes,,,NÃO EXISTE,01 CRE - Porto Alegre,Porto Alegre,
Escola Estadual Ensino Fundamental Souza Lobo,https://www.instagram.com/escolasouzalobo/,,MAPEADO,01 CRE - Porto Alegre,Porto Alegre,
Escola Estadual Ensino Fundamental São Caetano,,,NÃO EXISTE,01 CRE - Porto Alegre,Porto Alegre,
Escola Estadual Ensino Fundamental São Francisco de Assis,https://www.instagram.com/escolaestadualsaofrancisco_/,,MAPEADO,01 CRE - Porto Alegre,Porto Alegre,
Escola Estadual Ensino Fundamental Tancredo Neves,https://www.instagram.com/eeef.tancredo.neves/,,MAPEADO,01 CRE - Porto Alegre,Porto Alegre,
Escola Estadual Ensino Fundamental Tenente Coronel Travassos Alves,,,NÃO EXISTE,01 CRE - Porto Alegre,Porto Alegre,
Escola Estadual Ensino Fundamental Toyama,https://www.instagram.com/escolatoyama/,https://www.facebook.com/EEEFToyama/,MAPEADO,01 CRE - Porto Alegre,Porto Alegre,
Escola Estadual Ensino Fundamental Três de Outubro,https://www.instagram.com/escola3deoutubro,,MAPEADO,01 CRE - Porto Alegre,Porto Alegre,
Escola Estadual Ensino Fundamental Uruguai,https://www.instagram.com/esc.uruguai/,,MAPEADO,01 CRE - Porto Alegre,Porto Alegre,
Escola Estadual Ensino Fundamental Venezuela,,,NÃO EXISTE,01 CRE - Porto Alegre,Porto Alegre,
Escola Estadual Ensino Fundamental Vera Cruz,,,NÃO EXISTE,01 CRE - Porto Alegre,Porto Alegre,
Escola Estadual Ensino Fundamental Vicente da Fontoura,,,NÃO EXISTE,01 CRE - Porto Alegre,Porto Alegre,
Escola Estadual Ensino Fundamental Vila Cruzeiro do Sul,https://www.instagram.com/ieecruzeiro/,,MAPEADO,01 CRE - Porto Alegre,Porto Alegre,
Escola Estadual Ensino Fundamental Vinte de Setembro,https://www.instagram.com/ee20odb/,,MAPEADO,01 CRE - Porto Alegre,Porto Alegre,
Escola Estadual Ensino Fundamental Visconde de Pelotas,https://www.instagram.com/escolaviscondedepelotas/,https://www.facebook.com/panoramalavrenseoficial/,MAPEADO,01 CRE - Porto Alegre,Porto Alegre,
Escola Estadual Ensino Fundamental William Richard Schisler,https://www.instagram.com/escolaestadualwilliamrichard/,,MAPEADO,01 CRE - Porto Alegre,Porto Alegre,
Escola Estadual Ensino Fundamental na Vila Jardim Renascenca,https://www.instagram.com/escolarenascenca/,,MAPEADO,01 CRE - Porto Alegre,Porto Alegre,
Escola Estadual Ensino Fundamental Érico Veríssimo,https://www.instagram.com/eeemericoverissimo/,,MAPEADO,01 CRE - Porto Alegre,Porto Alegre,
Escola Estadual Ensino Medio Agronomo Pedro Pereira,https://www.instagram.com/eja.app/,https://www.facebook.com/NaoFecheaEjaAPP/,MAPEADO,01 CRE - Porto Alegre,Porto Alegre,
Escola Estadual Ensino Medio Alberto Torres,https://www.instagram.com/escolaalberto.torres/,https://www.facebook.com/p/AT-EEEM-Alberto-Torres-100064883282963/,MAPEADO,01 CRE - Porto Alegre,Porto Alegre,
Escola Estadual Ensino Medio Almirante Barroso,https://www.instagram.com/almirantebarroso01/,,MAPEADO,01 CRE - Porto Alegre,Porto Alegre,
Escola Estadual Ensino Medio Anne Frank,,,NÃO EXISTE,01 CRE - Porto Alegre,Porto Alegre,
Escola Estadual Ensino Medio Antao de Faria,https://www.instagram.com/escolaantaodefaria/,,MAPEADO,01 CRE - Porto Alegre,Porto Alegre,
Escola Estadual Ensino Medio Baltazar de Oliveira Garcia,https://www.instagram.com/escola_bog/,https://www.facebook.com/EEEMBOG/,MAPEADO,01 CRE - Porto Alegre,Porto Alegre,
Escola Estadual Ensino Medio Ceara,,,NÃO EXISTE,01 CRE - Porto Alegre,Porto Alegre,
Escola Estadual Ensino Medio Cristóvão Colombo,https://www.instagram.com/eeemcristovaocolombo/,https://www.facebook.com/VinimunewsNoticias/,MAPEADO,01 CRE - Porto Alegre,Porto Alegre,
Escola Estadual Ensino Medio Dr Oscar Tollens,https://www.instagram.com/escolaoscartollens/,,MAPEADO,01 CRE - Porto Alegre,Porto Alegre,
Escola Estadual Ensino Medio Infante Dom Henrique,https://www.instagram.com/eeeminfantedomhenrique/,https://www.facebook.com/pages/Escola-Estadual-de-Ensino-M%C3%A9dio-Infante-Dom-Henrique/353061541435819,MAPEADO,01 CRE - Porto Alegre,Porto Alegre,
Escola Estadual Ensino Medio Italia,https://www.instagram.com/noturnoitalia/,https://www.facebook.com/pages/Escola-Estadual-De-Ensino-M%C3%A9dio-It%C3%A1lia/871301612947236,MAPEADO,01 CRE - Porto Alegre,Porto Alegre,
Escola Estadual Ensino Medio José do Patrocínio,,,NÃO EXISTE,01 CRE - Porto Alegre,Porto Alegre,
Escola Estadual Ensino Medio Mariz e Barros,https://www.instagram.com/escolaestadualdeemarizebarros/,https://www.facebook.com/p/ESCOLA-ESTADUAL-DE-ENSINO-M%C3%89DIO-MARIZ-E-BARROS-100041574917701/,MAPEADO,01 CRE - Porto Alegre,Porto Alegre,
Escola Estadual Ensino Medio Nações Unidas,,,NÃO EXISTE,01 CRE - Porto Alegre,Porto Alegre,
Escola Estadual Ensino Medio Oscar Coelho de Souza,https://www.instagram.com/oscarcoelho.s/,,MAPEADO,01 CRE - Porto Alegre,Porto Alegre,
Escola Estadual Ensino Medio Otávio Rocha,https://www.instagram.com/escolaotaviorocha/,https://www.facebook.com/p/Escola-Estadual-Ot%C3%A1vio-Rocha-100067234191515/,MAPEADO,01 CRE - Porto Alegre,Porto Alegre,
Escola Estadual Ensino Medio Padre Reus,https://www.instagram.com/padrereusescola/,,MAPEADO,01 CRE - Porto Alegre,Porto Alegre,
Escola Estadual Ensino Medio Presidente Costa e Silva,https://www.instagram.com/presidentecostaesilva01/,,MAPEADO,01 CRE - Porto Alegre,Porto Alegre,
Escola Estadual Ensino Medio Professor Alcides Cunha,https://www.instagram.com/escolalcidescunha2025/,,MAPEADO,01 CRE - Porto Alegre,Porto Alegre,
Escola Estadual Ensino Medio Professor Júlio Grau,https://www.instagram.com/escolajuliograu,,MAPEADO,01 CRE - Porto Alegre,Porto Alegre,
Escola Estadual Ensino Medio Professor Oscar Pereira,https://www.instagram.com/escola.pop/,https://www.facebook.com/p/EEEM-Professor-Oscar-Pereira-100054218121219/,MAPEADO,01 CRE - Porto Alegre,Porto Alegre,
Escola Estadual Ensino Medio Professor Sarmento Leite,https://www.instagram.com/escolasarmentoleite/,,MAPEADO,01 CRE - Porto Alegre,Porto Alegre,
Escola Estadual Ensino Medio Rafaela Remiao,,,NÃO EXISTE,01 CRE - Porto Alegre,Porto Alegre,
Escola Estadual Ensino Medio República Argentina,https://www.instagram.com/peirepublicaargentina/,,MAPEADO,01 CRE - Porto Alegre,Porto Alegre,
Escola Estadual Ensino Medio Roque Gonzales,https://www.instagram.com/roquenarede/,https://www.facebook.com/E.E.E.M.RoqueGonzales/,MAPEADO,01 CRE - Porto Alegre,Porto Alegre,
Escola Estadual Ensino Medio Santa Rosa,https://www.instagram.com/escolasantarosa.rs/,https://www.facebook.com/EscolaMedianeira/,MAPEADO,01 CRE - Porto Alegre,Porto Alegre,
Escola Estadual Ensino Medio Santos Dumont,https://www.instagram.com/esantosdumont.poa/,,MAPEADO,01 CRE - Porto Alegre,Porto Alegre,
Escola Estadual Ensino Medio Senador Pasqualini,,,NÃO EXISTE,01 CRE - Porto Alegre,Porto Alegre,
Escola Estadual Ensino Medio Tom Jobim,,,NÃO EXISTE,01 CRE - Porto Alegre,Porto Alegre,
Escola Estadual Ensino Medio Visconde do Rio Grande,https://www.instagram.com/ecim.visconde/,https://www.facebook.com/viscondao2020/,MAPEADO,01 CRE - Porto Alegre,Porto Alegre,
Escola Estadual Ensino Medio para Surdos Prof Lilia Mazeron,https://www.instagram.com/escolasurdos_liliamazeron,,MAPEADO,01 CRE - Porto Alegre,Porto Alegre,
Escola Estadual Especial Cristo Redentor,https://www.instagram.com/eeespecialcristoredentor/,,MAPEADO,01 CRE - Porto Alegre,Porto Alegre,
Escola Estadual Especial Recanto da Alegria,https://www.instagram.com/eeerecantodaalegria/,https://www.facebook.com/filobeijaflor/,MAPEADO,01 CRE - Porto Alegre,Porto Alegre,
Escola Estadual Especial Renascenca,https://www.instagram.com/escolaespecialrenascenca/,,MAPEADO,01 CRE - Porto Alegre,Porto Alegre,
Escola Estadual Indigena EM Anhetengua,,,NÃO EXISTE,01 CRE - Porto Alegre,Porto Alegre,
Escola Estadual Indigena Ensino Fundamental Fag Nhin,https://www.instagram.com/escolafagnhin/,,MAPEADO,01 CRE - Porto Alegre,Porto Alegre,
Escola Estadual Indigena Ensino Fundamental Ka Aguy Miri,,,NÃO EXISTE,01 CRE - Porto Alegre,Porto Alegre,
Escola Estadual Indigena Ensino Fundamental Pindo Poty,https://www.instagram.com/esc_pedropoti/,,MAPEADO,01 CRE - Porto Alegre,Porto Alegre,
Escola Estadual Indigena Ensino Fundamental Tupe Pan,,,NÃO EXISTE,01 CRE - Porto Alegre,Porto Alegre,
Escola Estadual Normal 1 de Maio,,,NÃO EXISTE,01 CRE - Porto Alegre,Porto Alegre,
Escola Técnica Estadual Irmão Pedro,https://www.instagram.com/escolatecnicairmaopedro/,https://www.facebook.com/p/Escola-T%C3%A9cnica-Irm%C3%A3o-Pedro-Porto-AlegreRS-100063752913933/,MAPEADO,01 CRE - Porto Alegre,Porto Alegre,
Escola Técnica Estadual José Feijó,https://www.instagram.com/josefeijooficial/,https://www.facebook.com/profile.php?id=122968881047802,MAPEADO,01 CRE - Porto Alegre,Porto Alegre,
Escola Técnica Estadual Parobé,,,NÃO EXISTE,01 CRE - Porto Alegre,Porto Alegre,
Escola Técnica Estadual Senador Ernesto Dornelles,https://www.instagram.com/eternestodornelles/,https://www.facebook.com/p/Escola-T%C3%A9cnica-Estadual-Senador-Ernesto-Dornelles-100063791657856/,MAPEADO,01 CRE - Porto Alegre,Porto Alegre,
Instituto Estadual Dom Diogo de Souza,https://www.instagram.com/iedomdiogo/?hl=en,,MAPEADO,01 CRE - Porto Alegre,Porto Alegre,
Instituto Estadual Educação General Flores da Cunha,https://www.instagram.com/iegenfloresdacunha/,,MAPEADO,01 CRE - Porto Alegre,Porto Alegre,
Instituto Estadual Educação Paulo da Gama,https://www.instagram.com/institutopaulodagama/,,MAPEADO,01 CRE - Porto Alegre,Porto Alegre,
Instituto Estadual Professora Gema Angelina Belia,https://www.instagram.com/gemaangelinabelia/,,MAPEADO,01 CRE - Porto Alegre,Porto Alegre,
Instituto Estadual Rio Branco,,,NÃO EXISTE,01 CRE - Porto Alegre,Porto Alegre,
Nucl e EJA e Cp Cardeal Alfredo Vicente Scherer,https://www.instagram.com/neejavicentescherer/,,MAPEADO,01 CRE - Porto Alegre,Porto Alegre,
Nucl e EJA e Cp Darcy Ribeiro,https://www.instagram.com/neejadarcyribeiro/,https://www.facebook.com/Neejadarcyribeiro/,MAPEADO,01 CRE - Porto Alegre,Porto Alegre,
Nucl e EJA e Cp Darcy Vargas,,,NÃO EXISTE,01 CRE - Porto Alegre,Porto Alegre,
Nucl e EJA e Cp Desembargador Alaor Antônio Terra,,,NÃO EXISTE,01 CRE - Porto Alegre,Porto Alegre,
Nucl e EJA e Cp Julieta Villamil Balestro,,,NÃO EXISTE,01 CRE - Porto Alegre,Porto Alegre,
Nucl e EJA e Cp Menino Deus,https://www.instagram.com/neejacpmenino/,,MAPEADO,01 CRE - Porto Alegre,Porto Alegre,
Nucl e EJA e Cp Paulo Freire,https://www.instagram.com/cmetpaulofreire/,https://www.facebook.com/neejapaulofreirecp/,MAPEADO,01 CRE - Porto Alegre,Porto Alegre,
Escola Estadual Ensino Medio Assunção,https://www.instagram.com/eeemassuncao_/,https://www.facebook.com/eeemassuncao/,MAPEADO,02 CRE - São Leopoldo,Alto Feliz,
Escola Estadual Ensino Fundamental José de Oliveira Neto,,,NÃO EXISTE,02 CRE - São Leopoldo,Araricá,
Escola Estadual Ensino Medio de Ararica,https://www.instagram.com/eeemararica/,,MAPEADO,02 CRE - São Leopoldo,Araricá,
Escola Estadual Ensino Fundamental Cônego Caspary,https://www.instagram.com/conegocaspary/,,MAPEADO,02 CRE - São Leopoldo,Barão,
Escola Estadual Ensino Fundamental José Emílio Poersch,https://www.instagram.com/escolajoseemilio/,,MAPEADO,02 CRE - São Leopoldo,Barão,
Instituto Estadual Educação Assunta Fortini,https://www.instagram.com/institutoassuntafortini/,,MAPEADO,02 CRE - São Leopoldo,Barão,
Escola Estadual Ensino Fundamental Pio XII,https://www.instagram.com/pioxii02cre/,,MAPEADO,02 CRE - São Leopoldo,Bom Princípio,
Escola Estadual Ensino Fundamental Santa Terezinha do Forromeco,https://www.instagram.com/santateresinha2494,,MAPEADO,02 CRE - São Leopoldo,Bom Princípio,
Escola Estadual Ensino Medio Monsenhor José Becker,,,NÃO EXISTE,02 CRE - São Leopoldo,Bom Princípio,
Escola Estadual Ensino Medio Erni Oscar Fauth,https://www.instagram.com/ernioscarfauth/,,MAPEADO,02 CRE - São Leopoldo,Brochier,
Escola Estadual Ensino Fundamental João Blos,https://www.instagram.com/escola_joao_blos/,https://www.facebook.com/cstiradentes/,MAPEADO,02 CRE - São Leopoldo,Campo Bom,
Escola Estadual Ensino Medio Fernando Ferrari,https://www.instagram.com/emgtifernandoferrari/,https://www.facebook.com/eeemfferrari/,MAPEADO,02 CRE - São Leopoldo,Campo Bom,
Escola Estadual Ensino Medio Ildefonso Pinto,https://www.instagram.com/eeemildefonsopinto/,,MAPEADO,02 CRE - São Leopoldo,Campo Bom,
Escola Estadual Ensino Medio La Salle,https://www.instagram.com/esclasalle.campobom/,https://www.facebook.com/lasallecb/,MAPEADO,02 CRE - São Leopoldo,Campo Bom,
Escola Técnica Estadual 31 de Janeiro,https://www.instagram.com/escola31dejaneiro/,,MAPEADO,02 CRE - São Leopoldo,Campo Bom,
Escola Estadual Ensino Fundamental de Estação Azevedo,,,NÃO EXISTE,02 CRE - São Leopoldo,Capela de Santana,
Escola Estadual Indigena EF Nojagta,,,NÃO EXISTE,02 CRE - São Leopoldo,Capela de Santana,
Instituto Estadual Manoel de Almeida Ramos,https://www.instagram.com/iemar_oficial,,MAPEADO,02 CRE - São Leopoldo,Capela de Santana,
Escola Estadual Ensino Fundamental João Grawer Filho,,,NÃO EXISTE,02 CRE - São Leopoldo,Dois Irmãos,
Escola Estadual Ensino Medio 10 de Setembro,https://www.instagram.com/escola10_de_setembro/,,MAPEADO,02 CRE - São Leopoldo,Dois Irmãos,
Escola Estadual Técnica Affonso Wolf,https://www.instagram.com/escolaaffonsowolf,,MAPEADO,02 CRE - São Leopoldo,Dois Irmãos,
Colegio Estadual 8 de Setembro,https://www.instagram.com/colegio8desetembro,,MAPEADO,02 CRE - São Leopoldo,Estância Velha,
Escola Estadual Ensino Fundamental Humberto de Campos,,,NÃO EXISTE,02 CRE - São Leopoldo,Estância Velha,
Escola Estadual Ensino Medio Princesa Isabel,https://www.instagram.com/escolaprincesa.ev/,https://www.facebook.com/profile.php?id=267034453403786,MAPEADO,02 CRE - São Leopoldo,Estância Velha,
Colegio Estadual Professor Jacób Milton Bennemann,https://www.instagram.com/colegiojmb/,,MAPEADO,02 CRE - São Leopoldo,Feliz,
Escola Estadual Ensino Fundamental Ivonny Kayser,,,NÃO EXISTE,02 CRE - São Leopoldo,Feliz,
Escola Estadual Ensino Fundamental Maria Saturnina Ruschel,https://www.instagram.com/esc.estadualsaturninaruschel/,,MAPEADO,02 CRE - São Leopoldo,Feliz,
Escola Estadual Ensino Fundamental Marquês do Herval,https://www.instagram.com/emefmarques/,,MAPEADO,02 CRE - São Leopoldo,Feliz,
Escola Estadual Ensino Medio Jacób Hoff,https://www.instagram.com/escola_jacobhoff/,,MAPEADO,02 CRE - São Leopoldo,Harmonia,
Escola Estadual Ensino Fundamental Figueiras,https://www.instagram.com/escolafigueiras/,,MAPEADO,02 CRE - São Leopoldo,Igrejinha,
Escola Estadual Ensino Fundamental Promorar,https://www.instagram.com/escolapromorar/,,MAPEADO,02 CRE - São Leopoldo,Igrejinha,
Escola Estadual Ensino Medio Berthalina Kirsch,https://www.instagram.com/kirschberthalina,,MAPEADO,02 CRE - São Leopoldo,Igrejinha,
Instituto Estadual Educação Olivia Lahm Hirt,https://www.instagram.com/olivialahmhirt/,,MAPEADO,02 CRE - São Leopoldo,Igrejinha,
Escola Estadual Educação Basica Prof Mathias Schutz,https://www.instagram.com/eeeb.profmathiasschutz/,,MAPEADO,02 CRE - São Leopoldo,Ivoti,
Escola Estadual Ensino Medio Walter Herrmann,https://www.instagram.com/escola_walter_herrmann/,,MAPEADO,02 CRE - São Leopoldo,Lindolfo Collor,
Escola Estadual Ensino Medio Pastor Heinrich Hunsche,,,NÃO EXISTE,02 CRE - São Leopoldo,Linha Nova,
Colegio Estadual Engenheiro Paulo Chaves,https://www.instagram.com/col.eng.paulochaves/,,MAPEADO,02 CRE - São Leopoldo,Maratá,
Colegio Estadual Dr Paulo Ribeiro Campos,https://www.instagram.com/polivalentemontenegro/,,MAPEADO,02 CRE - São Leopoldo,Montenegro,
Colegio Estadual Ivo Buhler CIEP,https://www.instagram.com/montenegrociep/,,MAPEADO,02 CRE - São Leopoldo,Montenegro,
Colegio Estadual a J Renner,https://www.instagram.com/ajrennercolegio/,https://www.facebook.com/lunarysbutantasp/,MAPEADO,02 CRE - São Leopoldo,Montenegro,
Escola Estadual Ensino Fundamental Adelaide Sa Brito,https://www.instagram.com/escolaadelaidesabrito/,,MAPEADO,02 CRE - São Leopoldo,Montenegro,
Escola Estadual Ensino Fundamental Adão Martini,https://www.instagram.com/escolaadaomartini/,,MAPEADO,02 CRE - São Leopoldo,Montenegro,
Escola Estadual Ensino Fundamental Aurélio Porto,https://www.instagram.com/escola.aurelioporto,,MAPEADO,02 CRE - São Leopoldo,Montenegro,
Escola Estadual Ensino Fundamental Cel Álvaro de Moraes,https://www.instagram.com/coronelalvarodemoraes/,https://www.facebook.com/p/Escola-Cel-%C3%81lvaro-de-Moraes-100064358842502/,MAPEADO,02 CRE - São Leopoldo,Montenegro,
Escola Estadual Ensino Fundamental Coronel Januário Correa,https://www.instagram.com/coroneljanuariocorrea/,,MAPEADO,02 CRE - São Leopoldo,Montenegro,
Escola Estadual Ensino Fundamental Dr Jorge Guilherme Moojen,https://www.instagram.com/escola1905jgm/,,MAPEADO,02 CRE - São Leopoldo,Montenegro,
Escola Estadual Ensino Fundamental José Garibaldi,,,NÃO EXISTE,02 CRE - São Leopoldo,Montenegro,
Escola Estadual Ensino Fundamental Junto ao Núcleo Habitac Promorar,,,NÃO EXISTE,02 CRE - São Leopoldo,Montenegro,
Escola Estadual Ensino Fundamental Manoel de Souza Moraes,https://www.instagram.com/manoeldesouzamoraes/,https://www.facebook.com/mensagemaopt13/,MAPEADO,02 CRE - São Leopoldo,Montenegro,
Escola Estadual Ensino Fundamental Osvaldo Brochier,https://www.instagram.com/escolaosvaldobrochier/,,MAPEADO,02 CRE - São Leopoldo,Montenegro,
Escola Estadual Ensino Fundamental Tanac,,,NÃO EXISTE,02 CRE - São Leopoldo,Montenegro,
Escola Estadual Ensino Fundamental Yara Ferraz Gaia,,,NÃO EXISTE,02 CRE - São Leopoldo,Montenegro,
Escola Estadual Ensino Medio Delfina Dias Ferraz,https://www.instagram.com/delfinadiasferraz/,,MAPEADO,02 CRE - São Leopoldo,Montenegro,
Escola Estadual Técnica São João Batista,https://www.instagram.com/sjbescola/,,MAPEADO,02 CRE - São Leopoldo,Montenegro,
Nucl e EJA e Cp Paulo Freire,,,NÃO EXISTE,02 CRE - São Leopoldo,Montenegro,
Escola Estadual Ensino Medio João Wagner,https://www.instagram.com/joaowagnerescola,,MAPEADO,02 CRE - São Leopoldo,Morro Reuter,
Escola Estadual Ensino Medio Elvira Jost,https://www.instagram.com/escolaelvirajost/,,MAPEADO,02 CRE - São Leopoldo,Nova Hartz,
Escola Estadual Ensino Medio Germano Hessler,https://www.instagram.com/escolagermanohessler/,,MAPEADO,02 CRE - São Leopoldo,Nova Hartz,
Colegio Estadual 25 de Julho,https://www.instagram.com/colegio25dejulho.oficial/,https://www.facebook.com/colegio25dejulho.oficial/,MAPEADO,02 CRE - São Leopoldo,Novo Hamburgo,
Colegio Estadual Dr Wolfram Metzler,https://www.instagram.com/colegiowolfram/,,MAPEADO,02 CRE - São Leopoldo,Novo Hamburgo,
Colegio Estadual Eng Ignacio Christiano Plangg,https://www.instagram.com/colegioplangg_/,,MAPEADO,02 CRE - São Leopoldo,Novo Hamburgo,
Colegio Estadual Senador Alberto Pasqualini,https://www.instagram.com/pasqualininh/,,MAPEADO,02 CRE - São Leopoldo,Novo Hamburgo,
Colegio Estadual Vila Becker,https://www.instagram.com/colegioestadualvilabecker/,https://www.facebook.com/Viamao24Hs/,MAPEADO,02 CRE - São Leopoldo,Novo Hamburgo,
Escola Estadual Ensino Fundamental Alvino Henrique Weber,https://www.instagram.com/escolaalvinoweber/,,MAPEADO,02 CRE - São Leopoldo,Novo Hamburgo,
Escola Estadual Ensino Fundamental Antônio Conselheiro,https://www.instagram.com/escolaantonioconselheiro/,https://www.facebook.com/memoriapeddesign/,MAPEADO,02 CRE - São Leopoldo,Novo Hamburgo,
Escola Estadual Ensino Fundamental Antônio Vieira,,,NÃO EXISTE,02 CRE - São Leopoldo,Novo Hamburgo,
Escola Estadual Ensino Fundamental Ayrton Senna do Brasil,https://www.instagram.com/escolaayrton.nh/,,MAPEADO,02 CRE - São Leopoldo,Novo Hamburgo,
Escola Estadual Ensino Fundamental Jair Henrique Foscarini,https://www.instagram.com/eeefjairfoscarini/,,MAPEADO,02 CRE - São Leopoldo,Novo Hamburgo,
Escola Estadual Ensino Fundamental João Ribeiro,,,NÃO EXISTE,02 CRE - São Leopoldo,Novo Hamburgo,
Escola Estadual Ensino Fundamental Kurt Walzer,https://www.instagram.com/escolakurtwalzer/,,MAPEADO,02 CRE - São Leopoldo,Novo Hamburgo,
Escola Estadual Ensino Fundamental Leopoldo Petry,https://www.instagram.com/escola_leopoldopetry/,,MAPEADO,02 CRE - São Leopoldo,Novo Hamburgo,
Escola Estadual Ensino Fundamental Maria das Neves Petry,,,NÃO EXISTE,02 CRE - São Leopoldo,Novo Hamburgo,
Escola Estadual Ensino Fundamental Otávio Rosa,https://www.instagram.com/escolaotaviorosa/,https://www.facebook.com/pmdirs/,MAPEADO,02 CRE - São Leopoldo,Novo Hamburgo,
Escola Estadual Ensino Fundamental Pedro Adams Filho,,,NÃO EXISTE,02 CRE - São Leopoldo,Novo Hamburgo,
Escola Estadual Ensino Fundamental Prof Frederica S Pacheco,https://www.instagram.com/escolafredericaspacheco/,,MAPEADO,02 CRE - São Leopoldo,Novo Hamburgo,
Escola Estadual Ensino Fundamental Prof Luiza Teixeira Lauffer,https://www.instagram.com/escolateixeiralauffer/,,MAPEADO,02 CRE - São Leopoldo,Novo Hamburgo,
Escola Estadual Ensino Fundamental Professor Alfredo Clemente Pinto,,,NÃO EXISTE,02 CRE - São Leopoldo,Novo Hamburgo,
Escola Estadual Ensino Fundamental no Bairro Santo Afonso,https://www.instagram.com/escola.safonso/,,MAPEADO,02 CRE - São Leopoldo,Novo Hamburgo,
Escola Estadual Ensino Medio Antônio Augusto Borges de Medeiros,https://www.instagram.com/borgesdemedeiros_nh/,,MAPEADO,02 CRE - São Leopoldo,Novo Hamburgo,
Escola Estadual Ensino Medio Bento Gonçalves,https://www.instagram.com/eeembentogoncalves,,MAPEADO,02 CRE - São Leopoldo,Novo Hamburgo,
Escola Estadual Ensino Medio Dom Pedro II,https://www.instagram.com/escol_adompedroii/,https://www.facebook.com/lendasdofutebolgaucho/,MAPEADO,02 CRE - São Leopoldo,Novo Hamburgo,
Escola Estadual Ensino Medio Maurício Sirotsky Sobrinho,https://www.instagram.com/mauriciosirotsky/,,MAPEADO,02 CRE - São Leopoldo,Novo Hamburgo,
Escola Estadual Ensino Medio Osvaldo Aranha,https://www.instagram.com/osvaldoaranhanh/,,MAPEADO,02 CRE - São Leopoldo,Novo Hamburgo,
Escola Estadual Especial Keli Meise Machado,https://www.instagram.com/kelimeisemachado_kmm/,,MAPEADO,02 CRE - São Leopoldo,Novo Hamburgo,
Instituto Estadual Madre Benicia,https://www.instagram.com/instituto_madrebenicia/,,MAPEADO,02 CRE - São Leopoldo,Novo Hamburgo,
Instituto Estadual Seno Frederico Ludwig,https://www.instagram.com/senofredericoludwig/,,MAPEADO,02 CRE - São Leopoldo,Novo Hamburgo,
Escola Estadual Ensino Medio São Francisco de Assis,,,NÃO EXISTE,02 CRE - São Leopoldo,Pareci Novo,
Colegio Estadual João Mosmann,https://www.instagram.com/escolajoaomosmann/,,MAPEADO,02 CRE - São Leopoldo,Parobé,
Escola Estadual Ensino Fundamental Nilo Carlito Koetz,https://www.instagram.com/escola_nilo/,,MAPEADO,02 CRE - São Leopoldo,Parobé,
Escola Estadual Ensino Medio Adelina da Cunha,https://www.instagram.com/adelina_da_cunha/,,MAPEADO,02 CRE - São Leopoldo,Parobé,
Escola Estadual Ensino Medio Engenheiro Parobé,https://www.instagram.com/engenheiro_parobe,,MAPEADO,02 CRE - São Leopoldo,Parobé,
Escola Estadual Ensino Medio José Augusto Henemann,https://www.instagram.com/escolajah_/,https://www.facebook.com/ocupacaonasescolas/,MAPEADO,02 CRE - São Leopoldo,Parobé,
Escola Estadual Ensino Fundamental Pedro Schuler,,,NÃO EXISTE,02 CRE - São Leopoldo,Portão,
Escola Estadual Ensino Fundamental de Portao Velho,https://www.instagram.com/escolaportaovelho/,https://www.facebook.com/jornalacontecers/,MAPEADO,02 CRE - São Leopoldo,Portão,
Escola Estadual Ensino Medio 9 de Outubro,https://www.instagram.com/_escola9/,,MAPEADO,02 CRE - São Leopoldo,Portão,
Escola Técnica Estadual de Portao,https://www.instagram.com/escola.etep/,https://www.facebook.com/escolatecnicaestadualportao/,MAPEADO,02 CRE - São Leopoldo,Portão,
Escola Estadual Ensino Fundamental Valentim Schneider,,,NÃO EXISTE,02 CRE - São Leopoldo,Poço das Antas,
Escola Estadual Ensino Medio Poco das Antas,https://www.instagram.com/eeempocodasantas/,,MAPEADO,02 CRE - São Leopoldo,Poço das Antas,
Escola Estadual Ensino Medio Guilherme Exner,https://www.instagram.com/escolaguilhermepl,,MAPEADO,02 CRE - São Leopoldo,Presidente Lucena,
Escola Estadual Ensino Fundamental Adolfo Flor,,,NÃO EXISTE,02 CRE - São Leopoldo,Salvador do Sul,
Escola Estadual Ensino Fundamental Arthur Weimer,,,NÃO EXISTE,02 CRE - São Leopoldo,Salvador do Sul,
Escola Estadual Ensino Fundamental Prof Auri Beschorner,,,NÃO EXISTE,02 CRE - São Leopoldo,Salvador do Sul,
Escola Estadual Ensino Medio São Salvador,https://www.instagram.com/escolasaosalvador/,,MAPEADO,02 CRE - São Leopoldo,Salvador do Sul,
Colegio Estadual Cônego Afonso Scherer,https://www.instagram.com/conegoafonsoscherer/,https://www.facebook.com/Arq.GustavoSchneider/,MAPEADO,02 CRE - São Leopoldo,Santa Maria do Herval,
Escola Estadual Ensino Fundamental Dr Alberto Schweitzer,,,NÃO EXISTE,02 CRE - São Leopoldo,Santa Maria do Herval,
Escola Estadual Ensino Fundamental José Bennemann,https://www.instagram.com/colegiojmb,,MAPEADO,02 CRE - São Leopoldo,Sao Sebastiao do Cai,
Escola Estadual Ensino Fundamental Joséfina Jacques Noronha,https://www.instagram.com/escola.josefina/,,MAPEADO,02 CRE - São Leopoldo,Sao Sebastiao do Cai,
Escola Estadual Ensino Fundamental Manoel Fausto Pereira Fortes,https://www.instagram.com/escolamanoelfausto/,https://www.facebook.com/lunarysbutantasp/,MAPEADO,02 CRE - São Leopoldo,Sao Sebastiao do Cai,
Escola Estadual Ensino Fundamental São Sebastião,https://www.instagram.com/cspsscai/,,MAPEADO,02 CRE - São Leopoldo,Sao Sebastiao do Cai,
Escola Estadual Ensino Fundamental Thome Antônio de Azevedo,https://www.instagram.com/escolathomeantonio.azevedo/,,MAPEADO,02 CRE - São Leopoldo,Sao Sebastiao do Cai,
Escola Estadual Ensino Medio Felipe Camarão,https://www.instagram.com/escolafelipecamarao,,MAPEADO,02 CRE - São Leopoldo,Sao Sebastiao do Cai,
Instituto Estadual Educação Paulo Freire,https://www.instagram.com/ieepaulofreireoficial/,,MAPEADO,02 CRE - São Leopoldo,Sao Sebastiao do Cai,
Escola Estadual Ensino Fundamental Almeida Júnior,https://www.instagram.com/escolaalmeida_junior/,https://www.facebook.com/escolaalmeidajuniorsapiranga/,MAPEADO,02 CRE - São Leopoldo,Sapiranga,
Escola Estadual Ensino Fundamental Pedro Lenz,https://www.instagram.com/escolapedrolenz/,,MAPEADO,02 CRE - São Leopoldo,Sapiranga,
Escola Estadual Ensino Fundamental Willy Oscar Konrath,https://www.instagram.com/willyokonrath/,https://www.facebook.com/p/EEEF-Willy-Oscar-Konarth-100063859308431/,MAPEADO,02 CRE - São Leopoldo,Sapiranga,
Instituto Estadual Cel Genuino Sampaio,https://www.instagram.com/coronelgenuino/,,MAPEADO,02 CRE - São Leopoldo,Sapiranga,
Instituto Estadual Educação de Sapiranga,https://www.instagram.com/ieessapiranga/,,MAPEADO,02 CRE - São Leopoldo,Sapiranga,
Instituto Estadual Mathilde Zatar,https://www.instagram.com/mathildezatar/,,MAPEADO,02 CRE - São Leopoldo,Sapiranga,
Instituto Estadual Prof Nena CIEP,https://www.instagram.com/nena_ciep/,,MAPEADO,02 CRE - São Leopoldo,Sapiranga,
Instituto Estadual Alfredo Oscar Kiefer,https://www.instagram.com/ieaok2025/,,MAPEADO,02 CRE - São Leopoldo,São José do Hortêncio,
Escola Estadual Ensino Medio São José do Marata,https://www.instagram.com/e.e.e.m.saojose/,,MAPEADO,02 CRE - São Leopoldo,São José do Sul,
Colegio Estadual Prof Victor L Becker,https://www.instagram.com/profvictorlbecker_sl,,MAPEADO,02 CRE - São Leopoldo,São Leopoldo,
Escola Estadual Ensino Fundamental Dr João Daniel Hillebrand,,,NÃO EXISTE,02 CRE - São Leopoldo,São Leopoldo,
Escola Estadual Ensino Fundamental Dr Mário Sperb,https://www.instagram.com/escoladrmariosperb,,MAPEADO,02 CRE - São Leopoldo,São Leopoldo,
Escola Estadual Ensino Fundamental General João Borges Fortes,,,NÃO EXISTE,02 CRE - São Leopoldo,São Leopoldo,
Escola Estadual Ensino Fundamental Guilherme Balduíno Baum,https://www.instagram.com/guilhermebbaum/,,MAPEADO,02 CRE - São Leopoldo,São Leopoldo,
Escola Estadual Ensino Fundamental Mal Ilha Moreira,https://www.instagram.com/oficial.genibailhamoreira/,,MAPEADO,02 CRE - São Leopoldo,São Leopoldo,
Escola Estadual Ensino Fundamental Mário Quintana,https://www.instagram.com/escolamarioquintana2024/,https://www.facebook.com/historiadealegrete/,MAPEADO,02 CRE - São Leopoldo,São Leopoldo,
Escola Estadual Ensino Fundamental Prof Augusto Meyer,https://www.instagram.com/eeef.augustomeyer/,https://www.facebook.com/profile.php?id=117496851732417,MAPEADO,02 CRE - São Leopoldo,São Leopoldo,
Escola Estadual Ensino Fundamental Professor Emílio Boeckel,https://www.instagram.com/professoremilioboeckel_/,,MAPEADO,02 CRE - São Leopoldo,São Leopoldo,
Escola Estadual Ensino Fundamental Visconde de São Leopoldo,https://www.instagram.com/viscondesl/,,MAPEADO,02 CRE - São Leopoldo,São Leopoldo,
Escola Estadual Ensino Medio Amadeo Rossi,https://www.instagram.com/escolaamadeorossi/,,MAPEADO,02 CRE - São Leopoldo,São Leopoldo,
Escola Estadual Ensino Medio Caic Madezatti,https://www.instagram.com/caicmadezatti_oficial/,https://www.facebook.com/profile.php?id=700995650047272,MAPEADO,02 CRE - São Leopoldo,São Leopoldo,
Escola Estadual Ensino Medio Cristo Rei,https://www.instagram.com/eeemcristorei/,https://www.facebook.com/p/EEEM-Cristo-Rei-S%C3%A3o-L%C3%A9o-100064866134776/,MAPEADO,02 CRE - São Leopoldo,São Leopoldo,
Escola Estadual Ensino Medio Dr Caldre Fiao,https://www.instagram.com/escola.caldrefiao/,,MAPEADO,02 CRE - São Leopoldo,São Leopoldo,
Escola Estadual Ensino Medio Emílio Sander,https://www.instagram.com/e.e.e.m.emiliosander/,https://www.facebook.com/p/Progressistas-S%C3%A3o-LeopoldoRS-100068166617794/,MAPEADO,02 CRE - São Leopoldo,São Leopoldo,
Escola Estadual Ensino Medio Firmino Acauan,https://www.instagram.com/escolafirminoacauansl/,,MAPEADO,02 CRE - São Leopoldo,São Leopoldo,
Escola Estadual Ensino Medio Olindo Flores da Silva,,,NÃO EXISTE,02 CRE - São Leopoldo,São Leopoldo,
Escola Estadual Ensino Medio POLISINOS,https://www.instagram.com/escolapolisinos/,https://www.facebook.com/EscolaPolisinos/,MAPEADO,02 CRE - São Leopoldo,São Leopoldo,
Escola Estadual Ensino Medio Prof Haydee Mello Rostirolla,https://www.instagram.com/escolahaydeemellorostirolla/,,MAPEADO,02 CRE - São Leopoldo,São Leopoldo,
Escola Estadual Ensino Medio Professora Helena Câmara,https://www.instagram.com/escolahelenacamara/,,MAPEADO,02 CRE - São Leopoldo,São Leopoldo,
Escola Estadual Ensino Medio Villa Lobos,https://www.instagram.com/eeemvillalobos/,https://www.facebook.com/escola.pedrinho/,MAPEADO,02 CRE - São Leopoldo,São Leopoldo,
Escola Estadual Especial Aracy de Paula Hofmann,https://www.instagram.com/escolaaracydepaulahofmann/,,MAPEADO,02 CRE - São Leopoldo,São Leopoldo,
Escola Estadual Indigena Ensino Fundamental na Comunidade Indígena Kaingang por Fi,,,NÃO EXISTE,02 CRE - São Leopoldo,São Leopoldo,
Escola Técnica Estadual Frederico Guilherme Schmidt,https://www.instagram.com/ete_fred.gschmidt/,https://www.facebook.com/FredericoSchmidtOficial/,MAPEADO,02 CRE - São Leopoldo,São Leopoldo,
Escola Técnica Estadual Visconde de São Leopoldo,https://www.instagram.com/agricolasaoleopoldo/,https://www.facebook.com/p/Col%C3%A9gio-Agr%C3%ADcola-SL-100052711395221/,MAPEADO,02 CRE - São Leopoldo,São Leopoldo,
Instituto Estadual Educação Prof Pedro Schneider,https://www.instagram.com/ieepedroschneider/,,MAPEADO,02 CRE - São Leopoldo,São Leopoldo,
Instituto Estadual Parque do Trabalhador,,,NÃO EXISTE,02 CRE - São Leopoldo,São Leopoldo,
Escola Estadual Ensino Medio São Pedro,,,NÃO EXISTE,02 CRE - São Leopoldo,São Pedro da Serra,
Escola Estadual Educação Basica Leonardo Fritzen,https://www.instagram.com/escolaleonardofritzen/,https://www.facebook.com/escola.leonardo.fritzen/,MAPEADO,02 CRE - São Leopoldo,São Vendelino,
Escola Estadual Ensino Fundamental 27 de Maio,https://www.instagram.com/escola27maio/,https://www.facebook.com/emeuniceweaver/,MAPEADO,02 CRE - São Leopoldo,Taquara,
Escola Estadual Ensino Fundamental Dr Breno Oswaldo Ritter,https://www.instagram.com/escolabrenoritter/,,MAPEADO,02 CRE - São Leopoldo,Taquara,
Escola Estadual Ensino Fundamental Luiz Moller Filho,https://www.instagram.com/escola.luiz.moller.filho/,,MAPEADO,02 CRE - São Leopoldo,Taquara,
Escola Estadual Ensino Fundamental Rodolfo Von Ihering,https://www.instagram.com/escolarodolfovon/,https://www.facebook.com/escolarodolfovonihering/,MAPEADO,02 CRE - São Leopoldo,Taquara,
Escola Estadual Ensino Fundamental Tristão Monteiro,https://www.instagram.com/tristaomonteiro/,,MAPEADO,02 CRE - São Leopoldo,Taquara,
Escola Estadual Ensino Fundamental de Linha Gonzaga,,,NÃO EXISTE,02 CRE - São Leopoldo,Taquara,
Escola Estadual Ensino Medio Dirceu Marilio Martins,https://www.instagram.com/escoladirceumartins/,https://www.facebook.com/lunarysbutantasp/,MAPEADO,02 CRE - São Leopoldo,Taquara,
Escola Estadual Ensino Medio Felipe Marx,https://www.instagram.com/escolafelipemarx/,https://www.facebook.com/escolafelipemarx/,MAPEADO,02 CRE - São Leopoldo,Taquara,
Escola Estadual Ensino Medio Prof Herminia Gaewersen Marques,,,NÃO EXISTE,02 CRE - São Leopoldo,Taquara,
Escola Estadual Ensino Medio Willibaldo Bernardo Samrsla CIEP,https://www.instagram.com/ciep.willybaldooficial/,https://www.facebook.com/p/EEEM-Willybaldo-Bernardo-Samrsla-CIEP-100024731540999/,MAPEADO,02 CRE - São Leopoldo,Taquara,
Escola Técnica Estadual Monteiro Lobato,https://www.instagram.com/cimol_monteirolobato,,MAPEADO,02 CRE - São Leopoldo,Taquara,
Colegio Estadual Doze de Maio,https://www.instagram.com/colegio12demaio/,,MAPEADO,02 CRE - São Leopoldo,Três Coroas,
Colegio Estadual de Tupandi,https://www.instagram.com/colegioestadualdetupandi/,https://www.facebook.com/pages/Col%C3%A9gio-Estadual-de-Tupandi/528950013884496,MAPEADO,02 CRE - São Leopoldo,Tupandi,
Escola Estadual Ensino Medio Bernardo Petry,https://www.instagram.com/escolabernardopetry/,,MAPEADO,02 CRE - São Leopoldo,Vale Real,
Escola Estadual Ensino Fundamental Pe Alfredo Antonelli,https://www.instagram.com/eeefalfredoantonelli/,https://www.facebook.com/prjosuemunizdepaulo/,MAPEADO,03 CRE - Estrela,Anta Gorda,
Escola Estadual Ensino Fundamental Sagrado Coração de Jesus,https://www.instagram.com/escolascdejesus/,https://www.facebook.com/Museuvirtualsma/,MAPEADO,03 CRE - Estrela,Anta Gorda,
Escola Estadual Ensino Medio São Carlos,https://www.instagram.com/eeem_saocarlos/,https://www.facebook.com/webcftv/,MAPEADO,03 CRE - Estrela,Anta Gorda,
Escola Estadual Ensino Medio Guararapes,https://www.instagram.com/guararapes_/,,MAPEADO,03 CRE - Estrela,Arroio do Meio,
Colegio Estadual Jacób Arnt,https://www.instagram.com/jacobarnt/,https://www.facebook.com/profile.php?id=149596598422564,MAPEADO,03 CRE - Estrela,Bom Retiro do Sul,
Escola Estadual Ensino Fundamental de Brasília,https://www.instagram.com/escolabrasilia/,https://www.facebook.com/escolabrasiliabomretiro/,MAPEADO,03 CRE - Estrela,Bom Retiro do Sul,
Escola Estadual Ensino Fundamental de Pinhal,,https://www.facebook.com/eeefdepinhal/?,MAPEADO,03 CRE - Estrela,Bom Retiro do Sul,
Escola Estadual Ensino Medio Hugo Oscar Spohr,https://www.instagram.com/hugooscarspohr/,,MAPEADO,03 CRE - Estrela,Canudos do Vale,
Escola Estadual Ensino Medio de Capitão,https://www.instagram.com/capitao03cre/,,MAPEADO,03 CRE - Estrela,Capitão,
Escola Estadual Ensino Medio de Colinas,,,NÃO EXISTE,03 CRE - Estrela,Colinas,
Escola Estadual Ensino Medio Donato Caumo,https://www.instagram.com/escola.donatocaumo/,,MAPEADO,03 CRE - Estrela,Coqueiro Baixo,
Escola Estadual Ensino Fundamental Itaipava Ramos,https://www.instagram.com/escolaitaipavaramos/,,MAPEADO,03 CRE - Estrela,Cruzeiro do Sul,
Escola Estadual Ensino Medio João de Deus,https://www.instagram.com/eeemjdn/,,MAPEADO,03 CRE - Estrela,Cruzeiro do Sul,
Escola Estadual Ensino Medio São Miguel,https://www.instagram.com/escola.sao.miguel/,,MAPEADO,03 CRE - Estrela,Cruzeiro do Sul,
Escola Estadual Ensino Medio São Rafael,https://www.instagram.com/eeemsrafael/,,MAPEADO,03 CRE - Estrela,Cruzeiro do Sul,
Escola Estadual Ensino Medio Dr Ricardo,https://www.instagram.com/eeemdoutorricardo/,,MAPEADO,03 CRE - Estrela,Doutor Ricardo,
Escola Estadual Ensino Fundamental Agostinho Costi,https://www.instagram.com/agostinhocosti/,,MAPEADO,03 CRE - Estrela,Encantado,
Escola Estadual Ensino Fundamental Antônio de Conto,https://www.instagram.com/escola.antonio.deconto/,https://www.facebook.com/PrefeituraVeranopolis/,MAPEADO,03 CRE - Estrela,Encantado,
Escola Estadual Ensino Fundamental Farrapos,https://www.instagram.com/escola_farrapos/,,MAPEADO,03 CRE - Estrela,Encantado,
Escola Estadual Ensino Fundamental Jardim do Trabalhador,,,NÃO EXISTE,03 CRE - Estrela,Encantado,
Instituto Estadual Educação Monsenhor Scalabrini,https://www.instagram.com/iee.monsenhorscalabrini/,https://www.facebook.com/iee.monsenhorscalabrini/,MAPEADO,03 CRE - Estrela,Encantado,
Escola Estadual Educação Basica Nicolau Mussnich,https://www.instagram.com/escola.nicolau/,https://www.facebook.com/NicolauMussnich/,MAPEADO,03 CRE - Estrela,Estrela,
Escola Estadual Educação Basica Vidal de Negreiros,https://www.instagram.com/escolavidaldenegreiros,,MAPEADO,03 CRE - Estrela,Estrela,
Escola Estadual Educação Profissional Estrela,https://www.instagram.com/eeepestrela/,https://www.facebook.com/p/Escola-Estadual-de-Educa%C3%A7%C3%A3o-Profissional-Estrela-100070325526548/,MAPEADO,03 CRE - Estrela,Estrela,
Escola Estadual Ensino Fundamental 20 de Maio,https://www.instagram.com/eeefvintedemaio/,https://www.facebook.com/p/EEEF-20-de-Maio-100063671643318/,MAPEADO,03 CRE - Estrela,Estrela,
Escola Estadual Ensino Fundamental Moinhos,https://www.instagram.com/eeefmoinhos/,https://www.facebook.com/p/EEEF-20-de-Maio-100063671643318/,MAPEADO,03 CRE - Estrela,Estrela,
Escola Estadual Ensino Medio Estrela,https://www.instagram.com/creestrela/,,MAPEADO,03 CRE - Estrela,Estrela,
Escola Estadual Indigena Ensino Fundamental Manoel Soares,https://www.instagram.com/esco.laindigenamanoelsoares/,,MAPEADO,03 CRE - Estrela,Estrela,
Instituto Estadual Educação Estrela da Manhã,https://www.instagram.com/instituto_estrela_da_manha/,https://www.facebook.com/GeemIeeem/,MAPEADO,03 CRE - Estrela,Estrela,
Escola Estadual Ensino Medio Fazenda Vilanova,https://www.instagram.com/eeemfazendavilanova/,https://www.facebook.com/p/Guiazapp-Cat%C3%A1lago-100063511003314/,MAPEADO,03 CRE - Estrela,Fazenda Vilanova,
Escola Estadual Ensino Medio de Forquetinha,https://www.instagram.com/medioforquetinha/,,MAPEADO,03 CRE - Estrela,Forquetinha,
Escola Estadual Ensino Medio 25 de Maio,https://www.instagram.com/eeem25demaio/,,MAPEADO,03 CRE - Estrela,Imigrante,
Colegio Estadual Pres Castelo Branco,https://www.instagram.com/colegiocastelinhooficial/,,MAPEADO,03 CRE - Estrela,Lajeado,
Escola Estadual Educação Basica Érico Veríssimo,https://www.instagram.com/erico.lajeado/,,MAPEADO,03 CRE - Estrela,Lajeado,
Escola Estadual Ensino Fundamental Carlos Fett Filho,https://www.instagram.com/escolafettfilho/,,MAPEADO,03 CRE - Estrela,Lajeado,
Escola Estadual Ensino Fundamental Fernandes Vieira,https://www.instagram.com/eeef_fernandesvieira/,,MAPEADO,03 CRE - Estrela,Lajeado,
Escola Estadual Ensino Fundamental Irmã Branca,https://www.instagram.com/escola_irmabranca/,,MAPEADO,03 CRE - Estrela,Lajeado,
Escola Estadual Ensino Fundamental Manuel Bandeira,https://www.instagram.com/eeef.manuelbandeira/,https://www.facebook.com/p/Not%C3%ADcias-Di%C3%A1rias-100063468043177/,MAPEADO,03 CRE - Estrela,Lajeado,
Escola Estadual Ensino Fundamental Moises Cândido Veloso,https://www.instagram.com/escolamoises.c.veloso/,https://www.facebook.com/escolamoisescandidoveloso/,MAPEADO,03 CRE - Estrela,Lajeado,
Escola Estadual Ensino Fundamental Otilia Correa de Lima,https://www.instagram.com/escola_otilia_correa_de_lima/,,MAPEADO,03 CRE - Estrela,Lajeado,
Escola Estadual Ensino Fundamental Pedro Scherer,https://www.instagram.com/escpedroscherer/,,MAPEADO,03 CRE - Estrela,Lajeado,
Escola Estadual Ensino Fundamental São João Bosco,https://www.instagram.com/eeefsaojoaobosco/,https://www.facebook.com/eeefsaojoaobosco/,MAPEADO,03 CRE - Estrela,Lajeado,
Escola Estadual Ensino Medio Santo Antônio,https://www.instagram.com/eeem__santoantonio/,https://www.facebook.com/eeemsantoantonio/,MAPEADO,03 CRE - Estrela,Lajeado,
Escola Estadual Indigena Ensino Fundamental Gaten,,,NÃO EXISTE,03 CRE - Estrela,Lajeado,
Neeja Liberdade,,,NÃO EXISTE,03 CRE - Estrela,Lajeado,
Nucl e EJA e Cp de Lajeado,,,NÃO EXISTE,03 CRE - Estrela,Lajeado,
Escola Estadual Ensino Fundamental Frei Antônio,https://www.instagram.com/escolafreia/,https://www.facebook.com/ProgressoNewss/,MAPEADO,03 CRE - Estrela,Marques de Souza,
Escola Estadual Ensino Fundamental Henrique Geiss,https://www.instagram.com/henrique_geiss/,,MAPEADO,03 CRE - Estrela,Marques de Souza,
Escola Estadual Ensino Fundamental Severino José Frainer,,,NÃO EXISTE,03 CRE - Estrela,Marques de Souza,
Escola Estadual Ensino Medio Ana Neri,https://www.instagram.com/escolananeri/,,MAPEADO,03 CRE - Estrela,Marques de Souza,
Escola Estadual Ensino Medio General Souza Doca,https://www.instagram.com/general_souza_doca/,,MAPEADO,03 CRE - Estrela,Muçum,
Escola Estadual Ensino Medio Nova Brescia,https://www.instagram.com/gazetaescolar_/,,MAPEADO,03 CRE - Estrela,Nova Bréscia,
Escola Estadual Ensino Medio Paverama,https://www.instagram.com/empapaverama/,,MAPEADO,03 CRE - Estrela,Paverama,
Escola Estadual Ensino Medio Pouso Novo,,,NÃO EXISTE,03 CRE - Estrela,Pouso Novo,
Escola Estadual Educação Basica São Francisco,,,NÃO EXISTE,03 CRE - Estrela,Progresso,
Escola Estadual Ensino Fundamental Afonso Mathias Ferrari,https://www.instagram.com/afonsomathiasferrari/,,MAPEADO,03 CRE - Estrela,Progresso,
Escola Estadual Ensino Fundamental José Pretto,https://www.instagram.com/eeef.josepretto,,MAPEADO,03 CRE - Estrela,Progresso,
Escola Estadual Ensino Fundamental Demétrio Berte,https://www.instagram.com/eeefdemetrioberte/,,MAPEADO,03 CRE - Estrela,Putinga,
Escola Estadual Ensino Medio Pe Domenico Carlino,https://www.instagram.com/escola.domenico/,https://www.facebook.com/profile.php?id=903613859709644,MAPEADO,03 CRE - Estrela,Putinga,
Escola Estadual Educação Basica José Plácido de Castro,,,NÃO EXISTE,03 CRE - Estrela,Relvado,
Escola Estadual Educação Basica Padre Fernando,https://www.instagram.com/escolapadrefernando/,https://www.facebook.com/profile.php?id=111720128853915,MAPEADO,03 CRE - Estrela,Roca Sales,
Escola Estadual Ensino Medio Santa Clara,,,NÃO EXISTE,03 CRE - Estrela,Santa Clara do Sul,
Escola Estadual Ensino Medio Pedro Albino Muller,https://www.instagram.com/pam.escola/,,MAPEADO,03 CRE - Estrela,Sério,
Escola Estadual Ensino Medio Pedro Rosa,https://www.instagram.com/tecnicospedrorosa/,,MAPEADO,03 CRE - Estrela,Tabaí,
Escola Estadual Indigena Ensino Fundamental Po Mag,https://www.instagram.com/pomag03cre/,,MAPEADO,03 CRE - Estrela,Tabaí,
Escola Estadual Ensino Fundamental Antônio Leite Costa,https://www.instagram.com/eeefantonioleitecosta/,,MAPEADO,03 CRE - Estrela,Taquari,
Escola Estadual Ensino Fundamental Dr Antônio Porfirio de Menezes Costa,,,NÃO EXISTE,03 CRE - Estrela,Taquari,
Escola Estadual Ensino Fundamental Júlio de Castilhos,https://www.instagram.com/juliodecastilhostaquari/,,MAPEADO,03 CRE - Estrela,Taquari,
Escola Estadual Ensino Fundamental Nardy de Farias Alvim,https://www.instagram.com/eeef.nardydefariasalvim,,MAPEADO,03 CRE - Estrela,Taquari,
Escola Estadual Ensino Fundamental Professora Ana Job,,,NÃO EXISTE,03 CRE - Estrela,Taquari,
Escola Estadual Ensino Medio Barão de Antonina,https://www.instagram.com/escolabaraodeantonina/,,MAPEADO,03 CRE - Estrela,Taquari,
Escola Estadual Ensino Medio Barão de Ibicui,https://www.instagram.com/eeembaraodeibicui/,,MAPEADO,03 CRE - Estrela,Taquari,
Escola Estadual Ensino Medio Nossa Senhora da Assunção,https://www.instagram.com/eeemassuncao_/,,MAPEADO,03 CRE - Estrela,Taquari,
Instituto Estadual Educação Pereira Coruja,https://www.instagram.com/ieepereiracoruja,,MAPEADO,03 CRE - Estrela,Taquari,
Escola Estadual Ensino Fundamental Tancredo de Almeida Neves,https://www.instagram.com/tancredoteutonia/,,MAPEADO,03 CRE - Estrela,Teutônia,
Escola Estadual Ensino Medio Gomes Freire de Andrade,https://www.instagram.com/gomesfreiredeandrade/,https://www.facebook.com/soumaisgomes/,MAPEADO,03 CRE - Estrela,Teutônia,
Escola Estadual Ensino Medio Reynaldo Affonso Augustin,https://www.instagram.com/eeem.reynaldoaffonsoaugustin/,,MAPEADO,03 CRE - Estrela,Teutônia,
Escola Estadual Ensino Medio Monsenhor Seger,https://www.instagram.com/eeem_monsenhor_seger/,,MAPEADO,03 CRE - Estrela,Travesseiro,
Escola Estadual Ensino Medio Vespasiano Correa,https://www.instagram.com/eeem.vc/,,MAPEADO,03 CRE - Estrela,Vespasiano Corrêa,
Escola Estadual Ensino Medio Westfalia,https://www.instagram.com/eeemwestfalia/,,MAPEADO,03 CRE - Estrela,Westfália,
Colegio Estadual Professor Ulisses Cabral,https://www.instagram.com/ulisses.cabral.12/,https://www.facebook.com/profile.php?id=180383925321164,MAPEADO,04 CRE - Caxias do Sul,Antônio Prado,
Escola Estadual Ensino Fundamental Narciso Verza,https://www.instagram.com/escolanarcisoverza/,,MAPEADO,04 CRE - Caxias do Sul,Antônio Prado,
Escola Estadual Ensino Medio Irmão Irineu,https://www.instagram.com/escolairmaoirineu/,,MAPEADO,04 CRE - Caxias do Sul,Antônio Prado,
Escola Estadual Ensino Medio Santana,https://www.instagram.com/escola_santana/,https://www.facebook.com/pages/Escola-Estadual-de-Ensino-M%C3%A9dio-Santana/114576135225297,MAPEADO,04 CRE - Caxias do Sul,Antônio Prado,
Escola Estadual Ensino Fundamental Alziro Torres,,,NÃO EXISTE,04 CRE - Caxias do Sul,Cambará do Sul,
Escola Estadual Ensino Fundamental Raia,,,NÃO EXISTE,04 CRE - Caxias do Sul,Cambará do Sul,
Escola Estadual Ensino Medio Imaculada Conceição,https://www.instagram.com/escola_imaculada_conceicao_/,,MAPEADO,04 CRE - Caxias do Sul,Cambará do Sul,
Escola Estadual Educação Basica Neusa Mari Pacheco CIEP,https://www.instagram.com/neusamaripacheco/,,MAPEADO,04 CRE - Caxias do Sul,Canela,
Escola Estadual Ensino Fundamental Carlos Wortmann,,,NÃO EXISTE,04 CRE - Caxias do Sul,Canela,
Escola Estadual Ensino Fundamental Luiza Correa,,,NÃO EXISTE,04 CRE - Caxias do Sul,Canela,
Escola Estadual Ensino Fundamental Pedro Oscar Selbach,https://www.instagram.com/pedrooscarselbach/,,MAPEADO,04 CRE - Caxias do Sul,Canela,
Escola Estadual Ensino Medio Adolfo Seibt,,,NÃO EXISTE,04 CRE - Caxias do Sul,Canela,
Escola Estadual Ensino Medio Danton Correa da Silva,https://www.instagram.com/dantoncorreadasilva/,,MAPEADO,04 CRE - Caxias do Sul,Canela,
Escola Estadual Ensino Medio João Correa,https://www.instagram.com/escola_joao_correa/,https://www.facebook.com/p/Escola-Estadual-de-Ensino-M%C3%A9dio-Jo%C3%A3o-Corr%C3%AAa-100057499456121/,MAPEADO,04 CRE - Caxias do Sul,Canela,
Escola Estadual Indigena EF Jagtyg Fykog,,,NÃO EXISTE,04 CRE - Caxias do Sul,Canela,
Colegio Estadual Henrique Emílio Meyer,https://www.instagram.com/colegioemiliomeyer/,,MAPEADO,04 CRE - Caxias do Sul,Caxias do Sul,
Colegio Estadual Imigrante,https://www.instagram.com/colegioimigras/,,MAPEADO,04 CRE - Caxias do Sul,Caxias do Sul,
Colégio Tiradentes,https://www.instagram.com/colegiotiradentes_caxias/,https://www.facebook.com/colegiotiradentescaxias/,MAPEADO,04 CRE - Caxias do Sul,Caxias do Sul,
Escola Estadual Educação Basica Abramo Pezzi,https://www.instagram.com/emefabramopezzioficial/,,MAPEADO,04 CRE - Caxias do Sul,Caxias do Sul,
Escola Estadual Ensino Fundamental Abramo Eberle,https://www.instagram.com/escola_abramo_eberle,,MAPEADO,04 CRE - Caxias do Sul,Caxias do Sul,
Escola Estadual Ensino Fundamental Abramo Randon,,,NÃO EXISTE,04 CRE - Caxias do Sul,Caxias do Sul,
Escola Estadual Ensino Fundamental Aquilino Zatti,https://www.instagram.com/aquilinozatti/,,MAPEADO,04 CRE - Caxias do Sul,Caxias do Sul,
Escola Estadual Ensino Fundamental Clemente Pinto,https://www.instagram.com/escolaclementepinto/,https://www.facebook.com/discriminaespacial/,MAPEADO,04 CRE - Caxias do Sul,Caxias do Sul,
Escola Estadual Ensino Fundamental Comendador Kalil Sehbe,https://www.instagram.com/comendadorkalilsehbe/,,MAPEADO,04 CRE - Caxias do Sul,Caxias do Sul,
Escola Estadual Ensino Fundamental Coronel José Pena de Moraes,https://www.instagram.com/olharrs/,,MAPEADO,04 CRE - Caxias do Sul,Caxias do Sul,
Escola Estadual Ensino Fundamental Dona Hercilia Petry,https://www.instagram.com/escolaherciliapetry/,,MAPEADO,04 CRE - Caxias do Sul,Caxias do Sul,
Escola Estadual Ensino Fundamental Dr Theodosio Rocha Netto,https://www.instagram.com/theodosiorochanetto/,,MAPEADO,04 CRE - Caxias do Sul,Caxias do Sul,
Escola Estadual Ensino Fundamental Eng Dario Granja Sant Anna,,,NÃO EXISTE,04 CRE - Caxias do Sul,Caxias do Sul,
Escola Estadual Ensino Fundamental Eng João Magalhães Filho,,,NÃO EXISTE,04 CRE - Caxias do Sul,Caxias do Sul,
Escola Estadual Ensino Fundamental Irmão Pedro,,,NÃO EXISTE,04 CRE - Caxias do Sul,Caxias do Sul,
Escola Estadual Ensino Fundamental Ismael Chaves Barcellos,https://www.instagram.com/escolaismaelchavesbarcellos/,,MAPEADO,04 CRE - Caxias do Sul,Caxias do Sul,
Escola Estadual Ensino Fundamental Ivanyr Euclinia Marchioro,https://www.instagram.com/eeef_ivanyr_euclinia_marchioro/,,MAPEADO,04 CRE - Caxias do Sul,Caxias do Sul,
Escola Estadual Ensino Fundamental José Venzon Eberle,https://www.instagram.com/josevenzoneberle/,https://www.facebook.com/p/Jos%C3%A9-Venzon-Eberle-100054579124785/,MAPEADO,04 CRE - Caxias do Sul,Caxias do Sul,
Escola Estadual Ensino Fundamental Maguary,https://www.instagram.com/escolavivianmaggioni/,,MAPEADO,04 CRE - Caxias do Sul,Caxias do Sul,
Escola Estadual Ensino Fundamental Matteo Gianella,https://www.instagram.com/matteogianella/,,MAPEADO,04 CRE - Caxias do Sul,Caxias do Sul,
Escola Estadual Ensino Fundamental Presidente Vargas,https://www.instagram.com/presidentevargas.cxs/,https://www.facebook.com/vivendosaopelegrino/,MAPEADO,04 CRE - Caxias do Sul,Caxias do Sul,
Escola Estadual Ensino Fundamental Prof Silvio Stallivieri,https://www.instagram.com/escolasilviostallivieri/,,MAPEADO,04 CRE - Caxias do Sul,Caxias do Sul,
Escola Estadual Ensino Fundamental Professora Maria Luiza Rosa,,,NÃO EXISTE,04 CRE - Caxias do Sul,Caxias do Sul,
Escola Estadual Ensino Fundamental Silvio Dal Zotto,https://www.instagram.com/escola.silviodalzotto/?hl=en,,MAPEADO,04 CRE - Caxias do Sul,Caxias do Sul,
Escola Estadual Ensino Fundamental São Virgilio,https://www.instagram.com/escolasaovirgilio/,https://www.facebook.com/p/Escola-S%C3%A3o-Virg%C3%ADlio-100054377357648/,MAPEADO,04 CRE - Caxias do Sul,Caxias do Sul,
Escola Estadual Ensino Medio Alexandre Zattera,https://www.instagram.com/alexandrezatteraoficial/,https://www.facebook.com/p/Escola-Estadual-Alexandre-Zattera-61557959006521/,MAPEADO,04 CRE - Caxias do Sul,Caxias do Sul,
Escola Estadual Ensino Medio Antônio Avelino Boff,https://www.instagram.com/escola_antonio_avelino_boff/,,MAPEADO,04 CRE - Caxias do Sul,Caxias do Sul,
Escola Estadual Ensino Medio Cavalheiro Aristides Germani,https://www.instagram.com/colegioaristidesgermani/,,MAPEADO,04 CRE - Caxias do Sul,Caxias do Sul,
Escola Estadual Ensino Medio Dr Assis Antônio Mariani,,https://web.facebook.com/pages/Escola-Estadual-Ensino-Médio-Dr-Assis-Antônio-Mariani/365793916944513?_rdc=1&_rdr,NÃO RESPONDIDO,04 CRE - Caxias do Sul,Caxias do Sul,Status da busca: revisar
Escola Estadual Ensino Medio Evaristo de Antoni CIEP,https://www.instagram.com/evaristo_de_antoni/,,MAPEADO,04 CRE - Caxias do Sul,Caxias do Sul,
Escola Estadual Ensino Medio Galopolis,https://www.instagram.com/medio_galopolis/,,MAPEADO,04 CRE - Caxias do Sul,Caxias do Sul,
Escola Estadual Ensino Medio Irmão Guerini,https://www.instagram.com/escola_irmao_guerini/,,MAPEADO,04 CRE - Caxias do Sul,Caxias do Sul,
Escola Estadual Ensino Medio Irmão José Otão,https://www.instagram.com/cpm.joseotao/,https://www.facebook.com/prjosuemunizdepaulo/,MAPEADO,04 CRE - Caxias do Sul,Caxias do Sul,
Escola Estadual Ensino Medio José Generosi,https://www.instagram.com/generosijose,,MAPEADO,04 CRE - Caxias do Sul,Caxias do Sul,
Escola Estadual Ensino Medio João Pilati,https://www.instagram.com/escola.joaopilati/,,MAPEADO,04 CRE - Caxias do Sul,Caxias do Sul,
Escola Estadual Ensino Medio João Triches,https://www.instagram.com/joao_triches,,MAPEADO,04 CRE - Caxias do Sul,Caxias do Sul,
Escola Estadual Ensino Medio Maria Araci Trindade Rojas,https://www.instagram.com/escola_maria_araci/?__d=undefined,,MAPEADO,04 CRE - Caxias do Sul,Caxias do Sul,
Escola Estadual Ensino Medio Melvin Jones,https://www.instagram.com/_escolamelvinjones/,,MAPEADO,04 CRE - Caxias do Sul,Caxias do Sul,
Escola Estadual Ensino Medio Olga Maria Kayser,https://www.instagram.com/escola.omk/,,MAPEADO,04 CRE - Caxias do Sul,Caxias do Sul,
Escola Estadual Ensino Medio Paulo Freire,,,NÃO EXISTE,04 CRE - Caxias do Sul,Caxias do Sul,
Escola Estadual Ensino Medio Prof Apolinário Alves dos Santos,https://www.instagram.com/gremioapolinario/,,NÃO RESPONDIDO,04 CRE - Caxias do Sul,Caxias do Sul,Status da busca: gremio estudantil?
Escola Estadual Ensino Medio Professor Clauri Alves Flores,https://www.instagram.com/escolaclaurialvesflores/,,MAPEADO,04 CRE - Caxias do Sul,Caxias do Sul,
Escola Estadual Ensino Medio Professora Ivonne Lúcia Triches dos Reis,https://www.instagram.com/escolaprofessoraivonne/,,MAPEADO,04 CRE - Caxias do Sul,Caxias do Sul,
Escola Estadual Ensino Medio Província de Mendoza,https://www.instagram.com/eeem.provincia_de_mendoza/,,MAPEADO,04 CRE - Caxias do Sul,Caxias do Sul,
Escola Estadual Ensino Medio Rachel Calliari Grazziotin,https://www.instagram.com/escolarachelgrazziotin/,,MAPEADO,04 CRE - Caxias do Sul,Caxias do Sul,
Escola Estadual Ensino Medio Santa Catarina,https://www.instagram.com/escola_santa_catarina/,,MAPEADO,04 CRE - Caxias do Sul,Caxias do Sul,
Escola Estadual Ensino Medio São Caetano,https://www.instagram.com/escola.sao.caetano/,https://www.facebook.com/vivendosaopelegrino/,MAPEADO,04 CRE - Caxias do Sul,Caxias do Sul,
Escola Estadual Ensino Medio Victorio Webber,https://www.instagram.com/escolavictoriowebber/,,MAPEADO,04 CRE - Caxias do Sul,Caxias do Sul,
Escola Estadual Ensino Medio Érico Veríssimo,https://www.instagram.com/escola.ericoverissimo/,,MAPEADO,04 CRE - Caxias do Sul,Caxias do Sul,
Escola Estadual Especial João Prataviera,https://www.instagram.com/eeespecialjoao/,,MAPEADO,04 CRE - Caxias do Sul,Caxias do Sul,
Escola Estadual Especial de Ensino Médio Helen Keller,https://www.instagram.com/escolaestadualhelenkeller/,,MAPEADO,04 CRE - Caxias do Sul,Caxias do Sul,
Escola Estadual Técnica Caxias do Sul,https://www.instagram.com/eetcs8/,,MAPEADO,04 CRE - Caxias do Sul,Caxias do Sul,
Instituto Estadual Educação Cristóvão de Mendoza,https://www.instagram.com/gecm_gerar/,https://www.facebook.com/04CRE/,MAPEADO,04 CRE - Caxias do Sul,Caxias do Sul,
Neeja Caxias do Sul,,,NÃO EXISTE,04 CRE - Caxias do Sul,Caxias do Sul,
Neeja Novo Horizonte,,,NÃO EXISTE,04 CRE - Caxias do Sul,Caxias do Sul,
Colegio Estadual Farroupilha,https://www.instagram.com/cefarroupilha/,,MAPEADO,04 CRE - Caxias do Sul,Farroupilha,
Colegio Estadual Olga Ramos Brentano,https://www.instagram.com/colegioolgabrentano/,https://www.facebook.com/memoriasprimeirodemaio/,MAPEADO,04 CRE - Caxias do Sul,Farroupilha,
Colegio Estadual São Tiago,https://www.instagram.com/colegioestadualsaotiago/,,MAPEADO,04 CRE - Caxias do Sul,Farroupilha,
Escola Estadual Ensino Fundamental Carlos Fetter,https://www.instagram.com/eeef_carlosfetter/,,MAPEADO,04 CRE - Caxias do Sul,Farroupilha,
Escola Estadual Ensino Fundamental Izabel Venzon,,,NÃO EXISTE,04 CRE - Caxias do Sul,Farroupilha,
Escola Estadual Ensino Fundamental José Fanton,https://www.instagram.com/escola_jose_fanton/?__d=11%2F,,MAPEADO,04 CRE - Caxias do Sul,Farroupilha,
Escola Estadual Ensino Fundamental Padre Rui Lorenzi,https://www.instagram.com/eeef.padreruilorenzi/,,MAPEADO,04 CRE - Caxias do Sul,Farroupilha,
Escola Estadual Ensino Fundamental Vivian Maggioni,https://www.instagram.com/escolavivianmaggioni/,,MAPEADO,04 CRE - Caxias do Sul,Farroupilha,
Escola Estadual Ensino Medio Júlio Mangoni,https://www.instagram.com/escolajuliomangoni/,,MAPEADO,04 CRE - Caxias do Sul,Farroupilha,
Escola Estadual Ensino Medio São Pio X,https://www.instagram.com/escolasaopiox/,,MAPEADO,04 CRE - Caxias do Sul,Farroupilha,
Escola Estadual Indigena Ensino Fundamental Nivo,,,NÃO EXISTE,04 CRE - Caxias do Sul,Farroupilha,
Escola Estadual Ensino Fundamental Horacio Borghetti,,,NÃO EXISTE,04 CRE - Caxias do Sul,Flores da Cunha,
Escola Estadual Ensino Fundamental Professor Targa,https://www.instagram.com/escola_professortarga/,https://www.facebook.com/ProfessorTarga/,MAPEADO,04 CRE - Caxias do Sul,Flores da Cunha,
Escola Estadual Ensino Medio Frei Caneca,https://www.instagram.com/eeemfreicaneca/,,MAPEADO,04 CRE - Caxias do Sul,Flores da Cunha,
Escola Estadual Ensino Medio São Rafael,https://www.instagram.com/eeemsrafael/,https://www.facebook.com/p/Escola-Estadual-de-Ensino-M%C3%A9dio-S%C3%A3o-Rafael-100069722096841/,MAPEADO,04 CRE - Caxias do Sul,Flores da Cunha,
Colegio Estadual Santos Dumont,https://www.instagram.com/cesd_gramado/,https://www.facebook.com/profile.php?id=136040049785796,MAPEADO,04 CRE - Caxias do Sul,Gramado,
Escola Estadual Ensino Fundamental David Canabarro,https://www.instagram.com/davidcanabarro07/,,MAPEADO,04 CRE - Caxias do Sul,Gramado,
Escola Estadual Ensino Fundamental João Benetti Sobrinho,,https://web.facebook.com/escolaestadualjoaobenettisobrinho/?locale=pt_BR&_rdc=1&_rdr,MAPEADO,04 CRE - Caxias do Sul,Gramado,
Escola Estadual Ensino Fundamental Nossa Senhora da Pompeia,https://www.instagram.com/pompeiagramado/,,MAPEADO,04 CRE - Caxias do Sul,Gramado,
Escola Estadual Ensino Medio Boaventura Ramos Pacheco,https://www.instagram.com/escola.ramos.pacheco/,https://www.facebook.com/eeemramospacheco/,MAPEADO,04 CRE - Caxias do Sul,Gramado,
Escola Estadual Ensino Medio Caramuru,https://www.instagram.com/escola_caramuru/,,MAPEADO,04 CRE - Caxias do Sul,Gramado,
Escola Estadual Ensino Medio Professora Deotilia Cardoso Lopes,https://www.instagram.com/sementes_futuro25/,,NÃO RESPONDIDO,04 CRE - Caxias do Sul,Jaquirana,Status da busca: revisar
Colegio Estadual Padre Werner,https://www.instagram.com/colegiopadrewerner/,https://www.facebook.com/GEPAPadreWerner/,MAPEADO,04 CRE - Caxias do Sul,Nova Petropolis,
Escola Estadual Ensino Fundamental Padre Amstad,https://www.instagram.com/escolapadreamstad/,,MAPEADO,04 CRE - Caxias do Sul,Nova Petropolis,
Escola Estadual Ensino Fundamental Pia,,,NÃO EXISTE,04 CRE - Caxias do Sul,Nova Petropolis,
Escola Estadual Ensino Fundamental São José,https://www.instagram.com/saojose_instituto/,,NÃO RESPONDIDO,04 CRE - Caxias do Sul,Nova Petropolis,Status da busca: revisar
Escola Estadual Ensino Medio 1 de Maio,https://www.instagram.com/escola1demaionp/,,MAPEADO,04 CRE - Caxias do Sul,Nova Petropolis,
Escola Estadual Ensino Medio Luiz Gelain,,,NÃO EXISTE,04 CRE - Caxias do Sul,Nova Pádua,
Colegio Estadual Nova Roma,https://www.instagram.com/colegioestadualnovaroma/,,MAPEADO,04 CRE - Caxias do Sul,Nova Roma do Sul,
Escola Estadual Ensino Medio Décio Martins Costa,https://www.instagram.com/escoladeciomartinscosta/,,MAPEADO,04 CRE - Caxias do Sul,Picada Café,
Colegio Estadual José de Alencar,https://www.instagram.com/cejajosedealencar/,,MAPEADO,04 CRE - Caxias do Sul,São Francisco de Paula,
Escola Estadual Ensino Fundamental Antônio Francisco da Costa Lisboa,https://www.instagram.com/escola_industrial_/,,MAPEADO,04 CRE - Caxias do Sul,São Francisco de Paula,
Escola Estadual Ensino Fundamental Cristino Ramos,https://www.instagram.com/eeefcristinoramos/,,MAPEADO,04 CRE - Caxias do Sul,São Francisco de Paula,
Escola Estadual Ensino Fundamental José Silva Lima,,,NÃO EXISTE,04 CRE - Caxias do Sul,São Francisco de Paula,
Escola Estadual Ensino Fundamental Monsenhor Armando Teixeira,https://www.instagram.com/emons.armandoteixeira/,,MAPEADO,04 CRE - Caxias do Sul,São Francisco de Paula,
Escola Estadual Ensino Fundamental Olimpio Soares Pinto,,,NÃO EXISTE,04 CRE - Caxias do Sul,São Francisco de Paula,
Escola Estadual Ensino Fundamental Orestes Leite,https://www.instagram.com/escolaorestesleite8/,https://www.facebook.com/FlonaSFP/,MAPEADO,04 CRE - Caxias do Sul,São Francisco de Paula,
Escola Estadual Ensino Fundamental Padre Ritter,https://www.instagram.com/eeefpadreritter/,,MAPEADO,04 CRE - Caxias do Sul,São Francisco de Paula,
Escola Estadual Ensino Fundamental Professor Adelino Souza,https://www.instagram.com/adelinosouza2023/,,MAPEADO,04 CRE - Caxias do Sul,São Francisco de Paula,
Escola Estadual Ensino Fundamental Professor Sebastião Amoretti,https://www.instagram.com/sebastiaoamoretti2025/,,MAPEADO,04 CRE - Caxias do Sul,São Francisco de Paula,
Escola Estadual Ensino Medio Lajeado Grande,https://www.instagram.com/escola.lajeadogrande/,,MAPEADO,04 CRE - Caxias do Sul,São Francisco de Paula,
Escola Estadual Indigena EF Vanheky Vei Tcha Teie,,,NÃO EXISTE,04 CRE - Caxias do Sul,São Francisco de Paula,
Colegio Estadual São Marcos,https://www.instagram.com/colegioestadualsaomarcos/,,MAPEADO,04 CRE - Caxias do Sul,São Marcos,
Escola Estadual Ensino Fundamental Giacomo Sandri,https://www.instagram.com/escolagiacomo/,,MAPEADO,04 CRE - Caxias do Sul,São Marcos,
Escola Estadual Ensino Fundamental Monteiro Lobato,https://www.instagram.com/escmonteiro23/,,MAPEADO,04 CRE - Caxias do Sul,São Marcos,
Escola Estadual Ensino Fundamental Orestes Manfro,https://www.instagram.com/orestesmanfro/,,MAPEADO,04 CRE - Caxias do Sul,São Marcos,
Escola Estadual Ensino Medio Maranhao,https://www.instagram.com/gfsm_rocketry/,https://www.facebook.com/cfopmmaapmgd/,MAPEADO,04 CRE - Caxias do Sul,São Marcos,
Escola Estadual Ensino Fundamental Pompilio Xavier dos Santos,,,NÃO EXISTE,05 CRE - Pelotas,Amaral Ferrador,
Escola Estadual Ensino Medio José do Patrocínio,,,NÃO EXISTE,05 CRE - Pelotas,Amaral Ferrador,
Escola Estadual Ensino Fundamental Atanagildo Domingues,,https://www.facebook.com/p/Escola-Atanagildo-Domingues-100063314193709/,MAPEADO,05 CRE - Pelotas,Arroio Grande,
Escola Estadual Ensino Fundamental Candida Silveira Haubmann,,,NÃO EXISTE,05 CRE - Pelotas,Arroio Grande,
Escola Estadual Ensino Fundamental Dr Dionisio de Magalhães,,,NÃO EXISTE,05 CRE - Pelotas,Arroio Grande,
Escola Estadual Ensino Fundamental Maria da Silva Soares,,,NÃO EXISTE,05 CRE - Pelotas,Arroio Grande,
Escola Estadual Ensino Fundamental Ministro Francisco Brochado da Rocha,,https://www.facebook.com/escola.brochadodarocha/,MAPEADO,05 CRE - Pelotas,Arroio Grande,
Escola Estadual Ensino Fundamental Santa Isabel,,https://www.facebook.com/eeefsantaisabel/?locale=pt_BR,MAPEADO,05 CRE - Pelotas,Arroio Grande,
Escola Estadual Ensino Medio Vinte de Setembro,https://www.instagram.com/escolaestadual20desetembro/,,MAPEADO,05 CRE - Pelotas,Arroio Grande,
Instituto Estadual Educação Aimone Soares Carriconde,https://www.instagram.com/institutoaimonecarriconde/,,MAPEADO,05 CRE - Pelotas,Arroio Grande,
Escola Estadual Ensino Medio Arroio do Padre,,https://www.facebook.com/p/E-E-E-Médio-Arroio-do-Padre-61556536514803/,MAPEADO,05 CRE - Pelotas,Arroio do Padre,
Escola Estadual Ensino Fundamental Barão de Santa Tecla,,,NÃO EXISTE,05 CRE - Pelotas,Canguçu,
Escola Estadual Ensino Fundamental Feliciano Barcellos Nunes,https://www.instagram.com/feliciano_barcellos_nunes/,,MAPEADO,05 CRE - Pelotas,Canguçu,
Escola Estadual Ensino Fundamental Irmãos Andradas,https://www.instagram.com/irmaos.andradas/,,MAPEADO,05 CRE - Pelotas,Canguçu,
Escola Estadual Ensino Fundamental Neusa Paes do Amaral,,https://www.facebook.com/groups/690877557592648/,MAPEADO,05 CRE - Pelotas,Canguçu,
Escola Estadual Ensino Fundamental Orestes Paiva Coutinho,https://www.instagram.com/escolaorestespaivacoutinho/,,MAPEADO,05 CRE - Pelotas,Canguçu,
Escola Estadual Ensino Fundamental Oziel Alves Pereira,,,NÃO EXISTE,05 CRE - Pelotas,Canguçu,
Escola Estadual Ensino Fundamental Professora Maria Moraes Medeiros,https://www.instagram.com/mariamoraesmedeiros/,,MAPEADO,05 CRE - Pelotas,Canguçu,
Escola Estadual Ensino Fundamental Zótico Soares da Silva,https://www.instagram.com/eeef.zoticosoaresdasilva/,,MAPEADO,05 CRE - Pelotas,Canguçu,
Escola Estadual Ensino Medio Alberto Wienke,https://www.instagram.com/wienkeescola/,,MAPEADO,05 CRE - Pelotas,Canguçu,
Escola Estadual Ensino Medio Dr Carlos Mesko,https://www.instagram.com/escola.carlosmesko/,https://www.facebook.com/EDRCarlosmesko/,MAPEADO,05 CRE - Pelotas,Canguçu,
Escola Estadual Ensino Medio João Simões Lopes Neto,,,NÃO EXISTE,05 CRE - Pelotas,Canguçu,
Escola Estadual Ensino Medio João de Deus Nunes,https://www.instagram.com/eeemjdn/,,MAPEADO,05 CRE - Pelotas,Canguçu,
Escola Estadual Ensino Medio Professor José Veridiano Ferreira,https://www.facebook.com/profile.php?id=100008375176178,,MAPEADO,05 CRE - Pelotas,Canguçu,
Escola Estadual Ensino Medio Senador Alberto Pasqualini,https://www.instagram.com/eeemsenadoralberto/,https://www.facebook.com/profile.php?id=1606644409599361,MAPEADO,05 CRE - Pelotas,Canguçu,
Escola Técnica Estadual Cangucu,https://www.instagram.com/escolaetec/,https://www.facebook.com/ETECangucu/,MAPEADO,05 CRE - Pelotas,Canguçu,
Escola Estadual Ensino Fundamental Dona Gabriela Gastal,,https://www.facebook.com/p/Escola-Dona-Gabriela-Gastal-100070395098760/?locale=pt_BR,MAPEADO,05 CRE - Pelotas,Capão do Leão,
Escola Estadual Ensino Fundamental Dr Dario da Silva Tavares,https://www.instagram.com/escoladariotavares/,https://www.facebook.com/mensagemaopt13/,MAPEADO,05 CRE - Pelotas,Capão do Leão,
Escola Estadual Ensino Fundamental Laura Alves Caldeira,https://www.instagram.com/eeeflauracaldeira_oficial/,,MAPEADO,05 CRE - Pelotas,Capão do Leão,
Escola Estadual Ensino Medio Jardim América,https://www.instagram.com/jardimamerica05/,,MAPEADO,05 CRE - Pelotas,Capão do Leão,
Escola Estadual Ensino Medio Presidente Castelo Branco,https://www.instagram.com/escolapresidentecastelobranco/,,MAPEADO,05 CRE - Pelotas,Capão do Leão,
Escola Estadual Ensino Medio Dr Adão Orlando Alves,,https://www.facebook.com/eeem.adaoorlandoalves/,MAPEADO,05 CRE - Pelotas,Cerrito,
Instituto Estadual Educação José Bernabe de Souza,https://www.instagram.com/escolajbscerrito/,,MAPEADO,05 CRE - Pelotas,Cerrito,
Colegio Estadual Bento Gonçalves da Silva,https://www.instagram.com/escolabentogoncalvesdasilva/,,MAPEADO,05 CRE - Pelotas,Cristal,
Escola Estadual Ensino Fundamental Darcy Peixoto da Silveira CIEP,,https://www.facebook.com/CIEP.cristal/,MAPEADO,05 CRE - Pelotas,Cristal,
Escola Estadual Indigena Ensino Fundamental Tavai,,,NÃO EXISTE,05 CRE - Pelotas,Cristal,
Escola Estadual Ensino Medio Corintho Avila Escobar,,,NÃO EXISTE,05 CRE - Pelotas,Herval,
Instituto Estadual Educação São João Batista,,https://www.facebook.com/p/Instituto-Estadual-de-Educação-São-João-Batista-100063719266967/?locale=pt_BR,MAPEADO,05 CRE - Pelotas,Herval,
Colegio Estadual Carlos Alberto Ribas,,,NÃO EXISTE,05 CRE - Pelotas,Jaguarão,
Escola Estadual Ensino Fundamental Dr Alcides Marques,,,NÃO EXISTE,05 CRE - Pelotas,Jaguarão,
Escola Estadual Ensino Fundamental Dr Manoel Amaro Júnior,https://www.instagram.com/manoelamarojrmaj/,,MAPEADO,05 CRE - Pelotas,Jaguarão,
Escola Estadual Ensino Fundamental Joaquim Caetano da Silva,,https://www.facebook.com/joaquim.caetanodasilva.3/,MAPEADO,05 CRE - Pelotas,Jaguarão,
Escola Estadual Ensino Fundamental Maria Quiteria,,,NÃO EXISTE,05 CRE - Pelotas,Jaguarão,
Escola Estadual Ensino Medio Hermes Pintos Affonso,https://www.instagram.com/escolahermespintosaffonso/,,MAPEADO,05 CRE - Pelotas,Jaguarão,
Instituto Estadual Educação Espírito Santo,https://www.instagram.com/escolaespiritosanto_/,,MAPEADO,05 CRE - Pelotas,Jaguarão,
Colegio Estadual Nosso Senhor do Bonfim,https://www.instagram.com/censbbonfim/,,MAPEADO,05 CRE - Pelotas,Morro Redondo,
Escola Estadual Ensino Medio Leonel de Moura Brizola,,https://www.facebook.com/p/Escola-Estadual-de-Ensino-Médio-Leonel-de-Moura-Brizola-100072110053161/,MAPEADO,05 CRE - Pelotas,Pedras Altas,
Colegio Estadual Getúlio Vargas,https://www.instagram.com/gvestadual/,,MAPEADO,05 CRE - Pelotas,Pedro Osório,
Escola Estadual Ensino Fundamental Dr Pedro Brizolara de Souza,https://www.instagram.com/pbsbrizolara/,,MAPEADO,05 CRE - Pelotas,Pedro Osório,
Colegio Estadual Cassiano do Nascimento,https://www.instagram.com/cassianodonascimentooficial/reels/,,MAPEADO,05 CRE - Pelotas,Pelotas,
Colegio Estadual Dom João Braga,https://www.instagram.com/colegiodjbpelotas/,,MAPEADO,05 CRE - Pelotas,Pelotas,
Colegio Estadual Felix da Cunha,https://www.instagram.com/colegiofelixdacunha/,https://www.facebook.com/colegiofelixdacunha/,MAPEADO,05 CRE - Pelotas,Pelotas,
Colégio Tiradentes Pelotas,https://www.instagram.com/colegiotiradentespelotas/,,MAPEADO,05 CRE - Pelotas,Pelotas,
E.E.E. Profis. João XxIII,https://www.instagram.com/eeep_joaoxxiii/,,MAPEADO,05 CRE - Pelotas,Pelotas,
Escola Estadual Educação Basica Osmar da Rocha Grafulha,,https://www.facebook.com/CiepPelotas/?locale=pt_BR,MAPEADO,05 CRE - Pelotas,Pelotas,
Escola Estadual Ensino Fundamental Adolfo Fetter,https://www.instagram.com/eeem.adolfofetter/,,MAPEADO,05 CRE - Pelotas,Pelotas,
Escola Estadual Ensino Fundamental Arco Iris,,https://www.facebook.com/arcoirisarcao/?locale=pt_BR,MAPEADO,05 CRE - Pelotas,Pelotas,
Escola Estadual Ensino Fundamental Dirceu Moreira,,https://www.facebook.com/escola.dirceumoreira/?locale=pt_BR,MAPEADO,05 CRE - Pelotas,Pelotas,
Escola Estadual Ensino Fundamental Dom Joaquim Ferreira de Mello,https://www.instagram.com/pelotascre05/,,MAPEADO,05 CRE - Pelotas,Pelotas,
Escola Estadual Ensino Fundamental Dr Armando Fagundes,https://www.instagram.com/p/DHeKj9dvb09/?img_index=1,,MAPEADO,05 CRE - Pelotas,Pelotas,
Escola Estadual Ensino Fundamental Dr Francisco Simões,https://www.instagram.com/escola.francisco.simoes/,https://www.facebook.com/EscolaSimoesLopes/,MAPEADO,05 CRE - Pelotas,Pelotas,
Escola Estadual Ensino Fundamental Dr Franklin Olive Leite,,,NÃO EXISTE,05 CRE - Pelotas,Pelotas,
Escola Estadual Ensino Fundamental Dr José Brusque Filho,https://www.instagram.com/escolajosebrusque/,,MAPEADO,05 CRE - Pelotas,Pelotas,
Escola Estadual Ensino Fundamental Dr Ottoni Xavier,,,NÃO EXISTE,05 CRE - Pelotas,Pelotas,
Escola Estadual Ensino Fundamental Dr Procopio Duval Gomes de Freitas,https://www.instagram.com/escolaprocopioduval/,,MAPEADO,05 CRE - Pelotas,Pelotas,
Escola Estadual Ensino Fundamental Fernando Treptow,,https://www.facebook.com/escolafernandotreptowoficial/?locale=pt_BR,MAPEADO,05 CRE - Pelotas,Pelotas,
Escola Estadual Ensino Fundamental Jardim de Allah,,https://www.facebook.com/p/Escola-No-Jardim-de-Allah-100063476673688/,MAPEADO,05 CRE - Pelotas,Pelotas,
Escola Estadual Ensino Fundamental Marechal Luiz Alves de Lima e Silva,,,NÃO EXISTE,05 CRE - Pelotas,Pelotas,
Escola Estadual Ensino Fundamental Nossa Senhora Aparecida,,https://www.facebook.com/p/EEEF-Nossa-Senhora-Aparecida-100054242510525/?locale=pt_BR,MAPEADO,05 CRE - Pelotas,Pelotas,
Escola Estadual Ensino Fundamental Nossa Senhora Medianeira,https://www.instagram.com/escolansmedianeira/,,MAPEADO,05 CRE - Pelotas,Pelotas,
Escola Estadual Ensino Fundamental Nossa Senhora das Gracas,https://www.instagram.com/nossasenhoradasgracas4/,,MAPEADO,05 CRE - Pelotas,Pelotas,
Escola Estadual Ensino Fundamental Nossa Senhora de Fátima,https://www.instagram.com/eeefnsfatima/,,MAPEADO,05 CRE - Pelotas,Pelotas,
Escola Estadual Ensino Fundamental Nossa Senhora dos Navegantes,https://www.instagram.com/eeefnsdosnavegantes/,,MAPEADO,05 CRE - Pelotas,Pelotas,
Escola Estadual Ensino Fundamental Padre Rambo,https://www.instagram.com/eeef.padrerambo/,,MAPEADO,05 CRE - Pelotas,Pelotas,
Escola Estadual Ensino Fundamental Parque do Obelisco,https://www.instagram.com/parquedoobelisco/,,MAPEADO,05 CRE - Pelotas,Pelotas,
Escola Estadual Ensino Fundamental Professor Luis Carlos Correa da Silva,,https://www.facebook.com/groups/268210133681771/media,MAPEADO,05 CRE - Pelotas,Pelotas,
Escola Estadual Ensino Fundamental Professora Lelia Romanelli Olmos,,,NÃO EXISTE,05 CRE - Pelotas,Pelotas,
Escola Estadual Ensino Fundamental Professora Ondina Cunha,https://www.instagram.com/escolaestadualondinacunha/?__d=1%2F,,MAPEADO,05 CRE - Pelotas,Pelotas,
Escola Estadual Ensino Fundamental Professora Zilda Morrone,https://www.instagram.com/escolazildamorrone/,,MAPEADO,05 CRE - Pelotas,Pelotas,
Escola Estadual Ensino Fundamental Rachel Mello,,,NÃO EXISTE,05 CRE - Pelotas,Pelotas,
Escola Estadual Ensino Fundamental Santo Antônio,,,NÃO EXISTE,05 CRE - Pelotas,Pelotas,
Escola Estadual Ensino Fundamental São Vicente de Paulo,,,NÃO EXISTE,05 CRE - Pelotas,Pelotas,
Escola Estadual Ensino Fundamental Visconde de Souza Soares,,https://www.facebook.com/profile.php?id=100078648190551,MAPEADO,05 CRE - Pelotas,Pelotas,
Escola Estadual Ensino Medio Adolfo Fetter,https://www.instagram.com/eeem.adolfofetter/,,MAPEADO,05 CRE - Pelotas,Pelotas,
Escola Estadual Ensino Medio Colonia de Pescadores Z 3,,,NÃO EXISTE,05 CRE - Pelotas,Pelotas,
Escola Estadual Ensino Medio Coronel Pedro Osório,https://www.instagram.com/escolacpo/,https://www.facebook.com/pages/Escola-Estadual-Ensino-M%C3%A9dio-Coronel-Pedro-Os%C3%B3rio/1597799243815042,MAPEADO,05 CRE - Pelotas,Pelotas,
Escola Estadual Ensino Medio Dom Antônio Zattera,,,NÃO EXISTE,05 CRE - Pelotas,Pelotas,
Escola Estadual Ensino Medio Dr Amilcar Gigante,https://www.instagram.com/amilcargigante/,https://www.facebook.com/p/Am%C3%ADlcar-Gigante-100063564163256/,MAPEADO,05 CRE - Pelotas,Pelotas,
Escola Estadual Ensino Medio Dr Antônio Leivas Leite,https://www.instagram.com/escolaleivasleite/,,MAPEADO,05 CRE - Pelotas,Pelotas,
Escola Estadual Ensino Medio Dr Augusto Simões Lopes,,https://www.facebook.com/augusto.simoeslopes.3/,MAPEADO,05 CRE - Pelotas,Pelotas,
Escola Estadual Ensino Medio Dr Edmar Fetter,https://www.instagram.com/escolaedmar/,https://www.facebook.com/p/Escola-Estadual-de-Ensino-M%C3%A9dio-Dr-Edmar-Fetter-100089506834772/,MAPEADO,05 CRE - Pelotas,Pelotas,
Escola Estadual Ensino Medio Dr Joaquim Duval,https://www.instagram.com/pelotascre05/,,MAPEADO,05 CRE - Pelotas,Pelotas,
Escola Estadual Ensino Medio Marechal Rondon,,https://www.facebook.com/eeemmarechalrondon/?locale=pt_BR,MAPEADO,05 CRE - Pelotas,Pelotas,
Escola Estadual Ensino Medio Monsenhor Queiroz,https://www.instagram.com/e.e.e.m.monsenhor/,,MAPEADO,05 CRE - Pelotas,Pelotas,
Escola Estadual Ensino Medio Nossa Senhora de Lourdes,https://www.instagram.com/lourdinha_estadual/,,MAPEADO,05 CRE - Pelotas,Pelotas,
Escola Estadual Ensino Medio Prof Elizabeth Blaas Romano,,https://www.facebook.com/p/Elizabeth-Blaas-Romano-100010116912096/,MAPEADO,05 CRE - Pelotas,Pelotas,
Escola Estadual Ensino Medio Santa Rita,https://www.instagram.com/eeem.santarita/,,MAPEADO,05 CRE - Pelotas,Pelotas,
Escola Estadual Ensino Medio Áreal,https://www.instagram.com/pelotascre05/,,MAPEADO,05 CRE - Pelotas,Pelotas,
Escola Estadual Indigena EF Gyro,,,NÃO EXISTE,05 CRE - Pelotas,Pelotas,
Escola Técnica Estadual Professora Sylvia Mello,https://www.instagram.com/escolasylviamellopelotas/,,MAPEADO,05 CRE - Pelotas,Pelotas,
Instituto Estadual Educação Assis Brasil,https://www.instagram.com/i.e.e._assis_brasil/,,MAPEADO,05 CRE - Pelotas,Pelotas,
Neeja Nilda Margarete Stanieski,https://www.instagram.com/neejanildamargaretestanieski/,,MAPEADO,05 CRE - Pelotas,Pelotas,
Colegio Estadual General Hipólito Ribeiro,,https://www.facebook.com/generalhipolitoribeiro/,MAPEADO,05 CRE - Pelotas,Pinheiro Machado,
Escola Estadual Ensino Fundamental João Abílio Vaz,,,NÃO EXISTE,05 CRE - Pelotas,Piratini,
Escola Estadual Ensino Fundamental Professor José Pedro Garcia,,,NÃO EXISTE,05 CRE - Pelotas,Piratini,
Escola Estadual Ensino Fundamental Professor José Zeferino da Silveira,,,NÃO EXISTE,05 CRE - Pelotas,Piratini,
Escola Estadual Ensino Fundamental Professora Inacia Machado da Silveira,,,NÃO EXISTE,05 CRE - Pelotas,Piratini,
Escola Estadual Ensino Fundamental República Riograndense,https://www.instagram.com/escolarepublicariograndense/,,MAPEADO,05 CRE - Pelotas,Piratini,
Escola Estadual Ensino Fundamental Ruy Ramos,,https://www.facebook.com/EscolaRuyRamos/?locale=pt_BR,MAPEADO,05 CRE - Pelotas,Piratini,
Escola Estadual Ensino Fundamental Sepé Tiaraju,,,NÃO EXISTE,05 CRE - Pelotas,Piratini,
Escola Estadual Ensino Medio Carmosina Vaz Guimarães,,https://www.facebook.com/p/Escola-Carmosina-100029016858664/,MAPEADO,05 CRE - Pelotas,Piratini,
Escola Estadual Ensino Medio Deputado Adão Pretto,https://www.instagram.com/escola.adaopretto/,https://www.facebook.com/EEMDeputadoAdaoPretto/,MAPEADO,05 CRE - Pelotas,Piratini,
Instituto Estadual Educação Ponche Verde,,https://www.facebook.com/p/IEE-Ponche-Verde-Escola-Piratini-100073263014707/,MAPEADO,05 CRE - Pelotas,Piratini,
Esc Media Est Jacinto Inácio,,https://www.facebook.com/escolamediaestadualjacintoinacio/,MAPEADO,05 CRE - Pelotas,Santana da Boa Vista,
Escola Estadual Ensino Fundamental Marlene Medeiros,,https://www.facebook.com/escolamarlene/?locale=pt_BR,MAPEADO,05 CRE - Pelotas,Santana da Boa Vista,
Escola Estadual Ensino Fundamental Monsenhor Gautsch,https://www.instagram.com/escolamonsenhorgautsch/,,MAPEADO,05 CRE - Pelotas,São Lourenço do Sul,
Escola Estadual Ensino Fundamental Padre José Herbst,,https://www.facebook.com/jose.herbst.77/?locale=pt_BR,MAPEADO,05 CRE - Pelotas,São Lourenço do Sul,
Escola Estadual Ensino Fundamental Vicente Di Tolla,https://www.instagram.com/vicenteditolla/,,MAPEADO,05 CRE - Pelotas,São Lourenço do Sul,
Escola Estadual Ensino Medio Cruzeiro do Sul,,,NÃO EXISTE,05 CRE - Pelotas,São Lourenço do Sul,
Escola Estadual Ensino Medio Professor Rodolfo Bersch,https://www.instagram.com/rodolfobersch/,https://www.facebook.com/coletivovozesemmovimento/,MAPEADO,05 CRE - Pelotas,São Lourenço do Sul,
Escola Técnica Estadual Santa Isabel,https://www.instagram.com/etesisantaisabel/,,MAPEADO,05 CRE - Pelotas,São Lourenço do Sul,
Instituto Estadual Educação Dr Walter Thofehrn,https://www.instagram.com/ieewt/,https://www.facebook.com/drwalterthofehrn/,MAPEADO,05 CRE - Pelotas,São Lourenço do Sul,
Escola Estadual Ensino Medio João Simões Lopes Neto,https://www.instagram.com/eeem_joaosimoes/,,MAPEADO,05 CRE - Pelotas,Turuçu,
Escola Estadual Ensino Fundamental Adolfo Mânica,https://www.instagram.com/escola_e_e_e_adolfo_manica25/,,MAPEADO,06 CRE - Santa Cruz do Sul,Boqueirão do Leão,
Escola Estadual Ensino Fundamental Aprender,https://www.instagram.com/eeef.aprender/,https://www.facebook.com/prjosuemunizdepaulo/,MAPEADO,06 CRE - Santa Cruz do Sul,Boqueirão do Leão,
Escola Estadual Ensino Fundamental Professora Addes,,https://www.facebook.com/professora.addes/about/?_rdr,MAPEADO,06 CRE - Santa Cruz do Sul,Boqueirão do Leão,
Escola Estadual Ensino Fundamental Serafim Schmidt,https://www.instagram.com/escolaserafimschmidt/,,MAPEADO,06 CRE - Santa Cruz do Sul,Boqueirão do Leão,
Escola Estadual Ensino Medio Eugenio Franciosi,https://www.instagram.com/p/DSJG3Kfid09/?img_index=1,,MAPEADO,06 CRE - Santa Cruz do Sul,Boqueirão do Leão,
Escola Estadual Ensino Fundamental Eveline Fonseca de Oliveira,,,NÃO EXISTE,06 CRE - Santa Cruz do Sul,Candelária,
Escola Estadual Ensino Fundamental Professor Dinarte,,,NÃO EXISTE,06 CRE - Santa Cruz do Sul,Candelária,
Escola Estadual Ensino Fundamental Professor Penedo,https://www.instagram.com/eeefprofessorpenedo/,,MAPEADO,06 CRE - Santa Cruz do Sul,Candelária,
Escola Estadual Ensino Medio Gastao Bragatti Lepage,https://www.instagram.com/escola_lepage/,https://www.facebook.com/escolalepage/,MAPEADO,06 CRE - Santa Cruz do Sul,Candelária,
Escola Estadual Ensino Medio Guia Lopes,https://www.instagram.com/eeemguialopes/,,MAPEADO,06 CRE - Santa Cruz do Sul,Candelária,
Escola Estadual Ensino Medio Prof Fabio Nackpar dos Santos,https://www.instagram.com/escola.fabio.nackpar/,,MAPEADO,06 CRE - Santa Cruz do Sul,Candelária,
Col Est Técnic Dr Zeno Pereira Luz,https://www.instagram.com/cetecdrzenopereiraluz/,,MAPEADO,06 CRE - Santa Cruz do Sul,Encruzilhada do Sul,
Escola Estadual Educação Basica Borges de Medeiros,https://www.instagram.com/e.e.e.b.borgesdemedeiros/,,MAPEADO,06 CRE - Santa Cruz do Sul,Encruzilhada do Sul,
Escola Estadual Ensino Fundamental Dr Mariano da Rocha,,,NÃO EXISTE,06 CRE - Santa Cruz do Sul,Encruzilhada do Sul,
Escola Estadual Ensino Medio Carlos Correa da Silveira,https://www.instagram.com/carloscorreadasilveira/,,MAPEADO,06 CRE - Santa Cruz do Sul,Encruzilhada do Sul,
Instituto Estadual Educação Gomercinda Dornelles Fontoura,https://www.instagram.com/ieegomercinda/tagged/,,MAPEADO,06 CRE - Santa Cruz do Sul,Encruzilhada do Sul,
Escola Estadual Ensino Medio Margit Kliemann,,https://www.facebook.com/p/Escola-Estadual-Margit-Kliemann-100092036108281/,MAPEADO,06 CRE - Santa Cruz do Sul,Gramado Xavier,
Escola Estadual Ensino Medio Emílio Alves Nunes,https://www.instagram.com/escolaemilioalves/,,MAPEADO,06 CRE - Santa Cruz do Sul,Herveiras,
Escola Estadual Ensino Medio José Luchese,,,NÃO EXISTE,06 CRE - Santa Cruz do Sul,Lagoa Bonita do Sul,
Colegio Estadual Poncho Verde,https://www.instagram.com/c.e.poncho_verde/,https://www.facebook.com/pages/Col%C3%A9gio-Estadual-Poncho-Verde/1656983287868228,MAPEADO,06 CRE - Santa Cruz do Sul,Mato Leitão,
Escola Estadual Ensino Fundamental Rita Lobato,https://www.instagram.com/escola.rita.lobato/,,MAPEADO,06 CRE - Santa Cruz do Sul,Pantano Grande,
Escola Estadual Ensino Medio Pedro Nunes de Oliveira,https://www.instagram.com/escolapedronunesdeoliveira/,,MAPEADO,06 CRE - Santa Cruz do Sul,Pantano Grande,
Escola Estadual Ensino Medio Cristo Rei,https://www.instagram.com/cristorei06cre/,,MAPEADO,06 CRE - Santa Cruz do Sul,Passa Sete,
Escola Estadual Ensino Medio Alexandrino de Alencar,https://www.instagram.com/escolaalexandrino/,,MAPEADO,06 CRE - Santa Cruz do Sul,Passo do Sobrado,
Colegio Estadual Barro Vermelho,,https://www.facebook.com/profile.php?id=100063456804124&locale=pt_PT,MAPEADO,06 CRE - Santa Cruz do Sul,Rio Pardo,
Escola Estadual Ensino Fundamental Amaral Lisboa,https://www.instagram.com/emef_zamiradoamarallisboa/,,MAPEADO,06 CRE - Santa Cruz do Sul,Rio Pardo,
Escola Estadual Ensino Fundamental Barão do Triunfo,,https://www.facebook.com/profile.php?id=100031770742546,MAPEADO,06 CRE - Santa Cruz do Sul,Rio Pardo,
Escola Estadual Ensino Fundamental Dr Pedro Alexandrino de Borba,,https://www.facebook.com/profile.php?id=100089880833485,MAPEADO,06 CRE - Santa Cruz do Sul,Rio Pardo,
Escola Estadual Ensino Fundamental Nossa Senhora Aparecida,,https://www.facebook.com/p/Esc-Aparecida-100067856250121/,MAPEADO,06 CRE - Santa Cruz do Sul,Rio Pardo,
Escola Estadual Ensino Fundamental Ramiz Galvao,https://www.instagram.com/escola.ramizgalvao/,,MAPEADO,06 CRE - Santa Cruz do Sul,Rio Pardo,
Escola Estadual Ensino Fundamental Rio Pardo,https://www.instagram.com/eeefriopardo/,,MAPEADO,06 CRE - Santa Cruz do Sul,Rio Pardo,
Escola Estadual Ensino Fundamental Vila Progresso,,https://www.facebook.com/escolavilaprogresso/?locale=pt_BR,MAPEADO,06 CRE - Santa Cruz do Sul,Rio Pardo,
Escola Estadual Ensino Fundamental Érico Veríssimo,,https://www.facebook.com/p/EEEF-Érico-Veríssimo-100082957551610/,MAPEADO,06 CRE - Santa Cruz do Sul,Rio Pardo,
Escola Estadual Ensino Medio Biagio Soares Tarantino,https://www.instagram.com/biagiosoarestarantino06cre/,,MAPEADO,06 CRE - Santa Cruz do Sul,Rio Pardo,
Escola Estadual Ensino Medio Fortaleza,,https://www.facebook.com/fortalezariopardo/,MAPEADO,06 CRE - Santa Cruz do Sul,Rio Pardo,
Escola Estadual Ensino Medio João Habekost,https://www.instagram.com/e.e.e.m.joaohabekost/,,MAPEADO,06 CRE - Santa Cruz do Sul,Rio Pardo,
Instituto Estadual Educação Ernesto Alves,https://www.instagram.com/instituto.ernestoalves/,https://www.facebook.com/p/Instituto-Ernesto-Alves-100083333917697/,MAPEADO,06 CRE - Santa Cruz do Sul,Rio Pardo,
Colegio Estadual Monte Alverne,https://www.instagram.com/colegio_montealverne/,,MAPEADO,06 CRE - Santa Cruz do Sul,Santa Cruz do Sul,
Colegio Estadual Professor Luiz Dourado,https://www.instagram.com/luizdouradooficial/,https://www.facebook.com/compunisc/,MAPEADO,06 CRE - Santa Cruz do Sul,Santa Cruz do Sul,
Escola Estadual Educação Basica Estado de Goias,https://www.instagram.com/escolagoias/,https://www.facebook.com/06.cre/,MAPEADO,06 CRE - Santa Cruz do Sul,Santa Cruz do Sul,
Escola Estadual Ensino Fundamental Bruno Agnes,https://www.instagram.com/escola_brunoagnes/?hl=pt,,MAPEADO,06 CRE - Santa Cruz do Sul,Santa Cruz do Sul,
Escola Estadual Ensino Fundamental Felippe Jacóbs,https://www.instagram.com/escolafelippejacobs/,,MAPEADO,06 CRE - Santa Cruz do Sul,Santa Cruz do Sul,
Escola Estadual Ensino Fundamental Gaspar Bartholomay,https://www.instagram.com/eeef_gasparbartholomay/,,MAPEADO,06 CRE - Santa Cruz do Sul,Santa Cruz do Sul,
Escola Estadual Ensino Fundamental Nossa Senhora de Fátima,,https://www.facebook.com/eeefnossasenhoradefatima/,MAPEADO,06 CRE - Santa Cruz do Sul,Santa Cruz do Sul,
Escola Estadual Ensino Fundamental Petituba,,,NÃO EXISTE,06 CRE - Santa Cruz do Sul,Santa Cruz do Sul,
Escola Estadual Ensino Fundamental Professor José Wilke,https://www.instagram.com/professorjosewilke/,https://www.facebook.com/p/Escola-Jos%C3%A9-Wilke-100065383363500/,MAPEADO,06 CRE - Santa Cruz do Sul,Santa Cruz do Sul,
Escola Estadual Ensino Fundamental Sagrada Familia,https://www.instagram.com/eeefsagrada/,https://www.facebook.com/escolasagradafamilia1915/,MAPEADO,06 CRE - Santa Cruz do Sul,Santa Cruz do Sul,
Escola Estadual Ensino Medio Alfredo José Kliemann,https://www.instagram.com/alfredo_kliemann/,https://www.facebook.com/06.cre/,MAPEADO,06 CRE - Santa Cruz do Sul,Santa Cruz do Sul,
Escola Estadual Ensino Medio Ernesto Alves de Oliveira,https://www.instagram.com/escolaernestoalves/,,MAPEADO,06 CRE - Santa Cruz do Sul,Santa Cruz do Sul,
Escola Estadual Ensino Medio José Mânica,https://www.instagram.com/escolajosemanica/,,MAPEADO,06 CRE - Santa Cruz do Sul,Santa Cruz do Sul,
Escola Estadual Ensino Medio Nossa Senhora da Esperança,https://www.instagram.com/escolaesperanca85/,,MAPEADO,06 CRE - Santa Cruz do Sul,Santa Cruz do Sul,
Escola Estadual Ensino Medio Nossa Senhora do Rosário,https://www.instagram.com/escolarosario/,https://www.facebook.com/pages/Escola-Estadual-Ensino-M%C3%A9dio-Nossa-Senhora-do-Ros%C3%A1rio/1579540285645829,MAPEADO,06 CRE - Santa Cruz do Sul,Santa Cruz do Sul,
Escola Estadual Ensino Medio Prof Affonso Pedro Rabuske,https://www.instagram.com/affonsopedrorabuske/,,MAPEADO,06 CRE - Santa Cruz do Sul,Santa Cruz do Sul,
Escola Estadual Ensino Medio Santa Cruz,https://www.instagram.com/escolajosemanica/,,MAPEADO,06 CRE - Santa Cruz do Sul,Santa Cruz do Sul,
Escola Estadual Ensino Medio Willy Carlos Frohlich,https://www.instagram.com/polivalenteescola/,https://www.facebook.com/polivalentesantacruzdosul/,MAPEADO,06 CRE - Santa Cruz do Sul,Santa Cruz do Sul,
Escola Estadual Ensino Medio Frederico Kops,https://www.instagram.com/escolafredericokops/,,MAPEADO,06 CRE - Santa Cruz do Sul,Sinimbu,
Escola Estadual Educação Basica Padre Benjamim Copetti,https://www.instagram.com/escolacopettioficial/,,MAPEADO,06 CRE - Santa Cruz do Sul,Sobradinho,
Escola Estadual Ensino Fundamental Lindolfo Silva,https://www.instagram.com/escola_lindolfosilva/,,MAPEADO,06 CRE - Santa Cruz do Sul,Sobradinho,
Escola Estadual Ensino Fundamental Santo Carniel,https://www.instagram.com/santocarniel06/reels/,,MAPEADO,06 CRE - Santa Cruz do Sul,Sobradinho,
Escola Estadual Ensino Medio Curupaiti,https://www.instagram.com/escolacurupaiti/,,MAPEADO,06 CRE - Santa Cruz do Sul,Vale Verde,
Escola Estadual Ensino Fundamental Afonso Martin Rohlfes,https://www.instagram.com/escolarohlfes/,,MAPEADO,06 CRE - Santa Cruz do Sul,Vale do Sol,
Escola Estadual Ensino Medio Guilherme Fischer,https://www.instagram.com/eeemguilhermefischer/,,MAPEADO,06 CRE - Santa Cruz do Sul,Vale do Sol,
Escola Estadual Ensino Fundamental 11 de Maio,,https://www.facebook.com/onze.de.maio/,MAPEADO,06 CRE - Santa Cruz do Sul,Venâncio Aires,
Escola Estadual Ensino Fundamental Brigida do Nascimento,,,NÃO EXISTE,06 CRE - Santa Cruz do Sul,Venâncio Aires,
Escola Estadual Ensino Fundamental Cristiano Bencke,https://www.instagram.com/escola_cristianobencke/,,MAPEADO,06 CRE - Santa Cruz do Sul,Venâncio Aires,
Escola Estadual Ensino Fundamental João Pádua da Rosa,,,NÃO EXISTE,06 CRE - Santa Cruz do Sul,Venâncio Aires,
Escola Estadual Ensino Fundamental Leo João Frolich,,,NÃO EXISTE,06 CRE - Santa Cruz do Sul,Venâncio Aires,
Escola Estadual Ensino Fundamental Nossa Senhora do Perpétuo Socorro,,,NÃO EXISTE,06 CRE - Santa Cruz do Sul,Venâncio Aires,
Escola Estadual Ensino Fundamental Prof Pedro Beno Bohn,https://www.instagram.com/escola.pedrobenobohn/,,MAPEADO,06 CRE - Santa Cruz do Sul,Venâncio Aires,
Escola Estadual Ensino Fundamental Professora Helena Bohn,https://www.instagram.com/escolahelenabohn/?__d=11,,MAPEADO,06 CRE - Santa Cruz do Sul,Venâncio Aires,
Escola Estadual Ensino Fundamental Professora Leontina,https://www.instagram.com/professora_leontina/,,MAPEADO,06 CRE - Santa Cruz do Sul,Venâncio Aires,
Escola Estadual Ensino Fundamental São Luiz,,https://www.facebook.com/p/Escola-São-Luiz-100079010734311/,MAPEADO,06 CRE - Santa Cruz do Sul,Venâncio Aires,
Escola Estadual Ensino Fundamental Zilda de Brito Pereira,,https://www.facebook.com/p/Escola-Zilda-de-Brito-Pereira-100086911975112/,MAPEADO,06 CRE - Santa Cruz do Sul,Venâncio Aires,
Escola Estadual Ensino Medio Adelina Isabela Konzen,https://www.instagram.com/escolaadelinakonzen/,,MAPEADO,06 CRE - Santa Cruz do Sul,Venâncio Aires,
Escola Estadual Ensino Medio Crescer,https://www.instagram.com/escolaadelinakonzen/,,MAPEADO,06 CRE - Santa Cruz do Sul,Venâncio Aires,
Escola Estadual Ensino Medio Cônego Albino Juchem,https://www.instagram.com/conegoalbino/,https://www.facebook.com/p/Escola-Estadual-de-Ensino-M%C3%A9dio-C%C3%B4nego-Albino-Juchem-100057585124273/,MAPEADO,06 CRE - Santa Cruz do Sul,Venâncio Aires,
Escola Estadual Ensino Medio Frida Reckziegel,https://www.instagram.com/escolafrida/,https://www.facebook.com/clubeleituras/,MAPEADO,06 CRE - Santa Cruz do Sul,Venâncio Aires,
Escola Estadual Ensino Medio Monte das Tabocas,https://www.instagram.com/montedastabocas/,https://www.facebook.com/escolamontedastabocas/,MAPEADO,06 CRE - Santa Cruz do Sul,Venâncio Aires,
Escola Estadual Ensino Medio Sebastião Jubal Junqueira,https://www.instagram.com/sebastiaojubaljunqueira/,,MAPEADO,06 CRE - Santa Cruz do Sul,Venâncio Aires,
Escola Estadual Ensino Medio Wolfram Metzler,https://www.instagram.com/escolawolfram/,,MAPEADO,06 CRE - Santa Cruz do Sul,Venâncio Aires,
Nucl e EJA e Cp Mário Quintana,,,NÃO EXISTE,06 CRE - Santa Cruz do Sul,Venâncio Aires,
Escola Estadual Ensino Fundamental Frederico Augusto Hannemann,https://www.instagram.com/escolahannemann/,,MAPEADO,06 CRE - Santa Cruz do Sul,Vera Cruz,
Escola Estadual Ensino Fundamental Paraguacu,https://www.instagram.com/escolaparagua/,https://www.facebook.com/p/Not%C3%ADcias-Di%C3%A1rias-100063468043177/,MAPEADO,06 CRE - Santa Cruz do Sul,Vera Cruz,
Escola Estadual Ensino Fundamental Tenente José Jerônimo Mesquita,https://www.instagram.com/escolamesquita_veracruz/,,MAPEADO,06 CRE - Santa Cruz do Sul,Vera Cruz,
Escola Estadual Ensino Medio Vera Cruz,https://www.instagram.com/poliveracruz/,,MAPEADO,06 CRE - Santa Cruz do Sul,Vera Cruz,
Escola Estadual Ensino Medio Pandia Calogeras,https://www.instagram.com/escolapandia/,,MAPEADO,07 CRE - Passo Fundo,Camargo,
Escola Estadual Ensino Medio Dr Abelardo José Nacul,https://www.instagram.com/josenacul/,,MAPEADO,07 CRE - Passo Fundo,Capão Bonito do Sul,
Escola Estadual Ensino Fundamental Ildo Meneghetti,https://www.instagram.com/escolameneghetti/,,MAPEADO,07 CRE - Passo Fundo,Casca,
Escola Estadual Ensino Fundamental Manoel da Nóbrega,,,NÃO EXISTE,07 CRE - Passo Fundo,Casca,
Escola Estadual Ensino Fundamental Manoel de Oliveira Lima,https://www.instagram.com/manoel_de_oliveira_lima_/,,MAPEADO,07 CRE - Passo Fundo,Casca,
Escola Estadual Ensino Fundamental Marechal Arthur da Costa e Silva,https://www.instagram.com/arthurcasca/,,MAPEADO,07 CRE - Passo Fundo,Casca,
Escola Estadual Ensino Fundamental Vitória,https://www.instagram.com/vitoria_casca/,https://www.facebook.com/InspiraES/,MAPEADO,07 CRE - Passo Fundo,Casca,
Escola Estadual Ensino Medio Prof Wilson Luiz Maccarini,https://www.instagram.com/escolamacca/,,MAPEADO,07 CRE - Passo Fundo,Casca,
Escola Estadual Educação Basica Casimiro de Abreu,https://www.instagram.com/casimirodeabreucaseiros/,,MAPEADO,07 CRE - Passo Fundo,Caseiros,
Colegio Estadual Dom Antônio Macedo Costa,,https://www.facebook.com/domantoniodamc,MAPEADO,07 CRE - Passo Fundo,Ciríaco,
Escola Estadual Ensino Fundamental São João Bosco,,,NÃO EXISTE,07 CRE - Passo Fundo,Ciríaco,
Escola Estadual Ensino Fundamental São Sebastião do Quaraim,,,NÃO EXISTE,07 CRE - Passo Fundo,Ciríaco,
Escola Estadual Ensino Medio Visconde de Araguaia,https://www.instagram.com/e.e.viscondedearaguaia/,,MAPEADO,07 CRE - Passo Fundo,Coxilha,
Escola Estadual Ensino Fundamental Augusto Vanzella,,https://www.facebook.com/p/Escola-Estadual-Augusto-Vanzella-100070312113250/,MAPEADO,07 CRE - Passo Fundo,David Canabarro,
Escola Estadual Ensino Fundamental Marechal Rondon,,,NÃO EXISTE,07 CRE - Passo Fundo,David Canabarro,
Escola Estadual Ensino Fundamental São José do Capingui,,,NÃO EXISTE,07 CRE - Passo Fundo,David Canabarro,
Instituto Estadual Educação Assis Brasil,https://www.instagram.com/i.e.e._assis_brasil/,https://www.facebook.com/ieeassisbrasil.brasil.3/,MAPEADO,07 CRE - Passo Fundo,David Canabarro,
Escola Estadual Ensino Medio Raimundo Correa,,https://www.facebook.com/p/Escola-Estadual-de-Ensino-Médio-Raimundo-Corrêa-100094085334160/,MAPEADO,07 CRE - Passo Fundo,Ernestina,
Escola Estadual Ensino Medio Luiza Quitto Busnello,,,NÃO EXISTE,07 CRE - Passo Fundo,Gentil,
Escola Estadual Indigena Ensino Fundamental Helder Tenh Fy,,,NÃO EXISTE,07 CRE - Passo Fundo,Gentil,
Escola Estadual Ensino Medio Adolfo Giordani,https://www.instagram.com/giordaniadolfo/,,MAPEADO,07 CRE - Passo Fundo,Gramado dos Loureiros,
Escola Estadual Indigena Ensino Fundamental Pero Ga,,,NÃO EXISTE,07 CRE - Passo Fundo,Gramado dos Loureiros,
Esc Est Tec Agr Guapore,,https://www.facebook.com/escolaestadualtecnicaagricolaguapore/mentions/,MAPEADO,07 CRE - Passo Fundo,Guaporé,
Escola Estadual Ensino Fundamental Dr Felix Engel Filho,https://www.instagram.com/felixengelfilho/,,MAPEADO,07 CRE - Passo Fundo,Guaporé,
Escola Estadual Ensino Medio Bandeirante,https://www.instagram.com/bandeiranteguapore/,,MAPEADO,07 CRE - Passo Fundo,Guaporé,
Escola Estadual Ensino Medio Frei Caneca,https://www.instagram.com/eeemfreicaneca/,,MAPEADO,07 CRE - Passo Fundo,Guaporé,
Neeja Caminhos do Saber,,,NÃO EXISTE,07 CRE - Passo Fundo,Guaporé,
Escola Estadual Ensino Medio Professora Adelaide Picolotto,https://www.instagram.com/adelaidepicolotto/,,MAPEADO,07 CRE - Passo Fundo,Ibiaçá,
Escola Estadual Ensino Medio Antônio Stella,https://www.instagram.com/escolaantoniostella/,,MAPEADO,07 CRE - Passo Fundo,Ibiraiaras,
Escola Estadual Indigena Ensino Fundamental Monte Caseros,,,NÃO EXISTE,07 CRE - Passo Fundo,Ibiraiaras,
Esc Ens Medio Trajano Machado,https://www.instagram.com/escolatrajanomachado/,,MAPEADO,07 CRE - Passo Fundo,Lagoa Vermelha,
Esc Est Tec Agr Desiderio Finamor,https://www.instagram.com/eetadesideriofinamor/,,MAPEADO,07 CRE - Passo Fundo,Lagoa Vermelha,
Escola Estadual Ensino Fundamental Dr Silveira Neto,https://www.instagram.com/p/DPy5OjGEbBs/?img_index=1,,MAPEADO,07 CRE - Passo Fundo,Lagoa Vermelha,
Escola Estadual Ensino Fundamental Duque de Caxias,https://www.instagram.com/escolaestadualduquinho/,,MAPEADO,07 CRE - Passo Fundo,Lagoa Vermelha,
Escola Estadual Ensino Fundamental José Ferreira Bueno,https://www.instagram.com/escolajoseferreirabueno/,,MAPEADO,07 CRE - Passo Fundo,Lagoa Vermelha,
Escola Estadual Ensino Fundamental João Anselmo Ferreira,https://www.instagram.com/eeefun.joaoanselmo/,,MAPEADO,07 CRE - Passo Fundo,Lagoa Vermelha,
Escola Estadual Ensino Fundamental João Evangelista Saraiva,https://www.instagram.com/sara_iva2025/,,MAPEADO,07 CRE - Passo Fundo,Lagoa Vermelha,
Escola Estadual Ensino Fundamental Luiz Sorgatto,,,NÃO EXISTE,07 CRE - Passo Fundo,Lagoa Vermelha,
Escola Estadual Ensino Fundamental Monteiro Lobato,,,NÃO EXISTE,07 CRE - Passo Fundo,Lagoa Vermelha,
Escola Estadual Ensino Fundamental Orozimbo Tondello,,,NÃO EXISTE,07 CRE - Passo Fundo,Lagoa Vermelha,
Escola Estadual Ensino Fundamental Prof Alda de Lourdes Seben Pereira,,https://www.facebook.com/p/Escola-Estadual-Alda-de-Lourdes-Seben-Pereira-100063699650158/?locale=he_IL,MAPEADO,07 CRE - Passo Fundo,Lagoa Vermelha,
Escola Estadual Ensino Fundamental Professora Delfina Loureiro,https://www.instagram.com/escoladelfinaloureiro/,,MAPEADO,07 CRE - Passo Fundo,Lagoa Vermelha,
Escola Estadual Ensino Medio Dr Araby Augusto Nacul,https://www.instagram.com/colegioaraby/,,MAPEADO,07 CRE - Passo Fundo,Lagoa Vermelha,
Escola Estadual Ensino Medio Francisco Argenta,https://www.instagram.com/escolafranciscoargenta/,,MAPEADO,07 CRE - Passo Fundo,Lagoa Vermelha,
Escola Estadual Ensino Medio Presidente Kennedy,https://www.instagram.com/escolapresidentekennedylv/,https://www.facebook.com/escolakennedylv/,MAPEADO,07 CRE - Passo Fundo,Lagoa Vermelha,
Escola Estadual Ensino Fundamental Charruas,https://www.instagram.com/escola_charruas/,,MAPEADO,07 CRE - Passo Fundo,Marau,
Escola Estadual Ensino Fundamental Herzelino David Bordin,https://www.instagram.com/herzelino2026/,,MAPEADO,07 CRE - Passo Fundo,Marau,
Escola Estadual Ensino Medio Anchieta,https://www.instagram.com/eeem.anchieta/,,MAPEADO,07 CRE - Passo Fundo,Marau,
Instituto Estadual Santo Tomas de Aquino,https://www.instagram.com/iestamarau/,,MAPEADO,07 CRE - Passo Fundo,Marau,
Escola Estadual Ensino Medio Jorge Manfroi,,https://web.facebook.com/profile.php?id=100068912986156,MAPEADO,07 CRE - Passo Fundo,Mato Castelhano,
Escola Estadual Indigena EF Dorival Inácio Niko,https://www.instagram.com/eeiefdorivalinacio/,,MAPEADO,07 CRE - Passo Fundo,Mato Castelhano,
Escola Estadual Indigena Ensino Fundamental Cacique Kogja Joaquim,,,NÃO EXISTE,07 CRE - Passo Fundo,Mato Castelhano,
Escola Estadual Indigena Ensino Fundamental Nen Mag,https://www.instagram.com/escola_nenmag/,,MAPEADO,07 CRE - Passo Fundo,Mato Castelhano,
Escola Estadual Ensino Medio Raimundo Pelissaro,https://www.instagram.com/eraimundopelissaro/,https://www.facebook.com/PrefeituradeMuliterno/,MAPEADO,07 CRE - Passo Fundo,Muliterno,
Escola Estadual Indigena Ensino Fundamental Retanh Leopoldino,,,NÃO EXISTE,07 CRE - Passo Fundo,Muliterno,
Escola Estadual Ensino Medio Nicolau Vergueiro,https://www.instagram.com/escolanicolauvergueiro/,,MAPEADO,07 CRE - Passo Fundo,Nicolau Vergueiro,
Escola Estadual Ensino Fundamental Adilio Daronchi,https://www.instagram.com/escola_adilio.daronchi/,,MAPEADO,07 CRE - Passo Fundo,Nonoai,
Escola Estadual Ensino Medio Maria Dulcina,,https://web.facebook.com/escolamariadulcina/?locale=pt_BR&_rdc=1&_rdr,MAPEADO,07 CRE - Passo Fundo,Nonoai,
Escola Estadual Indigena EM Joaquim Gaten Cassemiro,,,NÃO EXISTE,07 CRE - Passo Fundo,Nonoai,
Colegio Estadual Joaquim Fagundes dos Reis,https://www.instagram.com/col_fagundesdosreis/,,MAPEADO,07 CRE - Passo Fundo,Passo Fundo,
Colégio Tiradentes Passo Fundo,https://www.instagram.com/colegiotiradentes_passofundo/,https://www.facebook.com/CTBMPF/,MAPEADO,07 CRE - Passo Fundo,Passo Fundo,
Escola Estadual Educação Basica Monteiro Lobato,https://www.instagram.com/escola.monteiro.lobato.pf/,https://www.facebook.com/MonteiroLobatoPF/,MAPEADO,07 CRE - Passo Fundo,Passo Fundo,
Escola Estadual Educação Basica Nicolau de Araújo Vergueiro,https://www.instagram.com/eenav.pf/,,MAPEADO,07 CRE - Passo Fundo,Passo Fundo,
Escola Estadual Educação Profissional João de Césaro,https://www.instagram.com/escola.joaodecesaro/,https://www.facebook.com/escola.joao.de.cesaro/,MAPEADO,07 CRE - Passo Fundo,Passo Fundo,
Escola Estadual Ensino Fundamental Abhramo Ângelo Zanotto,,,NÃO EXISTE,07 CRE - Passo Fundo,Passo Fundo,
Escola Estadual Ensino Fundamental Anna Willig,https://www.instagram.com/eeef_anna_willig/,,MAPEADO,07 CRE - Passo Fundo,Passo Fundo,
Escola Estadual Ensino Fundamental Bela Vista,,,NÃO EXISTE,07 CRE - Passo Fundo,Passo Fundo,
Escola Estadual Ensino Fundamental Cláudio Manoel da Costa,,https://web.facebook.com/claudiomanoel.dacosta.7/?_rdc=1&_rdr,MAPEADO,07 CRE - Passo Fundo,Passo Fundo,
Escola Estadual Ensino Fundamental Coronel Gervasio Lucas Annes,https://www.instagram.com/escolagervasiolucasannespf/,,MAPEADO,07 CRE - Passo Fundo,Passo Fundo,
Escola Estadual Ensino Fundamental Gomercindo dos Reis,https://www.instagram.com/escolagomercindo/,,MAPEADO,07 CRE - Passo Fundo,Passo Fundo,
Escola Estadual Ensino Fundamental Irmã Maria Margarida,,https://web.facebook.com/escolairmamariamargarida.margarida/?_rdc=1&_rdr,MAPEADO,07 CRE - Passo Fundo,Passo Fundo,
Escola Estadual Ensino Fundamental Jerônimo Coelho,https://www.instagram.com/escola.jcoficial/,,MAPEADO,07 CRE - Passo Fundo,Passo Fundo,
Escola Estadual Ensino Fundamental João Rosso,https://www.instagram.com/escola_joao_rosso_passo_fundo/,https://www.facebook.com/cantorclovismendes/,MAPEADO,07 CRE - Passo Fundo,Passo Fundo,
Escola Estadual Ensino Fundamental Maurício Sirotsky Sobrinho,,https://web.facebook.com/msspassofundo/?locale=pt_BR&_rdc=1&_rdr,MAPEADO,07 CRE - Passo Fundo,Passo Fundo,
Escola Estadual Ensino Fundamental Monte Castelo,https://www.instagram.com/escolamontecastelo/,,MAPEADO,07 CRE - Passo Fundo,Passo Fundo,
Escola Estadual Ensino Fundamental Padre Paulo Jacques,https://www.instagram.com/escolapadrepaulojacques/,,MAPEADO,07 CRE - Passo Fundo,Passo Fundo,
Escola Estadual Ensino Fundamental Salomao Iochpe,https://www.instagram.com/salomaoiochpe/,,MAPEADO,07 CRE - Passo Fundo,Passo Fundo,
Escola Estadual Ensino Fundamental Valdemar Zanatta,,https://web.facebook.com/p/Escola-Estadual-de-Ensino-Fundamental-Valdemar-Zanatta-100042602815965/?_rdc=1&_rdr,MAPEADO,07 CRE - Passo Fundo,Passo Fundo,
Escola Estadual Ensino Fundamental Wolmar Antônio Salton,https://www.instagram.com/wolmar.salton/,,MAPEADO,07 CRE - Passo Fundo,Passo Fundo,
Escola Estadual Ensino Medio Adelino Pereira Simões,https://www.instagram.com/escola_adelino/,https://www.facebook.com/pages/EE-Ens-M%C3%A9dio-Adelino-Pereira-Sim%C3%B5es/184256401585278,MAPEADO,07 CRE - Passo Fundo,Passo Fundo,
Escola Estadual Ensino Medio Alberto Pasqualini,,https://web.facebook.com/EEEMAlbertoPasqualini/?_rdc=1&_rdr,MAPEADO,07 CRE - Passo Fundo,Passo Fundo,
Escola Estadual Ensino Medio Anna Luisa Ferrao Teixeira,https://www.instagram.com/escolaannaluisapf/,https://www.facebook.com/lunarysbutantasp/,MAPEADO,07 CRE - Passo Fundo,Passo Fundo,
Escola Estadual Ensino Medio Antonino Xavier e Oliveira,https://www.instagram.com/escolaaxo/,,MAPEADO,07 CRE - Passo Fundo,Passo Fundo,
Escola Estadual Ensino Medio Cenezio Camargo Correa,https://www.instagram.com/escolacenezio/,,MAPEADO,07 CRE - Passo Fundo,Passo Fundo,
Escola Estadual Ensino Medio Ernesto Tocchetto,https://www.instagram.com/escolaernestotocchetto/,,MAPEADO,07 CRE - Passo Fundo,Passo Fundo,
Escola Estadual Ensino Medio General Prestes Guimarães,https://www.instagram.com/eeemgalprestesguimaraes/,,MAPEADO,07 CRE - Passo Fundo,Passo Fundo,
Escola Estadual Ensino Medio Maria Dolores Freitas Barros,https://www.instagram.com/eeemmariadolores/,,MAPEADO,07 CRE - Passo Fundo,Passo Fundo,
Escola Estadual Ensino Medio Mário Quintana,https://www.instagram.com/escolamarioquintana/,,MAPEADO,07 CRE - Passo Fundo,Passo Fundo,
Escola Estadual Ensino Medio Paulo Freire,,,NÃO EXISTE,07 CRE - Passo Fundo,Passo Fundo,
Escola Estadual Ensino Medio Profa Lucille Fragoso de Albuquerque,https://www.instagram.com/esclucille/,,MAPEADO,07 CRE - Passo Fundo,Passo Fundo,
Escola Estadual Ensino Medio Professora Eulina Braga,https://www.instagram.com/_eulina_braga/,https://www.facebook.com/p/Escola-Estadual-de-Ensino-M%C3%A9dio-Professora-Eulina-Braga-100065101474257/,MAPEADO,07 CRE - Passo Fundo,Passo Fundo,
Escola Estadual Ensino Medio Professora Meibe Ribeiro,https://www.instagram.com/eeem_profa.meiberibeiro/,,MAPEADO,07 CRE - Passo Fundo,Passo Fundo,
Escola Estadual Ensino Medio Protásio Alves,https://www.instagram.com/protasioalves_pf/,https://www.facebook.com/EEEMAlbertoPasqualini/,MAPEADO,07 CRE - Passo Fundo,Passo Fundo,
Escola Estadual Indigena EF Adalirio Lima Siqueira,,,NÃO EXISTE,07 CRE - Passo Fundo,Passo Fundo,
Escola Estadual Indigena Ensino Fundamental Fag Nor,,,NÃO EXISTE,07 CRE - Passo Fundo,Passo Fundo,
Instituto Estadual Cardeal Arcoverde,https://www.instagram.com/arcoverde_pf/,,MAPEADO,07 CRE - Passo Fundo,Passo Fundo,
Instituto Estadual Cecy Leite Costa,https://www.instagram.com/cecynarede/,,MAPEADO,07 CRE - Passo Fundo,Passo Fundo,
Nucl e EJA e Cp Julieta Villamil Balestro,,,NÃO EXISTE,07 CRE - Passo Fundo,Passo Fundo,
Nucl e EJA e Cp Passo Fundo,https://www.instagram.com/neejapf/,,MAPEADO,07 CRE - Passo Fundo,Passo Fundo,
Escola Estadual Ensino Fundamental 29 de Outubro,,https://web.facebook.com/EscolaEstadualDeEnsinoFundamental29DeOutubro/about,MAPEADO,07 CRE - Passo Fundo,Pontão,
Escola Estadual Ensino Medio Zumbi dos Palmares,https://www.instagram.com/e.e.e.m_zumbi_dos_palmares/,,MAPEADO,07 CRE - Passo Fundo,Pontão,
Escola Estadual Ensino Medio Romano Padoan,,,NÃO EXISTE,07 CRE - Passo Fundo,Rio dos Índios,
Escola Estadual Ensino Medio Belarmino Américo da Veiga,https://www.instagram.com/belarmino_americo_veiga/,https://www.facebook.com/p/Manifesto-pela-Educa%C3%A7%C3%A3o-para-a-Cidadania-e-Desenvolvimento-100069991091090/,MAPEADO,07 CRE - Passo Fundo,Santa Cecília do Sul,
Escola Estadual Ensino Medio Padre Aneto Bogni,https://www.instagram.com/anetobogni/,,MAPEADO,07 CRE - Passo Fundo,Santo Antônio do Palma,
Escola Estadual Ensino Fundamental Bandeirantes,https://www.instagram.com/escola_bandeirantessertao/,,MAPEADO,07 CRE - Passo Fundo,Sertão,
Escola Estadual Ensino Fundamental Eng Luiz Englert,,https://web.facebook.com/escolaluizenglert/?_rdc=1&_rdr,MAPEADO,07 CRE - Passo Fundo,Sertão,
Escola Estadual Ensino Medio Ponche Verde,https://www.instagram.com/ponche_verde/,,MAPEADO,07 CRE - Passo Fundo,Sertão,
Escola Estadual Indigena EF Kandoca Caetano,,,NÃO EXISTE,07 CRE - Passo Fundo,Sertão,
Escola Estadual Ensino Fundamental Giovani Mognon,https://www.instagram.com/escolagiovanimognon/,,MAPEADO,07 CRE - Passo Fundo,São Domingos do Sul,
Escola Estadual Ensino Medio Frederico Benvegnu,https://www.instagram.com/p/DVjD6p8DgnK/?img_index=1,,MAPEADO,07 CRE - Passo Fundo,São Domingos do Sul,
Escola Estadual Ensino Medio Senhor dos Caminhos,https://www.instagram.com/senhordoscaminhostapejara/,,MAPEADO,07 CRE - Passo Fundo,Tapejara,
Escola Estadual Ensino Medio Valeriano Ughini,https://www.instagram.com/valeriano.ughini/,https://www.facebook.com/pages/Escola-Estadual-de-Ensino-Medio-Valeriano-Ughini/148997938569911,MAPEADO,07 CRE - Passo Fundo,Tapejara,
Escola Estadual Ensino Fundamental Alexandre Ferreira,,,NÃO EXISTE,07 CRE - Passo Fundo,União da Serra,
Escola Estadual Ensino Medio Ricardo Francisco Gasparin,,https://www.facebook.com/p/Escola-Ricardo-Francisco-Gasparin-100064734412495/,MAPEADO,07 CRE - Passo Fundo,União da Serra,
Escola Estadual Ensino Medio Cônego Josue Bardin,,,NÃO EXISTE,07 CRE - Passo Fundo,Vanini,
Escola Estadual Ensino Medio Marques de Marica,,https://web.facebook.com/p/Escola-Estadual-de-Ensino-Médio-Marquês-de-Maricá-100087640787315/?_rdc=1&_rdr,MAPEADO,07 CRE - Passo Fundo,Vila Lângaro,
Escola Estadual Ensino Medio Vila Maria,https://www.instagram.com/escolaeevima/,,MAPEADO,07 CRE - Passo Fundo,Vila Maria,
Escola Estadual Ensino Medio Cláudio Antônio Benvegnu,https://www.instagram.com/escolaemclaudioabenvegnu/,,MAPEADO,07 CRE - Passo Fundo,Água Santa,
Escola Estadual Indigena Ensino Fundamental Almerão Domingues Nunes,,,NÃO EXISTE,07 CRE - Passo Fundo,Água Santa,
Escola Estadual Indigena Ensino Fundamental Manoel Inácio,,https://web.facebook.com/profile.php?id=100091848967912,MAPEADO,07 CRE - Passo Fundo,Água Santa,
Colegio Estadual Prof Antônio Lemos de Araújo,https://www.instagram.com/colegiocepala/,https://www.facebook.com/cepala.rs/,MAPEADO,08 CRE - Santa Maria,Cacequi,
Escola Estadual Ensino Fundamental Dario Vitorino Chagas,https://www.instagram.com/dariovitorinochagas/,,MAPEADO,08 CRE - Santa Maria,Cacequi,
Escola Estadual Ensino Fundamental Marechal Hermes da Fonseca,https://www.instagram.com/hermes.da.fonseca/,https://www.facebook.com/p/Hermes-da-Fonseca-100057325546457/,MAPEADO,08 CRE - Santa Maria,Cacequi,
Escola Estadual Ensino Fundamental São Pedro de Alcantara,,,NÃO EXISTE,08 CRE - Santa Maria,Cacequi,
Escola Estadual Ensino Medio Nossa Senhora das Vitórias,,,NÃO EXISTE,08 CRE - Santa Maria,Cacequi,
Escola Estadual Ensino Medio Rocha Vieira,https://www.instagram.com/escolarochavieira/,https://www.facebook.com/p/Escola-Rocha-Vieira-100075995006434/,MAPEADO,08 CRE - Santa Maria,Dilermando de Aguiar,
Escola Estadual Educação Basica Dom Antônio Reis,https://www.instagram.com/eedar.oficial/,,MAPEADO,08 CRE - Santa Maria,Faxinal do Soturno,
Escola Estadual Ensino Fundamental Professora Adelina Zanchi,,https://web.facebook.com/p/Escola-Adelina-Zanchi-100057538334868/?locale=pt_BR&_rdc=1&_rdr,MAPEADO,08 CRE - Santa Maria,Faxinal do Soturno,
Escola Estadual Ensino Fundamental São Domingos Savio,,https://web.facebook.com/p/EEEF-SÃO-Domingos-SÁVIO-100027195237213/?_rdc=1&_rdr,MAPEADO,08 CRE - Santa Maria,Faxinal do Soturno,
Escola Estadual Ensino Fundamental Oliva Lorentz Schumacher,https://www.instagram.com/escola_oliva01/,,MAPEADO,08 CRE - Santa Maria,Formigueiro,
Escola Estadual Ensino Medio João Isidoro Lorentz,https://www.instagram.com/isidorolorentz/,,MAPEADO,08 CRE - Santa Maria,Formigueiro,
Escola Estadual Ensino Medio de Itaara,https://www.instagram.com/eeemdeitaara/,,MAPEADO,08 CRE - Santa Maria,Itaara,
Escola Estadual Educação Basica Padre Pedro Marcelino Copetti,https://www.instagram.com/escolapepedromarcelinocopetti/,,MAPEADO,08 CRE - Santa Maria,Ivorá,
Escola Estadual Ensino Medio Ijucapirama,,,NÃO EXISTE,08 CRE - Santa Maria,Jaguari,
Instituto Estadual Educação Profa Guilhermina Javorski,https://www.instagram.com/guilherminajavorski/,,MAPEADO,08 CRE - Santa Maria,Jaguari,
Escola Estadual Ensino Fundamental 15 de Marco,https://www.instagram.com/escola15demarco/,https://www.facebook.com/p/CE-Julio-de-Castilhos-100089831602545/,MAPEADO,08 CRE - Santa Maria,Júlio de Castilhos,
Escola Estadual Ensino Fundamental Carlos Gomes,https://www.instagram.com/gomesescolacarlos/,https://www.facebook.com/poapatrimonio/,MAPEADO,08 CRE - Santa Maria,Júlio de Castilhos,
Escola Estadual Ensino Fundamental Dolores Paulino,,https://web.facebook.com/EscolaDoloresPaulinoRS/?_rdc=1&_rdr,MAPEADO,08 CRE - Santa Maria,Júlio de Castilhos,
Escola Estadual Ensino Fundamental Dr Ibis Castilhos de Araújo Lopes,https://www.instagram.com/escoladribis/,,MAPEADO,08 CRE - Santa Maria,Júlio de Castilhos,
Escola Estadual Ensino Fundamental Dr Theodoro Ribas Salles,https://www.instagram.com/p/DQxljN1jTfM/,,MAPEADO,08 CRE - Santa Maria,Júlio de Castilhos,
Escola Estadual Ensino Fundamental Joaquim José da Silva Xavier,,https://web.facebook.com/eeefjoaquimjose/?locale=pt_BR&_rdc=1&_rdr,MAPEADO,08 CRE - Santa Maria,Júlio de Castilhos,
Escola Estadual Ensino Fundamental Nossa Senhora Aparecida,,,NÃO EXISTE,08 CRE - Santa Maria,Júlio de Castilhos,
Escola Estadual Ensino Fundamental Senador Alberto Pasqualini,https://www.instagram.com/pasqualinisenador/,,MAPEADO,08 CRE - Santa Maria,Júlio de Castilhos,
Escola Estadual Ensino Medio Dr Júlio Prates de Castilhos,https://www.instagram.com/escolajuliopratesdecastilhos/,,MAPEADO,08 CRE - Santa Maria,Júlio de Castilhos,
Instituto Estadual Educação Vicente Dutra,https://www.instagram.com/ieevicentedutra/,https://www.facebook.com/ieevd/,MAPEADO,08 CRE - Santa Maria,Júlio de Castilhos,
Escola Estadual Ensino Fundamental Florismundo Eggres da Silva,https://www.instagram.com/florismundoeggresdasilva/,,MAPEADO,08 CRE - Santa Maria,Mata,
Escola Estadual Ensino Medio Dona Joaquina,https://www.instagram.com/escoladonajoaquina/,,MAPEADO,08 CRE - Santa Maria,Mata,
Colegio Estadual José Beninca,https://www.instagram.com/col.est.josebeninca/,https://www.facebook.com/p/Col%C3%A9gio-Estadual-Jos%C3%A9-Beninc%C3%A1-100069695267565/,MAPEADO,08 CRE - Santa Maria,Nova Esperança do Sul,
Escola Estadual Educação Basica Tiradentes,https://www.instagram.com/tiradentesnovapalma/,,MAPEADO,08 CRE - Santa Maria,Nova Palma,
Escola Estadual Ensino Fundamental Ana Lobler,,https://web.facebook.com/EscolaAnaLobler/?locale=pt_BR&_rdc=1&_rdr,MAPEADO,08 CRE - Santa Maria,Nova Palma,
Escola Estadual Ensino Fundamental D Érico Ferrari,https://www.instagram.com/domericoferrari/,,MAPEADO,08 CRE - Santa Maria,Nova Palma,
Escola Estadual Ensino Fundamental Padre João Zanella,,https://web.facebook.com/profile.php?id=61572550637279,MAPEADO,08 CRE - Santa Maria,Nova Palma,
Escola Estadual Educação Basica Rui Barbosa,,https://web.facebook.com/E.E.E.B.RuiBarbosa/?_rdc=1&_rdr,MAPEADO,08 CRE - Santa Maria,Pinhal Grande,
Escola Estadual Educação Basica Dom Pedro I,,https://web.facebook.com/groups/1830831033611603/?_rdc=1&_rdr,MAPEADO,08 CRE - Santa Maria,Quevedos,
Colegio Estadual Coronel Pilar,https://www.instagram.com/colegiocoronelpilar/,https://www.facebook.com/ColegioCoronelPilar/,MAPEADO,08 CRE - Santa Maria,Santa Maria,
Colegio Estadual Manoel Ribas,https://www.instagram.com/ccmmanoelribas/,,MAPEADO,08 CRE - Santa Maria,Santa Maria,
Colegio Estadual Padre Romulo Zanchi,https://www.instagram.com/colegioromulozanchi/,,MAPEADO,08 CRE - Santa Maria,Santa Maria,
Colegio Estadual Prof Edna May Cardoso,https://www.instagram.com/colegioestadualednamaycardoso/,https://www.facebook.com/p/Gr%C3%AAmio-estudantil-Edna-May-Cardoso-100063279672477/,MAPEADO,08 CRE - Santa Maria,Santa Maria,
Colegio Estadual Tancredo Neves,https://www.instagram.com/tneves.oficial/,https://www.facebook.com/cetnsm/,MAPEADO,08 CRE - Santa Maria,Santa Maria,
Colégio Tiradentes Santa Maria,https://www.instagram.com/colegiotiradentes_santamaria/,,MAPEADO,08 CRE - Santa Maria,Santa Maria,
E E de Educ Esp Dr Reinaldo Fernando Coser,,https://web.facebook.com/escolacoser/?locale=pt_BR&_rdc=1&_rdr,MAPEADO,08 CRE - Santa Maria,Santa Maria,
Esc Basica Est Cícero Barreto,https://www.instagram.com/cicero.escola/,,MAPEADO,08 CRE - Santa Maria,Santa Maria,
Esc Basica Est Dr Paulo Devanier Lauda CIEP,,https://web.facebook.com/p/Escola-Básica-Estadual-Dr-Paulo-Devanier-Lauda-100057652172896/?locale=pt_BR&_rdc=1&_rdr,MAPEADO,08 CRE - Santa Maria,Santa Maria,
Esc Basica Est Érico Veríssimo,https://www.instagram.com/ebe.ericoverissimo/,,MAPEADO,08 CRE - Santa Maria,Santa Maria,
Escola Estadual Educação Basica Augusto Ruschi,https://www.instagram.com/escolaruschi/,,MAPEADO,08 CRE - Santa Maria,Santa Maria,
Escola Estadual Educação Basica Irmão José Otão,,https://web.facebook.com/p/Escola-José-Otão-100065147434879/?locale=pt_BR&_rdc=1&_rdr,MAPEADO,08 CRE - Santa Maria,Santa Maria,
Escola Estadual Educação Basica Professora Margarida Lopes,https://www.instagram.com/profamargaridalopes/,https://www.facebook.com/escolamargaridalopes/,MAPEADO,08 CRE - Santa Maria,Santa Maria,
Escola Estadual Ensino Fundamental Almiro Beltrame,https://www.instagram.com/almirobeltrame/,https://www.facebook.com/p/Almiro-Beltrame-100067183849634/,MAPEADO,08 CRE - Santa Maria,Santa Maria,
Escola Estadual Ensino Fundamental Arroio Grande,,https://web.facebook.com/profile.php?id=100064820526010,MAPEADO,08 CRE - Santa Maria,Santa Maria,
Escola Estadual Ensino Fundamental Boca do Monte,https://www.instagram.com/escolabocadomonte/,,MAPEADO,08 CRE - Santa Maria,Santa Maria,
Escola Estadual Ensino Fundamental Dr Antônio Xavier da Rocha,https://www.instagram.com/antonioxdarocha08cre/,,MAPEADO,08 CRE - Santa Maria,Santa Maria,
Escola Estadual Ensino Fundamental Gen Edson Figueiredo,https://www.instagram.com/escolaedsonfigueiredo/,,MAPEADO,08 CRE - Santa Maria,Santa Maria,
Escola Estadual Ensino Fundamental General Gomes Carneiro,https://www.instagram.com/escola_gomes_carneiro/,,MAPEADO,08 CRE - Santa Maria,Santa Maria,
Escola Estadual Ensino Fundamental João Belem,https://www.instagram.com/joaobelem_jb/,https://www.facebook.com/destaqueonlinesantamaria/,MAPEADO,08 CRE - Santa Maria,Santa Maria,
Escola Estadual Ensino Fundamental Marechal Rondon,https://www.instagram.com/e.e.marechal_rondon/,,MAPEADO,08 CRE - Santa Maria,Santa Maria,
Escola Estadual Ensino Fundamental Marieta Dambrosio,https://www.instagram.com/dambrosioescolamarieta/,https://www.facebook.com/escolamarieta/,MAPEADO,08 CRE - Santa Maria,Santa Maria,
Escola Estadual Ensino Fundamental Paulo Freire,https://www.instagram.com/eeefpaulofreire/,,MAPEADO,08 CRE - Santa Maria,Santa Maria,
Escola Estadual Ensino Fundamental Professora Celina de Moraes,https://www.instagram.com/celina_de_moraes/,,MAPEADO,08 CRE - Santa Maria,Santa Maria,
Escola Estadual Ensino Medio Cilon Rosa,https://www.instagram.com/eeemcilonrosa/,https://www.facebook.com/EEEMCilonRosa/,MAPEADO,08 CRE - Santa Maria,Santa Maria,
Escola Estadual Ensino Medio Dom Antônio Reis,https://www.instagram.com/domantonioreis9cre/,,MAPEADO,08 CRE - Santa Maria,Santa Maria,
Escola Estadual Ensino Medio Dr Walter Jobim,,https://web.facebook.com/EscolaWalterJobim?locale=pt_BR,MAPEADO,08 CRE - Santa Maria,Santa Maria,
Escola Estadual Ensino Medio Humberto de Campos,https://www.instagram.com/humbertodecampos_sm/,,MAPEADO,08 CRE - Santa Maria,Santa Maria,
Escola Estadual Ensino Medio Marechal Humberto de Alencar Castelo Branco,,https://web.facebook.com/escolacastelobrancosantamaria/?locale=pt_BR&_rdc=1&_rdr,MAPEADO,08 CRE - Santa Maria,Santa Maria,
Escola Estadual Ensino Medio Naura Teixeira Pinheiro,https://www.instagram.com/p/DR2zI1KEiO9/,,MAPEADO,08 CRE - Santa Maria,Santa Maria,
Escola Estadual Ensino Medio Princesa Isabel,https://www.instagram.com/eeemprincesaisabel/,https://www.facebook.com/pessoasdesantamaria/,MAPEADO,08 CRE - Santa Maria,Santa Maria,
Escola Estadual Ensino Medio Professora Maria Rocha,https://www.instagram.com/escola.maria.rocha/,,MAPEADO,08 CRE - Santa Maria,Santa Maria,
Escola Estadual Ensino Medio Santa Marta,,,NÃO EXISTE,08 CRE - Santa Maria,Santa Maria,
Escola Estadual Indigena Eb Yvyra Ija Tenonde Vera Miri,https://www.instagram.com/yvyraija/,,MAPEADO,08 CRE - Santa Maria,Santa Maria,
Escola Estadual Indigena Ensino Fundamental Augusto Ope da Silva,,https://web.facebook.com/escolakaingang/?locale=pt_BR&_rdc=1&_rdr,MAPEADO,08 CRE - Santa Maria,Santa Maria,
Instituto Estadual Educação Olavo Bilac,https://www.instagram.com/inst.educ.olavobilac/,https://www.facebook.com/Inst-Estadual-Educ-Olavo-Bilac-503833043103768/,MAPEADO,08 CRE - Santa Maria,Santa Maria,
Instituto Estadual Luiz Guilherme do Prado Veppo,,https://web.facebook.com/p/Instituto-Estadual-Luiz-Guilherme-do-Prado-Veppo-100054390975668/?locale=pt_BR&_rdc=1&_rdr,MAPEADO,08 CRE - Santa Maria,Santa Maria,
Instituto Estadual Padre Caetano,https://www.instagram.com/iepc77/,,MAPEADO,08 CRE - Santa Maria,Santa Maria,
Nucl e EJA e Cp Julieta Villamil Balestro,,,NÃO EXISTE,08 CRE - Santa Maria,Santa Maria,
Nucl e EJA e Cp Mário Quintana,https://www.instagram.com/neejamarioquintana/,,MAPEADO,08 CRE - Santa Maria,Santa Maria,
Escola Estadual Educação Basica Bom Conselho,https://www.instagram.com/escolabomconselhosm/,https://www.facebook.com/pages/Escola-Estadual-de-Educa%C3%A7%C3%A3o-B%C3%A1sica-Bom-Conselho/446989152399874,MAPEADO,08 CRE - Santa Maria,Silveira Martins,
Escola Estadual Ensino Fundamental Laerte Jobim,https://www.instagram.com/escolalaertejobim/,,MAPEADO,08 CRE - Santa Maria,São Francisco de Assis,
Escola Estadual Ensino Fundamental Roque Gonzales,,,NÃO EXISTE,08 CRE - Santa Maria,São Francisco de Assis,
Escola Estadual Ensino Medio João Aguiar,https://www.instagram.com/esc_joaoaguiar/,,MAPEADO,08 CRE - Santa Maria,São Francisco de Assis,
Escola Estadual Ensino Medio João Octavio Nogueira Leiria,https://www.instagram.com/p/DEOQL3gsBHB/?img_index=1,,MAPEADO,08 CRE - Santa Maria,São Francisco de Assis,
Instituto Estadual Educação Salgado Filho,,https://web.facebook.com/ieesf/?_rdc=1&_rdr,MAPEADO,08 CRE - Santa Maria,São Francisco de Assis,
Escola Estadual Educação Basica João XxIII,https://www.instagram.com/escola_joaoxxiii/,https://www.facebook.com/p/Escola-Jo%C3%A3o-XXIII-100076400550037/,MAPEADO,08 CRE - Santa Maria,São João do Polêsine,
Escola Estadual Ensino Fundamental Padre Rafael Iop,https://www.instagram.com/padrerafaeliop/,,MAPEADO,08 CRE - Santa Maria,São João do Polêsine,
Escola Estadual Educação Basica Professora Lelia Ribeiro,,https://web.facebook.com/escolalelia/?locale=tz_MA&_rdc=1&_rdr,MAPEADO,08 CRE - Santa Maria,São Martinho da Serra,
Escola Estadual Educação Basica Tito Ferrari,https://www.instagram.com/escolatitoferrari2025/,,MAPEADO,08 CRE - Santa Maria,São Pedro do Sul,
Escola Estadual Ensino Fundamental Prof Firmino Cardoso Júnior,https://www.instagram.com/firminoemfoco/,https://www.facebook.com/08CRE/,MAPEADO,08 CRE - Santa Maria,São Pedro do Sul,
Colegio Estadual São Sepé,https://www.instagram.com/colegiosaosepe/,,MAPEADO,08 CRE - Santa Maria,São Sepé,
Escola Estadual Educação Basica Francisco Brochado da Rocha CIEP,,https://web.facebook.com/ciep.franciscobrochadodarocha/?locale=pt_BR&_rdc=1&_rdr,MAPEADO,08 CRE - Santa Maria,São Sepé,
Escola Estadual Ensino Fundamental Mário Deluy,https://www.instagram.com/escolamariodeluy/,,MAPEADO,08 CRE - Santa Maria,São Sepé,
Escola Estadual Ensino Medio Reinoldo Emílio Block,,,NÃO EXISTE,08 CRE - Santa Maria,São Sepé,
Instituto Estadual Educação Tiaraju,https://www.instagram.com/ieetiaraju/,,MAPEADO,08 CRE - Santa Maria,São Sepé,
Escola Estadual Ensino Fundamental Borges do Canto,,,NÃO EXISTE,08 CRE - Santa Maria,São Vicente do Sul,
Escola Estadual Ensino Medio São Vicente,https://www.instagram.com/escolasaovicente19/,https://www.facebook.com/pages/Escola-Estadual-de-Ensino-M%C3%A9dio-S%C3%A3o-Vicente/156001227920305,MAPEADO,08 CRE - Santa Maria,São Vicente do Sul,
Escola Estadual Ensino Fundamental Augusto Steinhauzen,,,NÃO EXISTE,08 CRE - Santa Maria,Toropi,
Escola Estadual Ensino Medio Afonso Maurer,https://www.instagram.com/eeemafonsomaurer/,,MAPEADO,08 CRE - Santa Maria,Toropi,
Escola Estadual Educação Basica Eduardo Lopes da Rosa,https://www.instagram.com/escolaeduardolopesdarosa/tagged/,,MAPEADO,08 CRE - Santa Maria,Vila Nova do Sul,
Escola Estadual Ensino Medio Dr João Raimundo,,https://www.facebook.com/p/Escola-Estadual-Ensino-Médio-Dr-João-Raimundo-100083539984353/,MAPEADO,09 CRE - Cruz Alta,Boa Vista do Cadeado,
Escola Estadual Ensino Fundamental Três de Julho,,,NÃO EXISTE,09 CRE - Cruz Alta,Boa Vista do Incra,
Escola Estadual Ensino Medio Professora Helenita Guimarães Pereira,,,NÃO EXISTE,09 CRE - Cruz Alta,Boa Vista do Incra,
Escola Estadual Educação Basica Margarida Pardelhas,https://www.instagram.com/escolamargaridapardelhas1/,,MAPEADO,09 CRE - Cruz Alta,Cruz Alta,
Escola Estadual Educação Basica Venancio Aires,,https://www.facebook.com/VenancioAires00/?locale=pt_BR,MAPEADO,09 CRE - Cruz Alta,Cruz Alta,
Escola Estadual Ensino Fundamental Ana Veríssimo Alves,,,NÃO EXISTE,09 CRE - Cruz Alta,Cruz Alta,
Escola Estadual Ensino Fundamental Arthur Brum,https://www.instagram.com/brum.arth/,https://www.facebook.com/p/Not%C3%ADcias-Di%C3%A1rias-100063468043177/,MAPEADO,09 CRE - Cruz Alta,Cruz Alta,
Escola Estadual Ensino Fundamental Dr Catharino de Azambuja,https://www.instagram.com/catharino.azambuja/,,MAPEADO,09 CRE - Cruz Alta,Cruz Alta,
Escola Estadual Ensino Fundamental Dr Cândido Machado,https://www.instagram.com/drcandidomachado/,,MAPEADO,09 CRE - Cruz Alta,Cruz Alta,
Escola Estadual Ensino Fundamental Dr Gabriel Álvaro de Miranda,https://www.instagram.com/escolagabrielmiranda/,,MAPEADO,09 CRE - Cruz Alta,Cruz Alta,
Escola Estadual Ensino Fundamental Eliza Brum de Lima,https://www.instagram.com/escolaelizabrum/,,MAPEADO,09 CRE - Cruz Alta,Cruz Alta,
Escola Estadual Ensino Fundamental Pacífico Dias da Fonseca,https://www.instagram.com/escolapacifico70/,,MAPEADO,09 CRE - Cruz Alta,Cruz Alta,
Escola Estadual Ensino Medio Dom Antônio Reis,https://www.instagram.com/domantonioreis9cre/,,MAPEADO,09 CRE - Cruz Alta,Cruz Alta,
Escola Estadual Ensino Medio Dr Hildebrando Westphalen,https://www.instagram.com/escolahildebrando.poli/,,MAPEADO,09 CRE - Cruz Alta,Cruz Alta,
Escola Estadual Ensino Medio Major Belarmino Cortes,https://www.instagram.com/major.belarmino.cortes/,,MAPEADO,09 CRE - Cruz Alta,Cruz Alta,
Escola Estadual Ensino Medio Professora Maria Bandarra Westphalen,https://www.instagram.com/escolamariabandarra/,,MAPEADO,09 CRE - Cruz Alta,Cruz Alta,
Escola Estadual Especial Dep Carlos Santos,https://www.instagram.com/ciep.cruzalta/,,MAPEADO,09 CRE - Cruz Alta,Cruz Alta,
Instituto Estadual Educação Prof Annes Dias,https://www.instagram.com/institutoannesdias/,,MAPEADO,09 CRE - Cruz Alta,Cruz Alta,
Nucl e EJA e Cp Josino dos Santos Lima,,,NÃO EXISTE,09 CRE - Cruz Alta,Cruz Alta,
Nucl e EJA e Cp Érico Veríssimo,https://www.instagram.com/neejacruzalta/,,MAPEADO,09 CRE - Cruz Alta,Cruz Alta,
Escola Estadual Educação Basica Leopoldo Meinen,https://www.instagram.com/escolaleopoldomeinen/,,MAPEADO,09 CRE - Cruz Alta,Fortaleza dos Valos,
Escola Estadual Ensino Fundamental Cel Lucio Annes Dias,https://www.instagram.com/coronellucioannes/,,MAPEADO,09 CRE - Cruz Alta,Fortaleza dos Valos,
Escola Estadual Educação Basica General Osório,https://www.instagram.com/generalosorio_ginasio/,https://www.facebook.com/siceibirubars/,MAPEADO,09 CRE - Cruz Alta,Ibirubá,
Escola Estadual Ensino Fundamental Edison Quintana,https://www.instagram.com/escolaedisonquintana/,,MAPEADO,09 CRE - Cruz Alta,Ibirubá,
Escola Estadual Ensino Fundamental Ibirubá,,https://www.facebook.com/escolaibiruba/?locale=pt_BR,MAPEADO,09 CRE - Cruz Alta,Ibirubá,
Instituto Estadual Educação Edmundo Roewer,https://www.instagram.com/edmundoroewerpremen/,,MAPEADO,09 CRE - Cruz Alta,Ibirubá,
Escola Estadual Ensino Medio Menino Jesus,https://www.instagram.com/meninojesus5/,,MAPEADO,09 CRE - Cruz Alta,Jacuizinho,
Escola Estadual Ensino Medio Érico Veríssimo,https://www.instagram.com/eeemericoverissimo/,,MAPEADO,09 CRE - Cruz Alta,Jari,
Escola Estadual Educação Basica Ângelo Furian,https://www.instagram.com/angelo_furian/,,MAPEADO,09 CRE - Cruz Alta,Pejuçara,
Escola Estadual Educação Basica Menino Deus,https://www.instagram.com/_terceirao_md_/,,MAPEADO,09 CRE - Cruz Alta,Quinze de Novembro,
Escola Estadual Ensino Medio Castelo Branco,https://www.instagram.com/escola.castelobranco_/,,MAPEADO,09 CRE - Cruz Alta,Salto do Jacuí,
Escola Estadual Indigena EF Toto Ferreira Silva,,,NÃO EXISTE,09 CRE - Cruz Alta,Salto do Jacuí,
Escola Estadual Indigena Ensino Fundamental Almerinda de Mello,https://www.instagram.com/escolaalmerindademello/,,MAPEADO,09 CRE - Cruz Alta,Salto do Jacuí,
Escola Estadual Indigena Ensino Fundamental Guarani,,,NÃO EXISTE,09 CRE - Cruz Alta,Salto do Jacuí,
Instituto Estadual Educação Miguel Calmon,https://www.instagram.com/ieemiguelcalmon/,https://www.facebook.com/ieemiguelcalmon/,MAPEADO,09 CRE - Cruz Alta,Salto do Jacuí,
Escola Estadual Ensino Fundamental Antônio Silveira,https://www.instagram.com/escola_antonio_silveira/,,MAPEADO,09 CRE - Cruz Alta,Tupanciretã,
Escola Estadual Ensino Fundamental Protásio Lima de Moraes,https://www.instagram.com/escola_protasio/,,MAPEADO,09 CRE - Cruz Alta,Tupanciretã,
Escola Estadual Ensino Medio Joaquim Nabuco,https://www.instagram.com/escolajoaquimnabucotupan/,,MAPEADO,09 CRE - Cruz Alta,Tupanciretã,
Instituto Estadual Educação Mãe de Deus,https://www.instagram.com/iee_maededeus23/,,MAPEADO,09 CRE - Cruz Alta,Tupanciretã,
Colegio Estadual Emílio Zuneda,https://www.instagram.com/emilio.zuneda/,,MAPEADO,10 CRE - Uruguaiana,Alegrete,
Escola Estadual Educação Basica Dr Lauro Dornelles,https://www.instagram.com/escolalaurodornelles/,,MAPEADO,10 CRE - Uruguaiana,Alegrete,
Escola Estadual Ensino Fundamental Barros Cassal,https://www.instagram.com/escola_barroscassal/,,MAPEADO,10 CRE - Uruguaiana,Alegrete,
Escola Estadual Ensino Fundamental Dr Arthur Hormain,,,NÃO EXISTE,10 CRE - Uruguaiana,Alegrete,
Escola Estadual Ensino Fundamental Ecilda Alves Paim,,https://www.facebook.com/ecildaalvespaim/?locale=pt_BR,MAPEADO,10 CRE - Uruguaiana,Alegrete,
Escola Estadual Ensino Fundamental Eduardo Vargas,https://www.instagram.com/eeefeduardo.vargas/,,MAPEADO,10 CRE - Uruguaiana,Alegrete,
Escola Estadual Ensino Fundamental Farroupilha,https://www.instagram.com/escolafarroupilhaalegrete/,,MAPEADO,10 CRE - Uruguaiana,Alegrete,
Escola Estadual Ensino Fundamental Freitas Valle,https://www.instagram.com/escolafreitasvalle/,,MAPEADO,10 CRE - Uruguaiana,Alegrete,
Escola Estadual Ensino Fundamental Gaspar Martins,https://www.instagram.com/gaspar.martins2025/,,MAPEADO,10 CRE - Uruguaiana,Alegrete,
Escola Estadual Ensino Fundamental Marques D Alegrete,https://www.instagram.com/marquesdalegrete/,https://www.facebook.com/alairalmeidaalegrete/,MAPEADO,10 CRE - Uruguaiana,Alegrete,
Escola Estadual Ensino Fundamental Osvaldo Dornelles,,https://www.facebook.com/profile.php?id=100086441532056&locale=nl_BE,MAPEADO,10 CRE - Uruguaiana,Alegrete,
Escola Estadual Ensino Fundamental Salgado Filho,https://www.instagram.com/escolasalgadofilhoalegrete/?hl=en,,MAPEADO,10 CRE - Uruguaiana,Alegrete,
Escola Estadual Ensino Fundamental Santa Inês,,,NÃO EXISTE,10 CRE - Uruguaiana,Alegrete,
Escola Estadual Ensino Medio Demétrio Ribeiro,https://www.instagram.com/demetrioribeiro_/reels/,,MAPEADO,10 CRE - Uruguaiana,Alegrete,
Escola Estadual Ensino Medio Dr Romario Araújo de Oliveira,,,NÃO EXISTE,10 CRE - Uruguaiana,Alegrete,
Escola Estadual Ensino Medio José Bonifácio,,https://www.facebook.com/jose.bonifacio.361492,MAPEADO,10 CRE - Uruguaiana,Alegrete,
Escola Estadual Ensino Medio Tancredo de Almeida Neves,,https://www.facebook.com/tan.alegreters/?locale=pt_BR,MAPEADO,10 CRE - Uruguaiana,Alegrete,
Escola Estadual Ensino Medio Waldemar Borges,https://www.instagram.com/borgesmedio/,,MAPEADO,10 CRE - Uruguaiana,Alegrete,
Instituto Estadual Educação Oswaldo Aranha,https://www.instagram.com/escolaoswaldoaranha/,,MAPEADO,10 CRE - Uruguaiana,Alegrete,
Escola Estadual Ensino Medio Nilza Correa Pereira,https://www.instagram.com/escolanilza1938/,,MAPEADO,10 CRE - Uruguaiana,Barra do Quaraí,
Colegio Estadual São Patricio,https://www.instagram.com/cesp1950/?hl=pt,,MAPEADO,10 CRE - Uruguaiana,Itaqui,
Escola Estadual Ensino Fundamental Aureliano Barbosa,https://www.instagram.com/escolaaurelianobarbosa/,,MAPEADO,10 CRE - Uruguaiana,Itaqui,
Escola Estadual Ensino Fundamental Cel Felipe Nery de Aguiar,https://www.instagram.com/felipenery2023/,,MAPEADO,10 CRE - Uruguaiana,Itaqui,
Escola Estadual Ensino Fundamental Dr Anibal Loureiro,,https://www.facebook.com/escolaaniballoureiro/?locale=pt_BR,MAPEADO,10 CRE - Uruguaiana,Itaqui,
Escola Estadual Ensino Fundamental Dr Roque Degrazia,https://www.instagram.com/degrazia_polivalente/,,MAPEADO,10 CRE - Uruguaiana,Itaqui,
Escola Estadual Ensino Fundamental Tito Correa Lopes,https://www.instagram.com/escola_tito.c.lopes/,,MAPEADO,10 CRE - Uruguaiana,Itaqui,
Escola Estadual Ensino Medio Osório Braga,,https://www.facebook.com/Osoriobragaitao/,MAPEADO,10 CRE - Uruguaiana,Itaqui,
Escola Estadual Ensino Medio Professora Odila Villordo de Moraes,https://www.instagram.com/odila.villordodemoraes/,,MAPEADO,10 CRE - Uruguaiana,Itaqui,
Instituto Estadual Educação Osvaldo Cruz,https://www.instagram.com/iee.osvaldocruz/,,MAPEADO,10 CRE - Uruguaiana,Itaqui,
Escola Estadual Educação Basica Manoel Viana,https://www.instagram.com/e.e.e.b.manoelviana/,,MAPEADO,10 CRE - Uruguaiana,Manoel Viana,
Escola Estadual Ensino Fundamental Paulo Freire,https://www.instagram.com/escola_paulo_freire_24/,,MAPEADO,10 CRE - Uruguaiana,Manoel Viana,
Escola Estadual Ensino Fundamental Salgado Filho,https://www.instagram.com/esalgadofilho/,,MAPEADO,10 CRE - Uruguaiana,Manoel Viana,
Colegio Estadual Dr Roberval Beheregaray Azevedo,https://www.instagram.com/colegioroberval/,,MAPEADO,10 CRE - Uruguaiana,Uruguaiana,
Escola Estadual Ensino Fundamental Adir Mascia,https://www.instagram.com/adir.mascia1958/,,MAPEADO,10 CRE - Uruguaiana,Uruguaiana,
Escola Estadual Ensino Fundamental Antônio Mary Ulrich,,,NÃO EXISTE,10 CRE - Uruguaiana,Uruguaiana,
Escola Estadual Ensino Fundamental Dom Luiz Felipe de Nadal,,,NÃO EXISTE,10 CRE - Uruguaiana,Uruguaiana,
Escola Estadual Ensino Fundamental Dr Maia,,,NÃO EXISTE,10 CRE - Uruguaiana,Uruguaiana,
Escola Estadual Ensino Fundamental Ernesto Dornelles,https://www.instagram.com/eeef.ernestodornelles/,,MAPEADO,10 CRE - Uruguaiana,Uruguaiana,
Escola Estadual Ensino Fundamental Flores da Cunha,https://www.instagram.com/escolafloresdacunha/,https://www.facebook.com/p/Tramanda%C3%AD-Centro-100063174914295/,MAPEADO,10 CRE - Uruguaiana,Uruguaiana,
Escola Estadual Ensino Fundamental Hermeto José Pinto Bermudez,,,NÃO EXISTE,10 CRE - Uruguaiana,Uruguaiana,
Escola Estadual Ensino Fundamental Iris Valls,https://www.instagram.com/escola_irisvalls/,https://www.facebook.com/irisvalls2018/,MAPEADO,10 CRE - Uruguaiana,Uruguaiana,
Escola Estadual Ensino Fundamental Júlio de Castilhos,,https://www.facebook.com/profile.php?id=100053445205464&locale=nn_NO,MAPEADO,10 CRE - Uruguaiana,Uruguaiana,
Escola Estadual Ensino Fundamental Paso de Los Libres,https://www.instagram.com/escola.paso/,,MAPEADO,10 CRE - Uruguaiana,Uruguaiana,
Escola Estadual Ensino Fundamental Prof Antônio Moacir Pereira Jacques,,https://www.facebook.com/antoniomoacir.pereirajacques.5/,MAPEADO,10 CRE - Uruguaiana,Uruguaiana,
Escola Estadual Ensino Fundamental Prof Cirilo Zadra,https://www.instagram.com/prof_cirilozadra/,,MAPEADO,10 CRE - Uruguaiana,Uruguaiana,
Escola Estadual Ensino Fundamental República do Uruguai,https://www.instagram.com/republicadouruguai1958/,,MAPEADO,10 CRE - Uruguaiana,Uruguaiana,
Escola Estadual Ensino Fundamental Uruguaiana,,,NÃO EXISTE,10 CRE - Uruguaiana,Uruguaiana,
Escola Estadual Ensino Medio Antônio Londero,https://www.instagram.com/londero.2025/,,MAPEADO,10 CRE - Uruguaiana,Uruguaiana,
Escola Estadual Ensino Medio Comendadora Dolores Cunha,,https://www.facebook.com/p/Escola-Estadual-Comendadora-Dolores-Cunha-100067913911625/,MAPEADO,10 CRE - Uruguaiana,Uruguaiana,
Escola Estadual Ensino Medio Dom Hermeto,https://www.instagram.com/escoladomhermeto/,https://www.facebook.com/domhermeto/,MAPEADO,10 CRE - Uruguaiana,Uruguaiana,
Escola Estadual Ensino Medio Dr João Fagundes,https://www.instagram.com/escolajonfa/,,MAPEADO,10 CRE - Uruguaiana,Uruguaiana,
Escola Estadual Ensino Medio Embaixador João Baptista Lusardo,https://www.instagram.com/escolaciepuruguaiana/,,MAPEADO,10 CRE - Uruguaiana,Uruguaiana,
Escola Estadual Ensino Medio Marechal Cândido Rondon,https://www.instagram.com/escola_rondon/,,MAPEADO,10 CRE - Uruguaiana,Uruguaiana,
Escola Estadual Ensino Medio Professora Lilia Guimarães,,,NÃO EXISTE,10 CRE - Uruguaiana,Uruguaiana,
Escola Estadual Ensino Medio Senador Salgado Filho,https://www.instagram.com/senadorsalgadofilhouruguaiana/,,MAPEADO,10 CRE - Uruguaiana,Uruguaiana,
Escola Estadual Ensino Medio Uruguaiana,https://www.instagram.com/uruguaianaensinomedio/,,MAPEADO,10 CRE - Uruguaiana,Uruguaiana,
Instituto Estadual Educação Elisa Ferrari Valls,https://www.instagram.com/escolaelisafv/,https://www.facebook.com/p/10%C2%AA-CRE-100090072293847/,MAPEADO,10 CRE - Uruguaiana,Uruguaiana,
Instituto Estadual Leda Maria Pereira da Silva,https://www.instagram.com/escolaledamaria/,https://www.facebook.com/prefeiturauruguaianaoficial/,MAPEADO,10 CRE - Uruguaiana,Uruguaiana,
Instituto Estadual Paulo Freire,,https://www.facebook.com/institutoestadualpaulofreire,MAPEADO,10 CRE - Uruguaiana,Uruguaiana,
Instituto Estadual Romaguera Correa,,https://www.facebook.com/p/Instituto-Romaguera-Correa-100066525882414/,MAPEADO,10 CRE - Uruguaiana,Uruguaiana,
Nucl e EJA e Cp Zenir Meirelles Dutra,,,NÃO EXISTE,10 CRE - Uruguaiana,Uruguaiana,
Escola Estadual Ensino Medio José de Quadros,https://www.instagram.com/escolajosedequadros/,,MAPEADO,11 CRE - Osório,Arroio do Sal,
Escola Estadual Ensino Medio Diogo Penha,https://www.instagram.com/escoladiegopenha/,https://www.facebook.com/p/Guiazapp-Cat%C3%A1lago-100063511003314/,MAPEADO,11 CRE - Osório,Balneário Pinhal,
Escola Estadual Ensino Medio Arthur da Costa e Silva,https://www.instagram.com/escolarthur/,,MAPEADO,11 CRE - Osório,Capivari do Sul,
Escola Estadual Indigena Ensino Fundamental Arandua,,,NÃO EXISTE,11 CRE - Osório,Capivari do Sul,
Escola Estadual Ensino Fundamental Emílio Tarrago Assumpção,https://www.instagram.com/escolaemiliotarrago/,,MAPEADO,11 CRE - Osório,Capão da Canoa,
Escola Estadual Ensino Medio Capão Novo,https://www.instagram.com/escolacapaonovo/,,MAPEADO,11 CRE - Osório,Capão da Canoa,
Escola Estadual Ensino Medio Luiz Moschetti,https://www.instagram.com/escolaluizmoschetti/,,MAPEADO,11 CRE - Osório,Capão da Canoa,
Instituto Estadual Riachuelo,https://www.instagram.com/riachuelo11cre/,,MAPEADO,11 CRE - Osório,Capão da Canoa,
Escola Estadual Ensino Medio Marcal Ramos,https://www.instagram.com/marcal.ramos/,,MAPEADO,11 CRE - Osório,Caraá,
Escola Estadual Indigena Ensino Fundamental Yaka Nhendu,,,NÃO EXISTE,11 CRE - Osório,Caraá,
Escola Estadual Educação Basica Raul Pilla,https://docs.google.com/spreadsheets/d/1JILodPFE7dK-b9cl6qzJu2nMyNaJD0ED_OOGASzmoLQ/edit?pli=1&gid=1565399547#gid=1565399547,,MAPEADO,11 CRE - Osório,Cidreira,
Escola Estadual Ensino Fundamental Herlita Silveira Teixeira CIEP em Cidreira,https://www.instagram.com/escolaherlita_cidreira/,,MAPEADO,11 CRE - Osório,Cidreira,
Escola Estadual Ensino Fundamental José Antônio Rolim,https://www.instagram.com/escolajoseantoniorolim/,,MAPEADO,11 CRE - Osório,Dom Pedro de Alcântara,
Escola Estadual Ensino Medio Dom Pedro de Alcantara,https://www.instagram.com/escoladpa/,,MAPEADO,11 CRE - Osório,Dom Pedro de Alcântara,
Escola Estadual Ensino Medio Nove de Maio,https://www.instagram.com/eeemnovedemaio/,https://www.facebook.com/escola9demaiooficial/,MAPEADO,11 CRE - Osório,Imbé,
Escola Estadual Ensino Medio Reinaldo Vaccari,https://www.instagram.com/escola_reinaldo_vaccari/,,MAPEADO,11 CRE - Osório,Imbé,
Escola Estadual Ensino Fundamental Guilherme Schmitt,https://www.instagram.com/escolaguilhermeschmitt/,,MAPEADO,11 CRE - Osório,Itati,
Escola Estadual Ensino Medio Pastor Voges,https://www.instagram.com/escolapastorvoges/,,MAPEADO,11 CRE - Osório,Itati,
Escola Estadual Ensino Fundamental Martimiano Ferreira Alves,https://www.instagram.com/escolamartimiano/,,MAPEADO,11 CRE - Osório,Mampituba,
Escola Estadual Ensino Medio Elio de Farias Matos,https://www.instagram.com/elio_farias_matos/,,MAPEADO,11 CRE - Osório,Mampituba,
E.E.Q.Ens.Med. Santa Teresinha,https://www.instagram.com/escolaquilombolasantateresinha/,,MAPEADO,11 CRE - Osório,Maquiné,
Escola Estadual Educação Basica Lourenco Leon Von Langendonck,https://www.instagram.com/escolalangendonck/,https://www.facebook.com/LangendonckVirtual/,MAPEADO,11 CRE - Osório,Maquiné,
Escola Estadual Ensino Medio Hilário Ribeiro,https://www.instagram.com/escolahilario.11cre/,https://www.facebook.com/p/Escola-Hil%C3%A1rio-Ribeiro-61552222139653/,MAPEADO,11 CRE - Osório,Maquiné,
Escola Estadual Indigena Ensino Fundamental Kurity,,,NÃO EXISTE,11 CRE - Osório,Maquiné,
Esc Est Basica Sagrada Familia,https://www.instagram.com/eeb.sagradafamilia/,,MAPEADO,11 CRE - Osório,Morrinhos do Sul,
Escola Estadual Ensino Fundamental São Jorge,,,NÃO EXISTE,11 CRE - Osório,Morrinhos do Sul,
Escola Estadual Ensino Fundamental 11 de Abril,https://www.instagram.com/onzedeabrilmostardas/,,MAPEADO,11 CRE - Osório,Mostardas,
Escola Estadual Ensino Medio Mário Quintana,https://www.instagram.com/filhosmq/,,MAPEADO,11 CRE - Osório,Mostardas,
Escola Estadual Ensino Medio Pe Simao Moser,,https://www.facebook.com/escolapesimao/?locale=pt_BR,MAPEADO,11 CRE - Osório,Mostardas,
Escola Estadual Educação Basica Prudente de Morais,https://www.instagram.com/escolaprudentedemorais/,https://www.facebook.com/marceloandre.plewinski/,MAPEADO,11 CRE - Osório,Osório,
Escola Estadual Ensino Fundamental Cônego Pedro Jacóbs,https://www.instagram.com/conegopedrojacobs/,,MAPEADO,11 CRE - Osório,Osório,
Escola Estadual Ensino Fundamental Gal Osório,https://www.instagram.com/escgenosorio/,,MAPEADO,11 CRE - Osório,Osório,
Escola Estadual Ensino Fundamental Prof Milton Pacheco,https://www.instagram.com/escolamiltonpacheco/,,MAPEADO,11 CRE - Osório,Osório,
Escola Estadual Ensino Medio Albatroz,https://www.instagram.com/escolaalbatroz/,https://www.facebook.com/p/13%C2%BA-N%C3%BAcleo-CPERS-Os%C3%B3rio-100067864066941/,MAPEADO,11 CRE - Osório,Osório,
Escola Estadual Ensino Medio Ildefonso Simões Lopes,https://www.instagram.com/ruralosorio/,https://www.facebook.com/escolarural/,MAPEADO,11 CRE - Osório,Osório,
Escola Estadual Ensino Medio Maria Teresa V Castilhos,https://www.instagram.com/polivalenteosorioescola/,,MAPEADO,11 CRE - Osório,Osório,
Escola Estadual Indigena Ensino Fundamental Kuaray Rese,,,NÃO EXISTE,11 CRE - Osório,Osório,
Neeja Novos Ventos,https://www.instagram.com/neeja_novosventos/,,MAPEADO,11 CRE - Osório,Osório,
Escola Estadual Ensino Fundamental Manoel Luiz,https://www.instagram.com/escolamanoelluiz/,https://www.facebook.com/pages/Escola-Estadual-de-Ensino-Fundamental-Manoel-Luiz/1677544459209193,MAPEADO,11 CRE - Osório,Palmares do Sul,
Escola Estadual Ensino Fundamental Padre Luis Fischer,https://www.instagram.com/escolafischer/,,MAPEADO,11 CRE - Osório,Palmares do Sul,
Escola Estadual Ensino Medio Professor Albano Alves Pereira,https://www.instagram.com/escolaalbano25/,https://www.facebook.com/escolaalbanoalvespereira/,MAPEADO,11 CRE - Osório,Palmares do Sul,
Escola Estadual Indigena Ensino Fundamental Kuaray Mimbi,,,NÃO EXISTE,11 CRE - Osório,Palmares do Sul,
Escola Estadual Ensino Medio João Alfredo,https://www.instagram.com/escolajoalf/,,MAPEADO,11 CRE - Osório,Riozinho,
Escola Estadual Indigena Ensino Fundamental Arandu Pora,,,NÃO EXISTE,11 CRE - Osório,Riozinho,
Escola Estadual Educação Basica Com Albino Souza Cruz,https://www.instagram.com/p/DGyVw2JS3uY/,,MAPEADO,11 CRE - Osório,Rolante,
Escola Estadual Ensino Fundamental Frei Miguelinho,https://www.instagram.com/escolafreimiguelinho/,,MAPEADO,11 CRE - Osório,Rolante,
Escola Estadual Ensino Fundamental 12 de Outubro,,https://www.facebook.com/p/Escola-Estadual-de-ensino-fundamental-12-de-Outubro-100064872974732/,MAPEADO,11 CRE - Osório,Santo Antonio da Patrulha,
Escola Estadual Ensino Fundamental Abentulino Ramos,https://www.instagram.com/escolaabentulinoramos/,,MAPEADO,11 CRE - Osório,Santo Antonio da Patrulha,
Escola Estadual Ensino Fundamental Afonso Celso,https://www.instagram.com/afonsocelsoescola/,,MAPEADO,11 CRE - Osório,Santo Antonio da Patrulha,
Escola Estadual Ensino Fundamental Afonso José Nunes Santana,https://www.instagram.com/escolaafonsojosenunessantana/,,MAPEADO,11 CRE - Osório,Santo Antonio da Patrulha,
Escola Estadual Ensino Fundamental Antônio Carlos,https://www.instagram.com/escola.ac/,https://www.facebook.com/camaravereadoressap/,MAPEADO,11 CRE - Osório,Santo Antonio da Patrulha,
Escola Estadual Ensino Fundamental Arroio do Carvalho,https://www.instagram.com/escolaarroiodocarvalho/,,MAPEADO,11 CRE - Osório,Santo Antonio da Patrulha,
Escola Estadual Ensino Fundamental Dr Leonardo Truda,https://www.instagram.com/e.dr.leonardotruda/,,MAPEADO,11 CRE - Osório,Santo Antonio da Patrulha,
Escola Estadual Ensino Fundamental Estado do Espírito Santo,,,NÃO EXISTE,11 CRE - Osório,Santo Antonio da Patrulha,
Escola Estadual Ensino Fundamental Felisberto Luiz de Oliveira,https://www.instagram.com/escola_felisberto/,,MAPEADO,11 CRE - Osório,Santo Antonio da Patrulha,
Escola Estadual Ensino Fundamental Ferreira Viana,https://www.instagram.com/escola_ferreiraviana/,,MAPEADO,11 CRE - Osório,Santo Antonio da Patrulha,
Escola Estadual Ensino Fundamental José Martins Correa Filho,https://www.instagram.com/josemartins_escola/,,MAPEADO,11 CRE - Osório,Santo Antonio da Patrulha,
Escola Estadual Ensino Fundamental José Pereira da Rocha,,https://www.facebook.com/josepdarocha/about?locale=pt_BR,MAPEADO,11 CRE - Osório,Santo Antonio da Patrulha,
Escola Estadual Ensino Fundamental Jóvelino Theodoro,https://www.instagram.com/escjovelinotheodoro/,,MAPEADO,11 CRE - Osório,Santo Antonio da Patrulha,
Escola Estadual Ensino Fundamental Padre Reus,https://www.instagram.com/escolaestadualpadrereus_sap/,,MAPEADO,11 CRE - Osório,Santo Antonio da Patrulha,
Escola Estadual Ensino Fundamental Presidente Castelo Branco,,https://www.facebook.com/esc.prescastelobranco/,MAPEADO,11 CRE - Osório,Santo Antonio da Patrulha,
Escola Estadual Ensino Fundamental Santos Dumont,https://www.instagram.com/escolasantosdumont_/,,MAPEADO,11 CRE - Osório,Santo Antonio da Patrulha,
Escola Estadual Ensino Fundamental Villa Lobos,,,NÃO EXISTE,11 CRE - Osório,Santo Antonio da Patrulha,
Escola Estadual Ensino Fundamental Visconde do Rio Branco,https://www.instagram.com/escolaviscondedoriobrancors/,,MAPEADO,11 CRE - Osório,Santo Antonio da Patrulha,
Escola Estadual Ensino Medio Patrulhense,https://www.instagram.com/escolapatrulhense/,,MAPEADO,11 CRE - Osório,Santo Antonio da Patrulha,
Escola Estadual Ensino Medio Professor Cândido de Barros,https://www.instagram.com/escolacandidodebarros/,https://www.facebook.com/escolacandidodebarros/,MAPEADO,11 CRE - Osório,Santo Antonio da Patrulha,
Escola Estadual Ensino Medio Professora Gregória de Mendonca,https://www.instagram.com/escolagregoriademendonca/,,MAPEADO,11 CRE - Osório,Santo Antonio da Patrulha,
Instituto Estadual Educação Santo Antônio,https://www.instagram.com/ieesa.sap/,,MAPEADO,11 CRE - Osório,Santo Antonio da Patrulha,
Nucl e EJA e Cp Rizoma,,,NÃO EXISTE,11 CRE - Osório,Santo Antonio da Patrulha,
Escola Estadual Ensino Medio Edgardo Pereira Velho,https://www.instagram.com/escolaedgardo/,https://www.facebook.com/escolaedgardo/,MAPEADO,11 CRE - Osório,Tavares,
Esc Est Basica Professora Erica Marques,https://www.instagram.com/escolaerica/,,MAPEADO,11 CRE - Osório,Terra de Areia,
Escola Estadual Indigena Ensino Fundamental Jedy Mirim,,,NÃO EXISTE,11 CRE - Osório,Terra de Areia,
Escola Estadual Educação Basica Governador Jorge Lacerda,https://www.instagram.com/escolajorgelacerda/,https://www.facebook.com/escolajorgelacerda/,MAPEADO,11 CRE - Osório,Torres,
Escola Estadual Educação Basica Marechal Deodoro,https://www.instagram.com/e.e.e.b.marechaldeodoro/,,MAPEADO,11 CRE - Osório,Torres,
Escola Estadual Ensino Fundamental Manoel João Machado,,https://www.facebook.com/EEEFManoelJoaoMachado/,MAPEADO,11 CRE - Osório,Torres,
Escola Estadual Ensino Fundamental N Sra da Glória,,,NÃO EXISTE,11 CRE - Osório,Torres,
Escola Estadual Ensino Fundamental Nossa Senhora Aparecida,,,NÃO EXISTE,11 CRE - Osório,Torres,
Escola Estadual Ensino Fundamental Pedro Nicolau Kras Borges,,https://www.facebook.com/epedro.nicolau/,MAPEADO,11 CRE - Osório,Torres,
Escola Estadual Ensino Fundamental Prof Justino Alberto Tietboehl,https://www.instagram.com/escolajustinoatietboehl/,,MAPEADO,11 CRE - Osório,Torres,
Escola Estadual Ensino Medio José Quartiero,https://www.instagram.com/josequartiero/,https://www.facebook.com/gemarsong/,MAPEADO,11 CRE - Osório,Torres,
Escola Estadual Indigena Ensino Fundamental Nhu Pora,https://www.instagram.com/nhuporatorres/,https://www.facebook.com/letrasunisantacruz/,MAPEADO,11 CRE - Osório,Torres,
Instituto Estadual Educação Marcilio Dias,https://www.instagram.com/ieemarciliodias/,,MAPEADO,11 CRE - Osório,Torres,
Escola Estadual Ensino Fundamental Almirante Tamandaré,https://www.instagram.com/escolatamandare/,https://www.facebook.com/esctamanda/,MAPEADO,11 CRE - Osório,Tramandaí,
Escola Estadual Ensino Fundamental Menino Manoel Luiz,https://www.instagram.com/meninomanoelluiz11cre/,https://www.facebook.com/MeninoManoelLuiz/,MAPEADO,11 CRE - Osório,Tramandaí,
Escola Estadual Ensino Fundamental Professora Suely Vacari Osório,https://www.instagram.com/escola_suely_vacari/,,MAPEADO,11 CRE - Osório,Tramandaí,
Escola Estadual Ensino Medio Assis Brasil,https://www.instagram.com/escola_assis.tdai/,https://www.facebook.com/escolaassisbrasil/,MAPEADO,11 CRE - Osório,Tramandaí,
Escola Estadual Ensino Medio Nossa Senhora Aparecida,https://www.instagram.com/escolanossasenhoraaparecidaofc/,,MAPEADO,11 CRE - Osório,Tramandaí,
Instituto Estadual Educação Barão de Tramandai,https://www.instagram.com/baraotdai/,https://www.facebook.com/fonoisis/,MAPEADO,11 CRE - Osório,Tramandaí,
Escola Estadual Ensino Fundamental Dom José Bárea,https://www.instagram.com/escolabarea/,,MAPEADO,11 CRE - Osório,Três Cachoeiras,
Escola Estadual Ensino Fundamental Joséfina Maggi Boff,https://www.instagram.com/eeefjosefinamaggiboff/,,MAPEADO,11 CRE - Osório,Três Cachoeiras,
Escola Estadual Ensino Fundamental Joséfina Maggi Lumertz,https://www.instagram.com/josefinalumertz/,,MAPEADO,11 CRE - Osório,Três Cachoeiras,
Instituto Estadual Educação Maria Angelina Maggi,https://www.instagram.com/escola.angelinamaggi/,,MAPEADO,11 CRE - Osório,Três Cachoeiras,
Escola Estadual Educação Basica Professor Hermenegildo,https://www.instagram.com/escolahermenegildo/,,MAPEADO,11 CRE - Osório,Três Forquilhas,
Escola Estadual Ensino Medio Xangri La,https://www.instagram.com/escolaxangrila/,https://www.facebook.com/escolaxangrila/,MAPEADO,11 CRE - Osório,Xangri-lá,
Escola Estadual Ensino Medio Dr Donario Lopes,https://www.instagram.com/escoladonariolopes/,,MAPEADO,12 CRE - Guaíba,Arambaré,
Escola Estadual Ensino Medio Lauro Silva Azambuja,https://www.instagram.com/escola_lauro_silva_azambuja/,https://www.facebook.com/eeeflaurosilvaazambuja/,MAPEADO,12 CRE - Guaíba,Arambaré,
Escola Estadual Ensino Fundamental Lygia Gonçalves Motta,,https://www.facebook.com/escolalygiamotta/?locale=pt_BR,MAPEADO,12 CRE - Guaíba,Arroio dos Ratos,
Instituto Estadual Couto de Magalhães,,https://www.facebook.com/iecmagalhaes/?locale=sy_SY,MAPEADO,12 CRE - Guaíba,Arroio dos Ratos,
Colegio Estadual Dr Carlos Pinto de Albuquerque,https://www.instagram.com/colegio_carlospinto/,,MAPEADO,12 CRE - Guaíba,Barra do Ribeiro,
Escola Estadual Ensino Medio Francisco Rosales Neumann,https://www.instagram.com/escolafranciscorosales/,https://www.facebook.com/p/Escola-Francisco-Rosales-100063743776216/,MAPEADO,12 CRE - Guaíba,Barra do Ribeiro,
Escola Estadual Indigena EF Tekoa Guapoy,,,NÃO EXISTE,12 CRE - Guaíba,Barra do Ribeiro,
Escola Estadual Indigena EM Tekoa Pora,,,NÃO EXISTE,12 CRE - Guaíba,Barra do Ribeiro,
Escola Estadual Indigena Ensino Fundamental Tekoa Nhuu Poty,,,NÃO EXISTE,12 CRE - Guaíba,Barra do Ribeiro,
Escola Estadual Indigena Ensino Fundamental Yvy Poty,,,NÃO EXISTE,12 CRE - Guaíba,Barra do Ribeiro,
Escola Estadual Ensino Medio José Joaquim de Andrade,https://www.instagram.com/escolajjdeandrade/,,MAPEADO,12 CRE - Guaíba,Barão do Triunfo,
Escola Estadual Ensino Fundamental Venceslau Bras,,https://www.facebook.com/venceslau.bras.14993/,MAPEADO,12 CRE - Guaíba,Butiá,
Escola Estadual Ensino Medio Visconde de Mauá,https://www.instagram.com/butiaviscondedemaua/,,MAPEADO,12 CRE - Guaíba,Butiá,
Instituto Estadual Marechal Rondon,https://www.instagram.com/marechalrondon72/,,MAPEADO,12 CRE - Guaíba,Butiá,
Colegio Estadual Sete de Setembro,https://www.instagram.com/sousete.desetembro/,,MAPEADO,12 CRE - Guaíba,Camaquã,
Escola Estadual Ensino Fundamental Doutor Carvalho Bastos,https://www.instagram.com/escola_carvalho_bastos/,,MAPEADO,12 CRE - Guaíba,Camaquã,
Escola Estadual Ensino Fundamental Edison Nunes de Campos,https://www.instagram.com/escolaedisonnunesdecampos/,,MAPEADO,12 CRE - Guaíba,Camaquã,
Escola Estadual Ensino Fundamental Francisco Luiz,https://www.instagram.com/escolafranciscoluiz/,,MAPEADO,12 CRE - Guaíba,Camaquã,
Escola Estadual Ensino Fundamental Manoel da Silva Pacheco,https://www.instagram.com/escola.manoel/,,MAPEADO,12 CRE - Guaíba,Camaquã,
Escola Estadual Ensino Fundamental São Bernardino de Sena,https://www.instagram.com/escolasaobernardinodesena/,,MAPEADO,12 CRE - Guaíba,Camaquã,
Escola Estadual Ensino Medio Ana César,https://www.instagram.com/escolaanacesaroficial/,,MAPEADO,12 CRE - Guaíba,Camaquã,
Escola Estadual Ensino Medio João Paulo II,https://www.instagram.com/eeem_joaopauloii/,https://www.facebook.com/dhdh2020domhermeto/,MAPEADO,12 CRE - Guaíba,Camaquã,
Escola Estadual Ensino Medio Vereador José Adão de Assis Barbosa CIEP,,,NÃO EXISTE,12 CRE - Guaíba,Camaquã,
Escola Estadual Indigena Ensino Fundamental Yvy a Poty,https://www.instagram.com/escolayvyapoty/,,MAPEADO,12 CRE - Guaíba,Camaquã,
Instituto Estadual Educação Cônego Luiz Walter Hanquet,https://www.instagram.com/institutoconegohanquet/,https://www.facebook.com/SecretariaMunicipalDaSaudeDeCamaqua/,MAPEADO,12 CRE - Guaíba,Camaquã,
Instituto Estadual XV de Novembro,https://www.instagram.com/iexv2023/,,MAPEADO,12 CRE - Guaíba,Camaquã,
Escola Estadual Ensino Fundamental Flor do Ipe,,,NÃO EXISTE,12 CRE - Guaíba,Cerro Grande do Sul,
Escola Estadual Ensino Fundamental Francisco José Pereira,,,NÃO EXISTE,12 CRE - Guaíba,Cerro Grande do Sul,
Escola Estadual Ensino Fundamental Manoela Alves Pacheco,,,NÃO EXISTE,12 CRE - Guaíba,Cerro Grande do Sul,
Escola Estadual Ensino Fundamental Maria de Jesus Schumacher,,,NÃO EXISTE,12 CRE - Guaíba,Cerro Grande do Sul,
Escola Estadual Ensino Medio Mem de Sá,https://www.instagram.com/memdesa2023/,,MAPEADO,12 CRE - Guaíba,Cerro Grande do Sul,
Escola Estadual Ensino Fundamental Dr Ramiro Fortes Barcelos,,https://www.facebook.com/detodojeitoseaprende2017/?locale=pt_BR,MAPEADO,12 CRE - Guaíba,Charqueadas,
Escola Estadual Ensino Fundamental Henri Duplan,https://www.instagram.com/henri_duplan/,,MAPEADO,12 CRE - Guaíba,Charqueadas,
Escola Estadual Ensino Fundamental Piratini,https://www.instagram.com/eeefpiratini/,,MAPEADO,12 CRE - Guaíba,Charqueadas,
Escola Estadual Ensino Medio Vila Cruz de Malta,https://www.instagram.com/vilacruzdemalta/,https://www.facebook.com/profile.php?id=114251641925103,MAPEADO,12 CRE - Guaíba,Charqueadas,
Escola Estadual Indigena Ensino Fundamental Tekoa Guajayvi,,,NÃO EXISTE,12 CRE - Guaíba,Charqueadas,
Instituto Estadual Educação Assis Chateaubriand,https://www.instagram.com/ieeassis/,https://www.facebook.com/p/Iee-Assis-Chateaubriand-100066520308169/,MAPEADO,12 CRE - Guaíba,Charqueadas,
Nucl e EJA e Cp Julieta Villamil Balestro,https://www.instagram.com/neejacharqueadas/,,MAPEADO,12 CRE - Guaíba,Charqueadas,
Nucl e EJA e Cp Sueli Rodrigues da Silva,,,NÃO EXISTE,12 CRE - Guaíba,Charqueadas,
Escola Estadual Ensino Medio Professora Alaides Schumacher Pinheiro,https://www.instagram.com/escolaalaides/,,MAPEADO,12 CRE - Guaíba,Chuvisca,
Escola Estadual Ensino Medio Dom Feliciano,https://www.instagram.com/eeem.domfeliciano/,,MAPEADO,12 CRE - Guaíba,Dom Feliciano,
Escola Estadual Ensino Fundamental Padre Josimo,,,NÃO EXISTE,12 CRE - Guaíba,Eldorado do Sul,
Escola Estadual Ensino Fundamental Sergipe,https://www.instagram.com/escola.sergipe/,https://www.facebook.com/escolasergipe/,MAPEADO,12 CRE - Guaíba,Eldorado do Sul,
Escola Estadual Ensino Medio Eldorado do Sul,https://www.instagram.com/escola_eldorado_do_sul/,https://www.facebook.com/escolaeldoradodosul/,MAPEADO,12 CRE - Guaíba,Eldorado do Sul,
Escola Estadual Ensino Medio Professor Américo Braga,https://www.instagram.com/esc.americobraga/,,MAPEADO,12 CRE - Guaíba,Eldorado do Sul,
Escola Estadual Ensino Medio Roseli Correia da Silva,https://www.instagram.com/silvaroselicorreia/,,MAPEADO,12 CRE - Guaíba,Eldorado do Sul,
Escola Estadual Indigena Ensino Fundamental Pekuruty,,,NÃO EXISTE,12 CRE - Guaíba,Eldorado do Sul,
Escola Estadual Ensino Fundamental Anita Moreira,,,NÃO EXISTE,12 CRE - Guaíba,General Câmara,
Escola Estadual Ensino Fundamental João Canabarro,https://www.instagram.com/eeefjcanabarro/,https://www.facebook.com/imagenseBrasil/,MAPEADO,12 CRE - Guaíba,General Câmara,
Escola Estadual Ensino Fundamental Rio Grande do Sul,https://www.instagram.com/eeefjcanabarro/,,MAPEADO,12 CRE - Guaíba,General Câmara,
Instituto Estadual Educação Vasconcelos Jardim,,,NÃO EXISTE,12 CRE - Guaíba,General Câmara,
Colegio Estadual Augusto Meyer,https://www.instagram.com/colegioestadualaugustomeyer/,,MAPEADO,12 CRE - Guaíba,Guaíba,
Colegio Estadual Cônego Scherer,https://www.instagram.com/conegoschererguaiba/,,MAPEADO,12 CRE - Guaíba,Guaíba,
Escola Estadual Educação Profissional Dr Solon Tavares,https://www.instagram.com/escoladr.solontavares/,,MAPEADO,12 CRE - Guaíba,Guaíba,
Escola Estadual Ensino Fundamental Com Ismael Chaves Barcellos,https://www.instagram.com/escolaismael.chavesbarcellos/,,MAPEADO,12 CRE - Guaíba,Guaíba,
Escola Estadual Ensino Fundamental Otaviano Manoel de Oliveira Júnior,,https://www.facebook.com/escolaotavianomojr/?locale=pt_BR,MAPEADO,12 CRE - Guaíba,Guaíba,
Escola Estadual Ensino Medio Doutor Ruy Coelho Gonçalves,https://www.instagram.com/ruycoelho_oficial/,,MAPEADO,12 CRE - Guaíba,Guaíba,
Escola Estadual Ensino Medio Izaura Ibanez Paiva,https://www.instagram.com/escolaizaura2.0/,,MAPEADO,12 CRE - Guaíba,Guaíba,
Escola Estadual Ensino Medio Nestor de Moura Jardim,https://www.instagram.com/escolanestordemoura/,,MAPEADO,12 CRE - Guaíba,Guaíba,
Escola Estadual Ensino Medio Otero Paiva Guimarães,https://www.instagram.com/escolaopg/,,MAPEADO,12 CRE - Guaíba,Guaíba,
Escola Estadual Ensino Medio Pedras Brancas,https://www.instagram.com/e.e.e.m_pedras_brancas/,,MAPEADO,12 CRE - Guaíba,Guaíba,
Escola Estadual Ensino Medio Professora Aglae Kehl,https://www.instagram.com/eeem_aglae_kehl/,https://www.facebook.com/EscolaAglaeKehl/,MAPEADO,12 CRE - Guaíba,Guaíba,
Escola Estadual Indigena Ensino Fundamental Arasaty,https://www.instagram.com/escolaarasaty/,,MAPEADO,12 CRE - Guaíba,Guaíba,
Instituto Estadual Doutor Carlos Augusto de Moura e Cunha,https://www.instagram.com/escolacarlosamcunha/,https://www.facebook.com/p/Instituto-Estadual-Dr-Carlos-Augusto-de-Moura-e-Cunha-100090091871932/,MAPEADO,12 CRE - Guaíba,Guaíba,
Instituto Estadual Educação Gomes Jardim,https://www.instagram.com/iee.gomes.jardim/,,MAPEADO,12 CRE - Guaíba,Guaíba,
Neeja Érico Veríssimo,,,NÃO EXISTE,12 CRE - Guaíba,Guaíba,
Escola Estadual Ensino Medio Gonçalves Ledo,https://www.instagram.com/goncalves.ledo21/,https://www.facebook.com/p/E-E-E-M-Gon%C3%A7alves-L%C3%AAdo-100063639725157/,MAPEADO,12 CRE - Guaíba,Mariana Pimentel,
Escola Estadual Indigena Ensino Fundamental Cacique Sepé Tiaraju,,,NÃO EXISTE,12 CRE - Guaíba,Mariana Pimentel,
Escola Estadual Ensino Fundamental Getúlio Dorneles Vargas,,,NÃO EXISTE,12 CRE - Guaíba,Minas do Leao,
Escola Estadual Ensino Medio Engenheiro Frederico Horta Barbosa,https://www.instagram.com/escolahortabarbosa/,,MAPEADO,12 CRE - Guaíba,Minas do Leao,
Escola Estadual Ensino Fundamental Barão do Jacui,,https://www.facebook.com/escolabaraodojacui/?locale=pt_BR,MAPEADO,12 CRE - Guaíba,Sao Jeronimo,
Escola Estadual Ensino Fundamental Castro Alves,https://www.instagram.com/escolacastroalves2/,https://www.facebook.com/p/Guiazapp-Cat%C3%A1lago-100063511003314/,MAPEADO,12 CRE - Guaíba,Sao Jeronimo,
Escola Estadual Ensino Fundamental Dr Carlos Alfredo Simch,https://www.instagram.com/escolaalfredosimch/,,MAPEADO,12 CRE - Guaíba,Sao Jeronimo,
Escola Estadual Ensino Fundamental Dr José Athanasio,https://www.instagram.com/eeef.drjoseathanasio/reels/,,MAPEADO,12 CRE - Guaíba,Sao Jeronimo,
Escola Estadual Ensino Fundamental Professor Alcides Conter,https://www.instagram.com/professoralcidesconter12cre/,https://www.facebook.com/p/EEEF-Prof-Alcides-Conter-100065229692892/,MAPEADO,12 CRE - Guaíba,Sao Jeronimo,
Escola Estadual Ensino Fundamental Thomas Alva Edison,https://www.instagram.com/escolathomas/,,MAPEADO,12 CRE - Guaíba,Sao Jeronimo,
Escola Estadual Ensino Medio Romeu de Almeida Ramos,,,NÃO EXISTE,12 CRE - Guaíba,Sao Jeronimo,
Instituto Estadual Educação São Jerônimo,https://www.instagram.com/iee_ginasio/,https://www.facebook.com/ulbrasaojeronimo/,MAPEADO,12 CRE - Guaíba,Sao Jeronimo,
Escola Estadual Ensino Fundamental Gustavo Wurdell,,,NÃO EXISTE,12 CRE - Guaíba,Sentinela do Sul,
Instituto Estadual Prof Vicente Luiz Ferreira,,https://www.facebook.com/profile.php?id=100068912422149&locale=ga_IE&_rdr,MAPEADO,12 CRE - Guaíba,Sentinela do Sul,
Escola Estadual Ensino Medio Comendador Eduardo Secco,https://www.instagram.com/escolaeduardosecco/,,MAPEADO,12 CRE - Guaíba,Sertão Santana,
Escola Estadual Ensino Fundamental Miguel Nunes Rebello,https://www.instagram.com/escola_miguelnunesrebello2/reels/,,MAPEADO,12 CRE - Guaíba,Tapes,
Escola Estadual Ensino Fundamental Nossa Senhora do Carmo,https://www.instagram.com/nossa_senhora_do_carmo_tapes/reels/,,MAPEADO,12 CRE - Guaíba,Tapes,
Escola Estadual Ensino Medio Gaston Augusto Santos César CIEP,https://www.instagram.com/escolaciep_tapes/,,MAPEADO,12 CRE - Guaíba,Tapes,
Instituto Estadual Educação Coronel Patricio Vieira Rodrigues,https://www.instagram.com/ieecelpatricio/,,MAPEADO,12 CRE - Guaíba,Tapes,
Escola Estadual Ensino Fundamental Conquista do Jaguarao,https://www.instagram.com/eeefconquista/,,MAPEADO,13 CRE - Bagé,Aceguá,
Escola Estadual Ensino Medio Barão de Acegua,https://www.instagram.com/baraodeacegua/,,MAPEADO,13 CRE - Bagé,Aceguá,
Colegio Estadual Waldemar Amoretty Machado,https://www.instagram.com/cursostecnicos.wam/,,MAPEADO,13 CRE - Bagé,Bagé,
Escola Estadual Educação Basica Professor Justino Costa Quintana,,https://www.facebook.com/p/Escola-Estadual-de-Educação-Básica-ProfJustino-Costa-Quintana-61565527387678/,MAPEADO,13 CRE - Bagé,Bagé,
Escola Estadual Ensino Fundamental Arthur Dame,https://www.instagram.com/eeef_arthurdame/,,MAPEADO,13 CRE - Bagé,Bagé,
Escola Estadual Ensino Fundamental Dr Arnaldo Farias,https://www.instagram.com/escolaarnaldofaria/,,MAPEADO,13 CRE - Bagé,Bagé,
Escola Estadual Ensino Fundamental Dr Mário Olive Sune,,,NÃO EXISTE,13 CRE - Bagé,Bagé,
Escola Estadual Ensino Fundamental Felix Contreiras Rodrigues,https://www.instagram.com/ativafelix/,,MAPEADO,13 CRE - Bagé,Bagé,
Escola Estadual Ensino Fundamental Martinho Saraiva,,https://www.facebook.com/profile.php?id=100066929418566,MAPEADO,13 CRE - Bagé,Bagé,
Escola Estadual Ensino Fundamental Monsenhor Costabile Hipólito,,https://www.facebook.com/escolamch/,MAPEADO,13 CRE - Bagé,Bagé,
Escola Estadual Ensino Fundamental Prof Julinha Costa Taborda,https://www.instagram.com/julinhataborda.escola/,,MAPEADO,13 CRE - Bagé,Bagé,
Escola Estadual Ensino Fundamental Senador Getúlio Vargas,,https://www.facebook.com/escolasenadorgetuliovargas.senador/,MAPEADO,13 CRE - Bagé,Bagé,
Escola Estadual Ensino Medio Dr Carlos Antônio Kluwe,https://www.instagram.com/escolacarloskluwe/,,MAPEADO,13 CRE - Bagé,Bagé,
Escola Estadual Ensino Medio Dr Luiz Maria Ferraz,https://www.instagram.com/ciep_bage/,,MAPEADO,13 CRE - Bagé,Bagé,
Escola Estadual Ensino Medio Dr Luiz Mercio Teixeira,https://www.instagram.com/escolaluizmercio/,https://www.facebook.com/p/Escola-Estadual-Luiz-M%C3%A9rcio-Teixeira-100067114090159/,MAPEADO,13 CRE - Bagé,Bagé,
Escola Estadual Ensino Medio Farroupilha,https://www.instagram.com/efarroupilha/,,MAPEADO,13 CRE - Bagé,Bagé,
Escola Estadual Ensino Medio Frei Plácido,https://www.instagram.com/freiplacido/,,MAPEADO,13 CRE - Bagé,Bagé,
Escola Estadual Ensino Medio José Gomes Filho,,,NÃO EXISTE,13 CRE - Bagé,Bagé,
Escola Estadual Ensino Medio Prof Leopoldo Maieron Caic,https://www.instagram.com/p/DRKR3QDjhWX/?img_index=1,,MAPEADO,13 CRE - Bagé,Bagé,
Escola Estadual Ensino Medio Silveira Martins,https://www.instagram.com/silveiramartinsoficial/,https://www.facebook.com/baciadorionegro/,MAPEADO,13 CRE - Bagé,Bagé,
Nucl e EJA e Cp Julieta Balestro,,,NÃO EXISTE,13 CRE - Bagé,Bagé,
Escola Estadual Ensino Fundamental Dario Lassance,https://www.instagram.com/escoladariolassanceoficial/,,MAPEADO,13 CRE - Bagé,Candiota,
Escola Estadual Ensino Fundamental Seival,https://www.instagram.com/escolaseivaloficial/,,MAPEADO,13 CRE - Bagé,Candiota,
Escola Estadual Ensino Fundamental Vinte de Agosto,,,NÃO EXISTE,13 CRE - Bagé,Candiota,
Escola Estadual Ensino Medio 8 de Agosto,,https://web.facebook.com/p/Escola-Estadual-de-Ensino-Médio-8-de-Agosto-100088886561926/?_rdc=1&_rdr,MAPEADO,13 CRE - Bagé,Candiota,
Escola Estadual Ensino Medio Francisco Assis Rosa de Oliveira,,,NÃO EXISTE,13 CRE - Bagé,Candiota,
Escola Estadual Ensino Medio Jerônimo Mercio da Silveira,,https://www.facebook.com/p/Escola-Estadual-de-Ensino-Médio-Jerônimo-Mércio-da-Silveira-100063457272005/?locale=pt_BR,MAPEADO,13 CRE - Bagé,Candiota,
Escola Estadual Ensino Fundamental Cônego Ortiz,,https://www.facebook.com/conego.ortiz/,MAPEADO,13 CRE - Bagé,Caçapava do Sul,
Escola Estadual Ensino Fundamental Prof Januária Leal,https://www.instagram.com/escolajanuarialeal/,,MAPEADO,13 CRE - Bagé,Caçapava do Sul,
Escola Estadual Ensino Fundamental Professora Maria Joséfina Saldanha,https://www.instagram.com/eeefprofmariajosefinasaldanha/,,MAPEADO,13 CRE - Bagé,Caçapava do Sul,
Escola Estadual Ensino Fundamental Professora Rosa Poglia Barbiero,,https://www.facebook.com/p/EEEF-Prof-Rosa-Poglia-Barbiero-61551541911385/,MAPEADO,13 CRE - Bagé,Caçapava do Sul,
Escola Estadual Ensino Medio Antônio José Lopes Jardim,https://www.instagram.com/escolaajlj/,,MAPEADO,13 CRE - Bagé,Caçapava do Sul,
Escola Estadual Ensino Medio Nossa Senhora da Assunção,,https://www.facebook.com/EENSARS/?locale=pt_BR,MAPEADO,13 CRE - Bagé,Caçapava do Sul,
Escola Estadual Ensino Medio Professora Gladi Machado Garcia,https://www.instagram.com/escola_gladi_/,,MAPEADO,13 CRE - Bagé,Caçapava do Sul,
Escola Técnica Estadual Dr Rubens da Rosa Guedes,https://www.instagram.com/eterrgcacapava/,,MAPEADO,13 CRE - Bagé,Caçapava do Sul,
Instituto Estadual Educação Dinarte Ribeiro,https://www.instagram.com/ieedinarteribeiro/,,MAPEADO,13 CRE - Bagé,Caçapava do Sul,
Colegio Estadual Candida Corina Taborda Alves,,,NÃO EXISTE,13 CRE - Bagé,Dom Pedrito,
Escola Estadual Educação Profissional de Dom Pedrito,https://www.instagram.com/escolatecnicadompedrito/,,MAPEADO,13 CRE - Bagé,Dom Pedrito,
Escola Estadual Ensino Fundamental Alzira Barcellos,https://www.instagram.com/alzirabarcellos2025/,,MAPEADO,13 CRE - Bagé,Dom Pedrito,
Escola Estadual Ensino Fundamental Cel Urbano das Chagas,,https://www.facebook.com/urbano.daschagas/,MAPEADO,13 CRE - Bagé,Dom Pedrito,
Escola Estadual Ensino Fundamental Dr Arthur Villamil de Castro,https://www.instagram.com/escolaarthurvillamil/,,MAPEADO,13 CRE - Bagé,Dom Pedrito,
Escola Estadual Ensino Fundamental Dulce da Fonte Abreu,https://www.instagram.com/dulcedafonteabreu/?hl=am-et,,MAPEADO,13 CRE - Bagé,Dom Pedrito,
Escola Estadual Ensino Fundamental Professor Pamplona,,,NÃO EXISTE,13 CRE - Bagé,Dom Pedrito,
Escola Estadual Ensino Fundamental Professora Heloisa Louzada,,https://web.facebook.com/heloisa.louzada.3/?_rdc=1&_rdr,MAPEADO,13 CRE - Bagé,Dom Pedrito,
Escola Estadual Ensino Fundamental Senador Pasqualini,https://www.instagram.com/escolasenadorpasqualini/,,MAPEADO,13 CRE - Bagé,Dom Pedrito,
Escola Estadual Ensino Medio Getúlio Dornelles Vargas,https://www.instagram.com/ciepdompedrito/,https://www.facebook.com/memoriasdopampa/,MAPEADO,13 CRE - Bagé,Dom Pedrito,
Escola Estadual Ensino Medio Nossa Senhora do Patrocínio,https://www.instagram.com/escolapatrocinio/,,MAPEADO,13 CRE - Bagé,Dom Pedrito,
Escola Estadual Ensino Medio Risoleta de Quadros,https://www.instagram.com/risoletaquadros_/,,MAPEADO,13 CRE - Bagé,Dom Pedrito,
Instituto Estadual Educação Bernardino Ângelo,https://www.instagram.com/bernardinoangeloba/?__d=11%2F,,MAPEADO,13 CRE - Bagé,Dom Pedrito,
Escola Estadual Ensino Fundamental Chico Mendes,,,NÃO EXISTE,13 CRE - Bagé,Hulha Negra,
Escola Estadual Ensino Fundamental Prof Dalva Conceição Medeiros,https://www.instagram.com/eeefdalvacmedeiros/,,MAPEADO,13 CRE - Bagé,Hulha Negra,
Escola Estadual Ensino Medio Manoel Lucas de Oliveira,https://www.instagram.com/escolamanoellucasdeoliveira/,,MAPEADO,13 CRE - Bagé,Hulha Negra,
Escola Estadual Ensino Medio Quinze de Junho,,,NÃO EXISTE,13 CRE - Bagé,Hulha Negra,
Escola Estadual Ensino Fundamental Des José Bernardo de Medeiros,https://www.instagram.com/escolajosebernardo13/,https://www.facebook.com/faclubealvarodias/,MAPEADO,13 CRE - Bagé,Lavras do Sul,
Escola Estadual Ensino Fundamental Licinio Cardoso,https://www.instagram.com/escolaliciniocardoso/,,MAPEADO,13 CRE - Bagé,Lavras do Sul,
Instituto Estadual Educação Dr Bulcao,https://www.instagram.com/escoladrbulcao/,,MAPEADO,13 CRE - Bagé,Lavras do Sul,
Escola Estadual Educação Basica Eugenio Frantz,https://www.instagram.com/escola.eugeniofrantz/,,MAPEADO,14 CRE - Santo Ângelo,Cerro Largo,
Escola Estadual Ensino Fundamental Padre Traezel,https://www.instagram.com/pe.traezel/,,MAPEADO,14 CRE - Santo Ângelo,Cerro Largo,
Escola Estadual Ensino Fundamental Sargento Silvio Delmar Hollembach,,https://web.facebook.com/escolasargentosilvio/?_rdc=1&_rdr,MAPEADO,14 CRE - Santo Ângelo,Cerro Largo,
Escola Estadual Ensino Fundamental Dr Carlos Kruel,,https://web.facebook.com/p/Escola-Estadual-de-Ens-Fundamental-Dr-Carlos-Kruel-100063621788471/?locale=pt_BR&_rdc=1&_rdr,MAPEADO,14 CRE - Santo Ângelo,Entre-ijuís,
Escola Técnica Estadual Entre Ijuis,https://www.instagram.com/escolaentreijuis/,,MAPEADO,14 CRE - Santo Ângelo,Entre-ijuís,
Escola Estadual Educação Basica Theodorico Alves Teixeira,https://www.instagram.com/escola_tat/,,MAPEADO,14 CRE - Santo Ângelo,Eugênio de Castro,
Escola Estadual Ensino Medio João Przyczynski,https://www.instagram.com/escolajoaoprzyczynski/,,MAPEADO,14 CRE - Santo Ângelo,Guarani das Missões,
Escola Estadual Técnica Guaramano,https://www.instagram.com/guaramano/,,MAPEADO,14 CRE - Santo Ângelo,Guarani das Missões,
Colegio Estadual João de Castilho,https://www.instagram.com/c.e.joaodecastilho/,,MAPEADO,14 CRE - Santo Ângelo,Salvador das Missões,
Colegio Estadual Missoes,https://www.instagram.com/14cre.santoangelo/,,MAPEADO,14 CRE - Santo Ângelo,Santo Ângelo,
Colegio Estadual Onofre Pires,https://www.instagram.com/colegioonofrepires/,,MAPEADO,14 CRE - Santo Ângelo,Santo Ângelo,
Colegio Estadual Pedro II,https://www.instagram.com/14cre.santoangelo/,,MAPEADO,14 CRE - Santo Ângelo,Santo Ângelo,
Colégio Tiradentes Santo Ângelo,https://www.instagram.com/colegiotiradentes_santoangelo/,https://www.facebook.com/p/Aspomm-BM-100068300223106/,MAPEADO,14 CRE - Santo Ângelo,Santo Ângelo,
Escola Estadual Ensino Fundamental Abílio Lautert,https://www.instagram.com/eeefabiliolautert/,,MAPEADO,14 CRE - Santo Ângelo,Santo Ângelo,
Escola Estadual Ensino Fundamental Edi Tereza Flores Lippert,,https://web.facebook.com/edi.lippert/?_rdc=1&_rdr,MAPEADO,14 CRE - Santo Ângelo,Santo Ângelo,
Escola Estadual Ensino Fundamental Esther Schroeder,https://www.instagram.com/escola.esther/,,MAPEADO,14 CRE - Santo Ângelo,Santo Ângelo,
Escola Estadual Ensino Fundamental Madre Catarina Lepori,https://www.instagram.com/catarina.lepori/,,MAPEADO,14 CRE - Santo Ângelo,Santo Ângelo,
Escola Estadual Ensino Fundamental Sagrada Familia,,https://web.facebook.com/profile.php?id=100070284860890,MAPEADO,14 CRE - Santo Ângelo,Santo Ângelo,
Escola Estadual Ensino Fundamental Santo Tomas de Aquino,,https://web.facebook.com/p/Escola-Fund-Santo-Tomás-De-Aquino-100066637085896/?_rdc=1&_rdr,MAPEADO,14 CRE - Santo Ângelo,Santo Ângelo,
Escola Estadual Ensino Fundamental Ulysses Rodrigues,https://www.instagram.com/escolaulyssesrodrigues/,,MAPEADO,14 CRE - Santo Ângelo,Santo Ângelo,
Escola Estadual Ensino Medio Buriti,https://www.instagram.com/escola_buriti/,,MAPEADO,14 CRE - Santo Ângelo,Santo Ângelo,
Escola Estadual Ensino Medio Dr Augusto do Nascimento e Silva,https://www.instagram.com/escolaaugusto/,https://www.facebook.com/lunarysbutantasp/,MAPEADO,14 CRE - Santo Ângelo,Santo Ângelo,
Escola Estadual Ensino Medio Herbert de Souza,,,NÃO EXISTE,14 CRE - Santo Ângelo,Santo Ângelo,
Escola Estadual Ensino Medio Unirio Carrera Machado CIEP,https://www.instagram.com/uniriocarreramachadociepsa/,,MAPEADO,14 CRE - Santo Ângelo,Santo Ângelo,
Escola Estadual Indigena EF os 7 Tava Mirim,https://www.instagram.com/7tavamirim/,,MAPEADO,14 CRE - Santo Ângelo,Santo Ângelo,
Escola Técnica Estadual Presidente Getúlio Vargas,https://www.instagram.com/escolatec.getulio/,https://www.facebook.com/escolagetuliovargasoficial/,MAPEADO,14 CRE - Santo Ângelo,Santo Ângelo,
Instituto Estadual Educação Odao Felippe Pippi,https://www.instagram.com/iee_odao_felippe_pippi/,,MAPEADO,14 CRE - Santo Ângelo,Santo Ângelo,
Neeja Flavio Gilberto Bley,,,NÃO EXISTE,14 CRE - Santo Ângelo,Santo Ângelo,
Nucl e EJA e Cp Santo Ângelo,https://www.instagram.com/neejasantoangelo/,,MAPEADO,14 CRE - Santo Ângelo,Santo Ângelo,
Escola Estadual Ensino Medio São Roque,https://www.instagram.com/escolasaoroque/,https://www.facebook.com/p/Escola-Estadual-de-Ensino-M%C3%A9dio-S%C3%A3o-Roque-100057483129675/,MAPEADO,14 CRE - Santo Ângelo,Sete de Setembro,
Escola Estadual Educação Basica Padre Antônio Sepp,https://www.instagram.com/antoniosepp_14cre/,https://www.facebook.com/p/Escola-Estadual-de-Educa%C3%A7%C3%A3o-B%C3%A1sica-Padre-Ant%C3%B4nio-Sepp-100076069867090/,MAPEADO,14 CRE - Santo Ângelo,São Miguel das Missões,
Escola Estadual Indigena Ensino Fundamental Igineo Romeu Ko Eju,,,NÃO EXISTE,14 CRE - Santo Ângelo,São Miguel das Missões,
Colegio Estadual Professor Pedro José Scher,https://www.instagram.com/c.e.prof.pedrojose/,,MAPEADO,14 CRE - Santo Ângelo,São Pedro do Butiá,
Colegio Estadual Athayde Pacheco Martins,https://www.instagram.com/colegio_athayde/,,MAPEADO,14 CRE - Santo Ângelo,Ubiretama,
Escola Estadual Ensino Fundamental São João Batista,https://www.instagram.com/esc.saojoaobatista/,,MAPEADO,14 CRE - Santo Ângelo,Vitória das Missões,
Escola Estadual Ensino Medio Nossa Senhora do Perpétuo Socorro,https://www.instagram.com/escolaperpetuo/,,MAPEADO,14 CRE - Santo Ângelo,Vitória das Missões,
Escola Estadual Educação Basica Aratiba,https://www.instagram.com/esc.est.aratiba/,https://www.facebook.com/profile.php?id=701580223304348,MAPEADO,15 CRE - Erechim,Aratiba,
Colegio Estadual Mário Quintana,https://www.instagram.com/cemq_educacao/,,MAPEADO,15 CRE - Erechim,Barao de Cotegipe,
Escola Estadual Ensino Medio Cardeal Leme,,,NÃO EXISTE,15 CRE - Erechim,Barra do Rio Azul,
Colegio Estadual Jesus Menino,,https://web.facebook.com/JMJESUSMENINO/about,MAPEADO,15 CRE - Erechim,Barracão,
Escola Estadual Ensino Medio Benjamin Constant do Sul,,,NÃO EXISTE,15 CRE - Erechim,Benjamin Constant do Sul,
Escola Estadual Indigena EM Toldo Coroado,,,NÃO EXISTE,15 CRE - Erechim,Benjamin Constant do Sul,
Escola Estadual Indigena Ensino Fundamental Toldo Guarani,,,MAPEADO,15 CRE - Erechim,Benjamin Constant do Sul,"Mapeado pela busca, mas sem link na planilha"
Escola Estadual Educação Basica Sylvio Dal Moro,https://www.instagram.com/escolasylviodalmoro/,,MAPEADO,15 CRE - Erechim,Cacique Doble,
Escola Estadual Indigena Ensino Fundamental Esterlito Malaquias,,,NÃO EXISTE,15 CRE - Erechim,Cacique Doble,
Escola Estadual Indigena Ensino Fundamental Faustino Ferreira Doble,,,NÃO EXISTE,15 CRE - Erechim,Cacique Doble,
Escola Estadual Indigena Ensino Fundamental Maria Jasinta Franco,,,NÃO EXISTE,15 CRE - Erechim,Cacique Doble,
Escola Estadual Ensino Fundamental Nossa Senhora da Paz,https://www.instagram.com/escolanossasenhoradapaz/,,MAPEADO,15 CRE - Erechim,Campinas do Sul,
Escola Estadual Ensino Medio Campinas do Sul,https://www.instagram.com/escola_campinas/,,MAPEADO,15 CRE - Erechim,Campinas do Sul,
Escola Estadual Ensino Medio Carlos Gomes,https://www.instagram.com/estadualcarlosgomes/,,MAPEADO,15 CRE - Erechim,Carlos Gomes,
Escola Estadual Ensino Medio Rondonia,https://www.instagram.com/escola_rondonia/,https://www.facebook.com/pages/Escola-Estadual-Ensino-M%C3%A9dio-Rondonia/661017384043276,MAPEADO,15 CRE - Erechim,Centenário,
Escola Estadual Ensino Medio Inglês de Souza,,,NÃO EXISTE,15 CRE - Erechim,Charrua,
Escola Estadual Indigena EM Fag Mag,,,NÃO EXISTE,15 CRE - Erechim,Charrua,
Escola Estadual Ensino Medio Vera Cruz,,https://www.facebook.com/profile.php?id=100054359539268,MAPEADO,15 CRE - Erechim,Cruzaltense,
Escola Estadual Educação Basica Barragem do Rio Passo Fundo,,,NÃO EXISTE,15 CRE - Erechim,Entre Rios do Sul,
Colegio Estadual Irineu Evangelista de Souza,,https://www.facebook.com/profile.php?id=100054323988687&locale=fa_IR,MAPEADO,15 CRE - Erechim,Erebango,
Escola Estadual Indigena EM Kanhranran Fa Luis Oliveira,,https://www.facebook.com/p/Escola-Estadual-Indígena-Kanrãnrãn-Fã-Luis-Oliveira-100048098952652/,MAPEADO,15 CRE - Erechim,Erebango,
Escola Estadual Indigena Ensino Fundamental Vicente Karai Okenda,,,NÃO EXISTE,15 CRE - Erechim,Erebango,
Col Agric Est Ângelo Emílio Grando,https://www.instagram.com/colegioagricolaangeloegrando/,,MAPEADO,15 CRE - Erechim,Erechim,
Colegio Estadual Haidee Tedesco Reali,https://www.instagram.com/colegio_haidee/,,MAPEADO,15 CRE - Erechim,Erechim,
Colegio Estadual Prof Mantovani,,https://www.facebook.com/colegioestadualprofessormantovani/,MAPEADO,15 CRE - Erechim,Erechim,
Escola Estadual Educação Basica Dr Sidney Guerra,https://www.instagram.com/escolasidneyguerra/,,MAPEADO,15 CRE - Erechim,Erechim,
Escola Estadual Ensino Fundamental Bela Vista,https://www.instagram.com/escolabelavistaerechim/,https://www.facebook.com/belaescolaerechim/,MAPEADO,15 CRE - Erechim,Erechim,
Escola Estadual Ensino Fundamental Dr José Vicente da Maia,https://www.instagram.com/josevicentedamaia/,,MAPEADO,15 CRE - Erechim,Erechim,
Escola Estadual Ensino Fundamental Joaquim Pedro Salgado Filho,https://www.instagram.com/escolajpsalgadofilho/,,MAPEADO,15 CRE - Erechim,Erechim,
Escola Estadual Ensino Fundamental Lourdes Galeazzi,,,NÃO EXISTE,15 CRE - Erechim,Erechim,
Escola Estadual Ensino Fundamental Roque Gonzales,,,NÃO EXISTE,15 CRE - Erechim,Erechim,
Escola Estadual Ensino Fundamental Santo Agostinho,https://www.instagram.com/stoagostinho.erechim/,,MAPEADO,15 CRE - Erechim,Erechim,
Escola Estadual Ensino Fundamental Sete de Setembro,,,NÃO EXISTE,15 CRE - Erechim,Erechim,
Escola Estadual Ensino Fundamental São João Batista de La Salle,https://www.instagram.com/lasalleerechim/,,MAPEADO,15 CRE - Erechim,Erechim,
Escola Estadual Ensino Fundamental São Vicente de Paula,https://www.instagram.com/saovicentedepaula15cre/,,MAPEADO,15 CRE - Erechim,Erechim,
Escola Estadual Ensino Fundamental Victor Issler,https://www.instagram.com/escolavictorissler/,https://www.facebook.com/EscolaVictorIssler/,MAPEADO,15 CRE - Erechim,Erechim,
Escola Estadual Ensino Medio Dr João Caruso,https://www.instagram.com/escolajoaocaruso/,,MAPEADO,15 CRE - Erechim,Erechim,
Escola Estadual Ensino Medio Irany Jaime Farina,https://www.instagram.com/iranyjaimefarina/,,MAPEADO,15 CRE - Erechim,Erechim,
Escola Estadual Ensino Medio Prof João Germano Imlau,https://www.instagram.com/escola.imlau/,,MAPEADO,15 CRE - Erechim,Erechim,
Escola Estadual Ensino Medio Professora Helvetica Rotta Magnabosco,https://www.instagram.com/escolahelvetica_oficial/,,MAPEADO,15 CRE - Erechim,Erechim,
Escola Estadual Ensino Medio Érico Veríssimo,https://www.instagram.com/eeemericoverissimoerechim/,https://www.facebook.com/p/Escola-Estadual-de-Ensino-M%C3%A9dio-%C3%89rico-Ver%C3%ADssimo-100057307606445/,MAPEADO,15 CRE - Erechim,Erechim,
Escola Estadual Normal José Bonifácio,https://www.instagram.com/escolajberechim/,,MAPEADO,15 CRE - Erechim,Erechim,
Nucl e EJA e Cp Renascer,,,NÃO EXISTE,15 CRE - Erechim,Erechim,
Escola Estadual Ensino Fundamental Ângelo Emílio Grando,,,NÃO EXISTE,15 CRE - Erechim,Erval Grande,
Escola Estadual Ensino Medio Erval Grande,https://www.instagram.com/escola_ervalgrande/,,MAPEADO,15 CRE - Erechim,Erval Grande,
Escola Estadual Ensino Medio Francisco de Assis,https://www.instagram.com/escolafranciscodeassis/,,MAPEADO,15 CRE - Erechim,Estação,
Escola Estadual Ensino Medio Faxinalzinho,https://www.instagram.com/eeemfaxinalzinho/,,MAPEADO,15 CRE - Erechim,Faxinalzinho,
Escola Estadual Indigena Ensino Fundamental Maria Kandoia Keso,,,NÃO EXISTE,15 CRE - Erechim,Faxinalzinho,
Escola Estadual Ensino Medio Campos Sales,,,NÃO EXISTE,15 CRE - Erechim,Floriano Peixoto,
Colegio Estadual Libano Alves de Oliveira,https://www.instagram.com/colegiocelao/,,MAPEADO,15 CRE - Erechim,Gaurama,
Colegio Estadual Antônio Scussel,,,NÃO EXISTE,15 CRE - Erechim,Getúlio Vargas,
Esc Est Fundam Érico Veríssimo,,,NÃO EXISTE,15 CRE - Erechim,Getúlio Vargas,
Esc Mun Ens Fun Padre Manoel da Nóbrega,,,NÃO EXISTE,15 CRE - Erechim,Getúlio Vargas,
Escola Estadual Ensino Fundamental Mathias Lorenzon,,,NÃO EXISTE,15 CRE - Erechim,Getúlio Vargas,
Escola Estadual Ensino Fundamental Rio Toldo,,,NÃO EXISTE,15 CRE - Erechim,Getúlio Vargas,
Escola Estadual Ensino Fundamental Souza Ramos,,,NÃO EXISTE,15 CRE - Erechim,Getúlio Vargas,
Colegio Estadual Ipiranga,https://www.instagram.com/ipiranga.cei/,,MAPEADO,15 CRE - Erechim,Ipiranga do Sul,
Escola Estadual Ensino Fundamental Marieta Tozzo,https://www.instagram.com/escolamarietatozzo/,,MAPEADO,15 CRE - Erechim,Itatiba do Sul,
Escola Estadual Ensino Medio Professora Fernandina Rigoti,,,NÃO EXISTE,15 CRE - Erechim,Itatiba do Sul,
Escola Estadual Educação Basica Érico Veríssimo,https://www.instagram.com/eeeb_ericoverissimo/,,MAPEADO,15 CRE - Erechim,Jacutinga,
Escola Estadual Ensino Fundamental Getúlio Dorneles Vargas,https://www.instagram.com/escolagetuliodorneles/,,MAPEADO,15 CRE - Erechim,Machadinho,
Escola Estadual Ensino Medio Castro Alves,https://www.instagram.com/castro_alves_machadinho/,,MAPEADO,15 CRE - Erechim,Machadinho,
Escola Estadual Ensino Fundamental Nossa Senhora das Gracas,https://www.instagram.com/escola_nossasenhoradasgracas/,,MAPEADO,15 CRE - Erechim,Marcelino Ramos,
Inst de Ed. Est Marcelino Ramos,,,NÃO EXISTE,15 CRE - Erechim,Marcelino Ramos,
Esc Est Basica Mariano Moro,,,NÃO EXISTE,15 CRE - Erechim,Mariano Moro,
Escola Estadual Ensino Fundamental Dom Bosco 1 a 5,,,NÃO EXISTE,15 CRE - Erechim,Maximiliano de Almeida,
Escola Estadual Ensino Fundamental João XxIII,,,NÃO EXISTE,15 CRE - Erechim,Maximiliano de Almeida,
Escola Estadual Ensino Medio Divino Mestre,https://www.instagram.com/divino_.mestre/,https://www.facebook.com/catecismo2021/,MAPEADO,15 CRE - Erechim,Maximiliano de Almeida,
Escola Estadual Educação Basica Luiza Formighieri,https://www.instagram.com/luizaescolalf/,,MAPEADO,15 CRE - Erechim,Paim Filho,
Escola Estadual Ensino Medio Cel Raul Barbosa,https://www.instagram.com/esc.celraulbarbosa/,,MAPEADO,15 CRE - Erechim,Paulo Bento,
Escola Estadual Ensino Medio São José,,,NÃO EXISTE,15 CRE - Erechim,Ponte Preta,
Escola Estadual Ensino Medio Quatro Irmãos,https://www.instagram.com/escolaestadualqi15/,,MAPEADO,15 CRE - Erechim,Quatro Irmãos,
Colegio Estadual Sananduva,https://www.instagram.com/colegioestadualsananduva/,,MAPEADO,15 CRE - Erechim,Sananduva,
Escola Estadual Ensino Fundamental Amélia Lenzi Raymundi,https://www.instagram.com/escolaamelialenziraymundi/,,MAPEADO,15 CRE - Erechim,Sananduva,
Escola Estadual Ensino Fundamental Ângelo Granzotto,https://www.instagram.com/escola_angelo_granzotto/,,MAPEADO,15 CRE - Erechim,Sananduva,
Colegio Estadual Genoveva Pelisser,https://www.instagram.com/cgenovevapelisser/,https://www.facebook.com/pages/Col%C3%A9gio-Estadual-Genoveva-Pelisser/432792340225089,MAPEADO,15 CRE - Erechim,Santo Expedito do Sul,
Escola Estadual Ensino Medio Dr José Bisognin,,,MAPEADO,15 CRE - Erechim,Severiano de Almeida,"Mapeado pela busca, mas sem link na planilha"
Escola Estadual Ensino Fundamental Prof Carmen Scotti Pacheco,https://www.instagram.com/escola_carmen_scotti37/,,MAPEADO,15 CRE - Erechim,São José do Ouro,
Escola Estadual Ensino Medio José Gelain,https://www.instagram.com/escolajosegelain/,,MAPEADO,15 CRE - Erechim,São José do Ouro,
Escola Estadual Educação Basica Frei José,https://www.instagram.com/escolafreijose/,,MAPEADO,15 CRE - Erechim,São João da Urtiga,
Escola Estadual Educação Basica São Valentim,https://www.instagram.com/basicasaovalentim/,,MAPEADO,15 CRE - Erechim,São Valentim,
Escola Estadual Ensino Medio Nossa Senhora de Lourdes,https://www.instagram.com/esc.nossasradelourdes/,,MAPEADO,15 CRE - Erechim,Três Arroios,
Escola Estadual Ensino Medio Gustavo Biazus,https://www.instagram.com/escola_gb/,https://www.facebook.com/municipio.tupancidosul/,MAPEADO,15 CRE - Erechim,Tupanci do Sul,
Escola Estadual Educação Basica Viadutos,https://www.instagram.com/eeeb_viadutos/,,MAPEADO,15 CRE - Erechim,Viadutos,
Colegio Estadual Pres Costa e Silva,https://www.instagram.com/colegio.costaesilva/,,MAPEADO,15 CRE - Erechim,Áurea,
Escola Estadual Ensino Medio Amantino Vieira Hoffmann,https://www.instagram.com/escolaamantinohoffmann/,,MAPEADO,16 CRE - Bento Gonçalves,André da Rocha,
Colegio Estadual Dona Isabel,https://www.instagram.com/colegioestadualdonaisabel/,https://www.facebook.com/p/Col%C3%A9gio-Estadual-Dona-Isabel-100057542984154/,MAPEADO,16 CRE - Bento Gonçalves,Bento Gonçalves,
Colegio Estadual Landell de Moura,https://www.instagram.com/colegiolandell_bg/,,MAPEADO,16 CRE - Bento Gonçalves,Bento Gonçalves,
Colegio Estadual Visconde de Bom Retiro,https://www.instagram.com/colegio.bomretiro/,,MAPEADO,16 CRE - Bento Gonçalves,Bento Gonçalves,
Escola Estadual Ensino Fundamental Anselmo Luigi Piccoli,https://www.instagram.com/escola.anselmo/,,MAPEADO,16 CRE - Bento Gonçalves,Bento Gonçalves,
Escola Estadual Ensino Fundamental Comendador Carlos Dreher Neto,https://www.instagram.com/escola_carlos_dreher/,,MAPEADO,16 CRE - Bento Gonçalves,Bento Gonçalves,
Escola Estadual Ensino Fundamental Gen Bento Gonçalves da Silva,https://www.instagram.com/escola.general.bento/,https://www.facebook.com/pages/Escola-Estadual-de-Ensino-Fundamental-General-Bento-Gon%C3%A7alves-da-Silva/346623988751673?hc_ref=ARS_bb9vej_JUSfbKbAhPeK3Xz6bEXsrntmWBmdnfiXKJl_VLmCdhS0naldmTg6tO0g&ref=nf_target&fref=tag,MAPEADO,16 CRE - Bento Gonçalves,Bento Gonçalves,
Escola Estadual Ensino Fundamental General Amaro Bittencourt,https://www.instagram.com/escolageneralamarobittencourt/,,MAPEADO,16 CRE - Bento Gonçalves,Bento Gonçalves,
Escola Estadual Ensino Fundamental Irmão Egidio Fabris,https://www.instagram.com/escola_egidiofabris/,,MAPEADO,16 CRE - Bento Gonçalves,Bento Gonçalves,
Escola Estadual Ensino Fundamental José Farina,https://www.instagram.com/p/DSYFhUVAUKx/?img_index=1,,MAPEADO,16 CRE - Bento Gonçalves,Bento Gonçalves,
Escola Estadual Ensino Fundamental Luiz Fornasier,https://www.instagram.com/escolaluizfornasier/,https://www.facebook.com/escolaluizfornasier/,MAPEADO,16 CRE - Bento Gonçalves,Bento Gonçalves,
Escola Estadual Ensino Fundamental Maria Goretti,,,NÃO EXISTE,16 CRE - Bento Gonçalves,Bento Gonçalves,
Escola Estadual Ensino Fundamental Nossa Senhora da Salette,https://www.instagram.com/escolasalette/,,MAPEADO,16 CRE - Bento Gonçalves,Bento Gonçalves,
Escola Estadual Ensino Fundamental Pedro Vicente da Rosa,https://www.instagram.com/escolapedrorosa/,,MAPEADO,16 CRE - Bento Gonçalves,Bento Gonçalves,
Escola Estadual Ensino Fundamental Prof Ângelo Chiamolera,https://www.instagram.com/angelochiamolera/,,MAPEADO,16 CRE - Bento Gonçalves,Bento Gonçalves,
Escola Estadual Ensino Fundamental Ângelo Salton,https://www.instagram.com/escola_angelo_salton/,,MAPEADO,16 CRE - Bento Gonçalves,Bento Gonçalves,
Escola Estadual Ensino Medio Imaculada Conceição,https://www.instagram.com/imaculadaconceicao16cre/,https://www.facebook.com/bisposdoparana/,MAPEADO,16 CRE - Bento Gonçalves,Bento Gonçalves,
Escola Estadual Ensino Medio Mestre Santa Bárbara,https://www.instagram.com/mestresantabarbara/,https://www.facebook.com/pages/Escola-Estadual-Ensino-M%C3%A9dio-Mestre-Santa-Barbara/549603578510800,MAPEADO,16 CRE - Bento Gonçalves,Bento Gonçalves,
Escola Estadual Indigena EF Sor Mag,https://www.instagram.com/sormag16/,,MAPEADO,16 CRE - Bento Gonçalves,Bento Gonçalves,
Instituto Estadual Educação Cecília Meireles,https://www.instagram.com/iee.ceciliameireles/,,MAPEADO,16 CRE - Bento Gonçalves,Bento Gonçalves,
Nucl e EJA e Cp Admar Bretas Rodrigues,,,NÃO EXISTE,16 CRE - Bento Gonçalves,Bento Gonçalves,
Nucl e EJA e Cp Metamorfose do Sonho a Realidade,https://www.instagram.com/neejametamorfosebg/,,MAPEADO,16 CRE - Bento Gonçalves,Bento Gonçalves,
Escola Estadual Ensino Medio Marcelino Champagnat,,,NÃO EXISTE,16 CRE - Bento Gonçalves,Boa Vista do Sul,
Escola Estadual Ensino Fundamental Antônio Adriano Guerra,https://www.instagram.com/escola_antonioadrianoguerra/,,MAPEADO,16 CRE - Bento Gonçalves,Carlos Barbosa,
Escola Estadual Ensino Fundamental Carlos Barbosa,https://www.instagram.com/escola_carlosbarbosa/,https://www.facebook.com/p/Escola-Carlos-Barbosa-100057505957443/,MAPEADO,16 CRE - Bento Gonçalves,Carlos Barbosa,
Escola Estadual Ensino Fundamental Dom Vital,https://www.instagram.com/eeefdomvital/,,MAPEADO,16 CRE - Bento Gonçalves,Carlos Barbosa,
Escola Estadual Ensino Medio Elisa Tramontina,https://www.instagram.com/escolaelisatramontina/,https://www.facebook.com/escolaelisatramontina/,MAPEADO,16 CRE - Bento Gonçalves,Carlos Barbosa,
Escola Estadual Ensino Medio São Roque,https://www.instagram.com/escola_saoroque/,,MAPEADO,16 CRE - Bento Gonçalves,Carlos Barbosa,
Escola Estadual Ensino Medio São Lourenco,https://www.instagram.com/escola_sao_lourenco_/,,MAPEADO,16 CRE - Bento Gonçalves,Coronel Pilar,
Escola Estadual Ensino Medio Professor Jacintho Silva,https://www.instagram.com/jacintho.silva/,,MAPEADO,16 CRE - Bento Gonçalves,Cotiporã,
Colegio Estadual Vicente de Carvalho,https://www.instagram.com/colegiovicentede/,https://www.facebook.com/pages/C-E-Vicente-de-Carvalho/556620127810467,MAPEADO,16 CRE - Bento Gonçalves,Dois Lajeados,
Colegio Estadual Ângelo Monaco,https://www.instagram.com/colegioangelomonaco/,https://www.facebook.com/educs.editora/,MAPEADO,16 CRE - Bento Gonçalves,Fagundes Varela,
Escola Estadual Ensino Fundamental Armando Peterlongo,https://www.instagram.com/escolaarmandopeterlongo/,,MAPEADO,16 CRE - Bento Gonçalves,Garibaldi,
Escola Estadual Ensino Fundamental Carlos Gomes,https://www.instagram.com/e.e.carlosgomes/,,MAPEADO,16 CRE - Bento Gonçalves,Garibaldi,
Escola Estadual Ensino Fundamental Heitor Mazzini,,,NÃO EXISTE,16 CRE - Bento Gonçalves,Garibaldi,
Escola Estadual Ensino Fundamental João Machado Rosa,https://www.instagram.com/eeef_joaomachadorosa_oficial/,https://www.facebook.com/engesolidaria/,MAPEADO,16 CRE - Bento Gonçalves,Garibaldi,
Escola Estadual Ensino Fundamental Santa Mônica,https://www.instagram.com/santa.monica.escola/,,MAPEADO,16 CRE - Bento Gonçalves,Garibaldi,
Escola Estadual Ensino Fundamental Santo Antônio,,,NÃO EXISTE,16 CRE - Bento Gonçalves,Garibaldi,
Escola Estadual Ensino Fundamental São Marcos,,,NÃO EXISTE,16 CRE - Bento Gonçalves,Garibaldi,
Escola Estadual Ensino Fundamental Ângelo Beal,https://www.instagram.com/escolaangelobeal/,,MAPEADO,16 CRE - Bento Gonçalves,Garibaldi,
Escola Estadual Ensino Medio Dante Grossi,https://www.instagram.com/escoladantegrossi/,https://www.facebook.com/JornalContextoBR/,MAPEADO,16 CRE - Bento Gonçalves,Garibaldi,
Instituto Estadual Educação Professora Irmã Teofania,https://www.instagram.com/ieeteofania/,,MAPEADO,16 CRE - Bento Gonçalves,Garibaldi,
Colegio Estadual José Chiochetta,https://www.instagram.com/jose_chiochetta_estadual/,,MAPEADO,16 CRE - Bento Gonçalves,Guabiju,
Colegio Estadual Alexandre de Gusmão,https://www.instagram.com/colegio_alexandre_de_gusmao/,,MAPEADO,16 CRE - Bento Gonçalves,Montauri,
Escola Estadual Ensino Medio Pedro Migliorini,https://www.instagram.com/pedromigliorini2025/,,MAPEADO,16 CRE - Bento Gonçalves,Monte Belo do Sul,
Escola Estadual Ensino Medio Luiz Isaias Zucchetti,https://www.instagram.com/luizisaiaszucchetti/,,MAPEADO,16 CRE - Bento Gonçalves,Nova Araçá,
Colegio Estadual Pe Colbachini,https://www.instagram.com/colegio_colbachini/,https://www.facebook.com/colegiocolbachini/,MAPEADO,16 CRE - Bento Gonçalves,Nova Bassano,
Escola Estadual Ensino Fundamental André Carbonera,https://www.instagram.com/escola_andrecarbonera/,,MAPEADO,16 CRE - Bento Gonçalves,Nova Prata,
Escola Estadual Ensino Fundamental Reinaldo Cherubini,https://www.instagram.com/escolareinaldocherubini/,,MAPEADO,16 CRE - Bento Gonçalves,Nova Prata,
Escola Estadual Ensino Medio Onze de Agosto,https://www.instagram.com/escola11deagosto/,https://www.facebook.com/p/Instituto-Estadual-de-Educa%C3%A7%C3%A3o-Tiradentes-100057244275909/,MAPEADO,16 CRE - Bento Gonçalves,Nova Prata,
Instituto Estadual Educação Tiradentes,https://www.instagram.com/instituto_tiradentes_np/,https://www.facebook.com/p/Instituto-Estadual-de-Educa%C3%A7%C3%A3o-Tiradentes-100057244275909/,MAPEADO,16 CRE - Bento Gonçalves,Nova Prata,
Neeja João Nunes dos Santos,,,NÃO EXISTE,16 CRE - Bento Gonçalves,Nova Prata,
Colegio Estadual Divino Mestre,https://www.instagram.com/c.e.divinomestre/,,MAPEADO,16 CRE - Bento Gonçalves,Paraí,
Escola Estadual Ensino Fundamental Minerios,https://www.instagram.com/escolaminerios/,,MAPEADO,16 CRE - Bento Gonçalves,Paraí,
Escola Estadual Ensino Fundamental Nossa Senhora do Bom Conselho,https://www.instagram.com/escolabomconselhoparai/,,MAPEADO,16 CRE - Bento Gonçalves,Paraí,
Escola Estadual Ensino Medio Professor José Pansera,https://www.instagram.com/jose.pansera.1002/,,MAPEADO,16 CRE - Bento Gonçalves,Pinto Bandeira,
Escola Estadual Ensino Medio Pe Antônio Serraglio,https://www.instagram.com/escolape.serraglio/,,MAPEADO,16 CRE - Bento Gonçalves,Protásio Alves,
Escola Estadual Ensino Medio Padre Vicente Rodrigues,https://www.instagram.com/escolapadrevicenterodrigues/,,MAPEADO,16 CRE - Bento Gonçalves,Santa Tereza,
Colegio Estadual Carneiro de Campos,https://www.instagram.com/cecarneirodecampos/,,MAPEADO,16 CRE - Bento Gonçalves,Serafina Corrêa,
Escola Estadual Ensino Fundamental 1 de Maio,https://www.instagram.com/e.e.e.f_geny_pinto_cadore/,,MAPEADO,16 CRE - Bento Gonçalves,Serafina Corrêa,
Escola Estadual Ensino Fundamental Geny Pinto Cadore,https://www.instagram.com/e.e.e.f_geny_pinto_cadore/,https://www.facebook.com/serafinacorrea/,MAPEADO,16 CRE - Bento Gonçalves,Serafina Corrêa,
Escola Estadual Ensino Fundamental Maria Costa Marocco,https://www.instagram.com/escolamariacostamarocco/,,MAPEADO,16 CRE - Bento Gonçalves,Serafina Corrêa,
Escola Estadual Ensino Fundamental Padre Marcos Rampi,,,NÃO EXISTE,16 CRE - Bento Gonçalves,Serafina Corrêa,
Escola Estadual Educação Basica Pedro Nunes da Silva,https://www.instagram.com/escola.pns/,,MAPEADO,16 CRE - Bento Gonçalves,São Jorge,
Escola Estadual Ensino Fundamental Rogaciano Giordani,https://www.instagram.com/rogaciano_giordani/,,MAPEADO,16 CRE - Bento Gonçalves,São Valentim do Sul,
Escola Estadual Ensino Medio Silvio Sanson,https://www.instagram.com/escolasilviosanson/,https://www.facebook.com/escola.silvio.sanson/,MAPEADO,16 CRE - Bento Gonçalves,São Valentim do Sul,
Colegio Estadual São Luiz Gonzaga,https://www.instagram.com/colegioe.saoluiz/,https://www.facebook.com/csaoluiz/,MAPEADO,16 CRE - Bento Gonçalves,Veranópolis,
Escola Estadual Ensino Fundamental Don Matheus Pasquali,https://www.instagram.com/escoladonmatheus/,,MAPEADO,16 CRE - Bento Gonçalves,Veranópolis,
Colegio Estadual Dosolina Boff,https://www.instagram.com/p/DScu1MQkfE_/,,MAPEADO,16 CRE - Bento Gonçalves,Vila Flores,
Colegio Estadual Monsenhor Peres,https://www.instagram.com/monsenhorperes/,,MAPEADO,16 CRE - Bento Gonçalves,Vista Alegre do Prata,
Escola Estadual Ensino Fundamental Alecrim,,,NÃO EXISTE,17 CRE - Santa Rosa,Alecrim,
Escola Estadual Ensino Medio Assis Brasil,https://www.instagram.com/eeemassisbrasil/reels/,,MAPEADO,17 CRE - Santa Rosa,Alecrim,
Colegio Estadual Caldas Júnior,https://www.instagram.com/colegiocaldasjunior/,https://www.facebook.com/p/Col%C3%A9gio-Estadual-Caldas-J%C3%BAnior-100064707384100/,MAPEADO,17 CRE - Santa Rosa,Alegria,
Escola Estadual Ensino Fundamental Espírito Santo,,,NÃO EXISTE,17 CRE - Santa Rosa,Alegria,
Escola Estadual Educação Basica Barão do Rio Branco,https://www.instagram.com/baraoescola/,,MAPEADO,17 CRE - Santa Rosa,Boa Vista do Buricá,
Escola Estadual Educação Basica João XxIII,https://www.instagram.com/eeebjoaoxxiii/,,MAPEADO,17 CRE - Santa Rosa,Campina das Missões,
Instituto Estadual Educação Cristo Redentor,https://www.instagram.com/ieecristoredentor/,,MAPEADO,17 CRE - Santa Rosa,Cândido Godói,
Escola Estadual Educação Basica Dr Maurício Cardoso,,,NÃO EXISTE,17 CRE - Santa Rosa,Doutor Maurício Cardoso,
Escola Estadual Ensino Fundamental Otávio Bos,https://www.instagram.com/escola.otaviobos/,,MAPEADO,17 CRE - Santa Rosa,Girua,
Escola Estadual Ensino Fundamental Telmo Motta CIEP,https://www.instagram.com/escolatelmomotta/,,MAPEADO,17 CRE - Santa Rosa,Girua,
Instituto Estadual Educação João XxIII,,,NÃO EXISTE,17 CRE - Santa Rosa,Girua,
Escola Estadual Educação Basica Albino Fantin,https://www.instagram.com/escolaalbinofantin/,,MAPEADO,17 CRE - Santa Rosa,Horizontina,
Escola Estadual Educação Basica Amelio Fagundes,https://www.instagram.com/ameliofagundes/,,MAPEADO,17 CRE - Santa Rosa,Independência,
Escola Estadual Ensino Fundamental Dante Marasca,https://www.instagram.com/dante.marasca/,,MAPEADO,17 CRE - Santa Rosa,Independência,
Escola Estadual Ensino Medio Nossa Senhora da Purificação,https://www.instagram.com/escola_nsp/,,MAPEADO,17 CRE - Santa Rosa,Nova Candelária,
Escola Estadual Ensino Medio Professor Antônio Barella,https://www.instagram.com/gea_barella/,https://www.facebook.com/p/Escola-E-E-M-Professor-Ant%C3%B4nio-Barella-100083111533141/,MAPEADO,17 CRE - Santa Rosa,Novo Machado,
Escola Estadual Ensino Fundamental Castro Alves,https://www.instagram.com/castroalves81/,https://www.facebook.com/castroalvesescola/,MAPEADO,17 CRE - Santa Rosa,Porto Lucena,
Escola Estadual Ensino Medio República Argentina,,,NÃO EXISTE,17 CRE - Santa Rosa,Porto Lucena,
Escola Estadual Ensino Medio Almirante Tamandaré,https://www.instagram.com/escolaamirantetamandare/,,MAPEADO,17 CRE - Santa Rosa,Porto Mauá,
Escola Estadual Ensino Fundamental Roncador,https://www.instagram.com/escolaroncadorportoveracruz/,,MAPEADO,17 CRE - Santa Rosa,Porto Vera Cruz,
Escola Estadual Ensino Medio Tamandaré,https://www.instagram.com/escolatamandareportoveracruz/,https://www.facebook.com/sejaFASA/,MAPEADO,17 CRE - Santa Rosa,Porto Vera Cruz,
Escola Estadual Educação Basica Cruzeiro,https://www.instagram.com/escola_cruzeiro/,,MAPEADO,17 CRE - Santa Rosa,Santa Rosa,
Escola Estadual Educação Basica Professor Joaquim José Felizardo,https://www.instagram.com/escolafelizardo/,,MAPEADO,17 CRE - Santa Rosa,Santa Rosa,
Escola Estadual Educação Basica Santos Dumont,https://www.instagram.com/escolasantosdumont_/,,MAPEADO,17 CRE - Santa Rosa,Santa Rosa,
Escola Estadual Ensino Fundamental Coronel Bráulio Oliveira,https://www.instagram.com/escolabrauliooliveira/,,MAPEADO,17 CRE - Santa Rosa,Santa Rosa,
Escola Estadual Ensino Fundamental Ermindo Vier,https://www.instagram.com/escolaermindo/,,MAPEADO,17 CRE - Santa Rosa,Santa Rosa,
Escola Estadual Ensino Fundamental Fernando Albino da Rosa,https://www.instagram.com/efar_santarosa/,,MAPEADO,17 CRE - Santa Rosa,Santa Rosa,
Escola Estadual Ensino Fundamental Mercedes Motta,https://www.instagram.com/eeefmercedesmotta/,https://www.facebook.com/p/Not%C3%ADcias-Di%C3%A1rias-100063468043177/,MAPEADO,17 CRE - Santa Rosa,Santa Rosa,
Escola Estadual Ensino Fundamental Pedro de Oliveira Flores,https://www.instagram.com/escola_pedroflores/,,MAPEADO,17 CRE - Santa Rosa,Santa Rosa,
Escola Estadual Ensino Fundamental Timbauva,https://www.instagram.com/escolatimbauva/,,MAPEADO,17 CRE - Santa Rosa,Santa Rosa,
Escola Estadual Ensino Fundamental Tiradentes,https://www.instagram.com/escolatiradentes_sr/reels/,,MAPEADO,17 CRE - Santa Rosa,Santa Rosa,
Escola Estadual Ensino Medio José Alfredo Nedel,https://www.instagram.com/eeemjosealfredonedel/tagged/,,MAPEADO,17 CRE - Santa Rosa,Santa Rosa,
Escola Estadual Ensino Medio Pedro Meinerz,https://www.instagram.com/eempedromeinerz/,,MAPEADO,17 CRE - Santa Rosa,Santa Rosa,
Escola Estadual Técnica Fronteira Noroeste,https://www.instagram.com/escolafronteiranoroeste/?hl=pt-br,,MAPEADO,17 CRE - Santa Rosa,Santa Rosa,
Instituto Estadual Educação Visconde de Cairú,https://www.instagram.com/cairusr/,https://www.facebook.com/pages/Instituto-Estadual-de-Educa%C3%A7%C3%A3o-Visconde-de-Cairu-Santa-Rosa-RS/426679971100118,MAPEADO,17 CRE - Santa Rosa,Santa Rosa,
Escola Estadual Educação Basica Leopoldo Ost,https://www.instagram.com/escolaleopoldoost/,,MAPEADO,17 CRE - Santa Rosa,Santo Cristo,
Escola Estadual Ensino Fundamental Santa Teresinha,,,NÃO EXISTE,17 CRE - Santa Rosa,Santo Cristo,
Escola Estadual Ensino Medio Carlos Gaklik,https://www.instagram.com/escolacarlosgaklik_/,,MAPEADO,17 CRE - Santa Rosa,Senador Salgado Filho,
Escola Estadual Ensino Medio Madre Madalena,https://www.instagram.com/madremadalena/,,MAPEADO,17 CRE - Santa Rosa,São José do Inhacorá,
Escola Estadual Educação Basica Prof Francisco José Damke,https://www.instagram.com/francisco_damke/,,MAPEADO,17 CRE - Santa Rosa,São Paulo das Missões,
Escola Estadual Ensino Fundamental Princesa Isabel,,,NÃO EXISTE,17 CRE - Santa Rosa,Três de Maio,
Escola Estadual Ensino Fundamental Progresso,,,NÃO EXISTE,17 CRE - Santa Rosa,Três de Maio,
Escola Estadual Ensino Fundamental Senador Alberto Pasqualini,https://www.instagram.com/escola_pasqualini/,,MAPEADO,17 CRE - Santa Rosa,Três de Maio,
Escola Estadual Ensino Medio Castelo Branco,https://www.instagram.com/castelobranco.cb/,,MAPEADO,17 CRE - Santa Rosa,Três de Maio,
Instituto Estadual Educação Cardeal Pacelli,https://www.instagram.com/ieecardealpacelli/,,MAPEADO,17 CRE - Santa Rosa,Três de Maio,
Escola Estadual Ensino Medio Bento Gonçalves,https://www.instagram.com/_escolabentogoncalves/,,MAPEADO,17 CRE - Santa Rosa,Tucunduva,
U Est Ens Fund David Bortoli 1 a 5 Série,https://www.instagram.com/ueefdavidbortoli/,,MAPEADO,17 CRE - Santa Rosa,Tucunduva,
U Est Ens Fund Princesa Isabel 6 a 9 Série,https://www.instagram.com/ueefprincesa/,,MAPEADO,17 CRE - Santa Rosa,Tucunduva,
Escola Estadual Educação Basica Yete,https://www.instagram.com/escolayete/,https://www.facebook.com/camaraportomaua/,MAPEADO,17 CRE - Santa Rosa,Tuparendi,
Escola Estadual Ensino Fundamental Andréa Parise,https://www.instagram.com/escola.andreaparise/,,MAPEADO,17 CRE - Santa Rosa,Tuparendi,
Escola Estadual Ensino Medio Marechal Soares de Andréa,,,NÃO EXISTE,18 CRE - Rio Grande,Chuí,
Colegio Estadual Lemos Júnior,https://www.instagram.com/lemosjunioroficial/,,MAPEADO,18 CRE - Rio Grande,Rio Grande,
Esc Ens Medio Mascarenhas de Moraes,https://www.instagram.com/escolamascarenhasdemoraesrg/,,MAPEADO,18 CRE - Rio Grande,Rio Grande,
Escola Estadual Ensino Fundamental 13 de Maio,https://www.instagram.com/eeef.13demaio/,,MAPEADO,18 CRE - Rio Grande,Rio Grande,
Escola Estadual Ensino Fundamental Adelaide Alvim,https://www.instagram.com/p/DCh8WYTvPke/,,MAPEADO,18 CRE - Rio Grande,Rio Grande,
Escola Estadual Ensino Fundamental Agnella do Nascimento,,,NÃO EXISTE,18 CRE - Rio Grande,Rio Grande,
Escola Estadual Ensino Fundamental Almirante Tamandaré,https://www.instagram.com/escolatamandare.rg/,,MAPEADO,18 CRE - Rio Grande,Rio Grande,
Escola Estadual Ensino Fundamental Barão de Cerro Largo,https://www.instagram.com/bclescola/,,MAPEADO,18 CRE - Rio Grande,Rio Grande,
Escola Estadual Ensino Fundamental Cel Juvencio Lemos,https://www.instagram.com/juvenciolemos1962/,,MAPEADO,18 CRE - Rio Grande,Rio Grande,
Escola Estadual Ensino Fundamental Dr Pedro Francisco Bertoni,https://www.instagram.com/escolapedrofranciscobertoni/,,MAPEADO,18 CRE - Rio Grande,Rio Grande,
Escola Estadual Ensino Fundamental Ernesto Pedroso,,,NÃO EXISTE,18 CRE - Rio Grande,Rio Grande,
Escola Estadual Ensino Fundamental Guarda Marinha Greenhalgh,,,NÃO EXISTE,18 CRE - Rio Grande,Rio Grande,
Escola Estadual Ensino Fundamental Imperial Marinheiro Marcilio Dias,https://www.instagram.com/marciliodias_rg/,,MAPEADO,18 CRE - Rio Grande,Rio Grande,
Escola Estadual Ensino Fundamental Marechal Emílio Luiz Mallet,https://www.instagram.com/escolamallet/,https://www.facebook.com/malletonline/,MAPEADO,18 CRE - Rio Grande,Rio Grande,
Escola Estadual Ensino Fundamental Mário Quintana,,,NÃO EXISTE,18 CRE - Rio Grande,Rio Grande,
Escola Estadual Ensino Fundamental Nossa Senhora Medianeira,https://www.instagram.com/e.e.e.f.nossasenhoramedianeira/,,MAPEADO,18 CRE - Rio Grande,Rio Grande,
Escola Estadual Ensino Fundamental Saldanha da Gama,https://www.instagram.com/saldanha_da_gama/,,MAPEADO,18 CRE - Rio Grande,Rio Grande,
Escola Estadual Ensino Medio Alfredo Ferreira Rodrigues,https://www.instagram.com/alfredoferreirarodrigues/,https://www.facebook.com/alfredofrodrigues/,MAPEADO,18 CRE - Rio Grande,Rio Grande,
Escola Estadual Ensino Medio Bibiano de Almeida,https://docs.google.com/spreadsheets/d/1JILodPFE7dK-b9cl6qzJu2nMyNaJD0ED_OOGASzmoLQ/edit?pli=1&gid=1565399547#gid=1565399547,,MAPEADO,18 CRE - Rio Grande,Rio Grande,
Escola Estadual Ensino Medio Brigadeiro José da Silva Paes,https://www.instagram.com/escolasilvapaes_rg/,,MAPEADO,18 CRE - Rio Grande,Rio Grande,
Escola Estadual Ensino Medio Dr Augusto Duprat,https://www.instagram.com/movimentaduprat/,,MAPEADO,18 CRE - Rio Grande,Rio Grande,
Escola Estadual Ensino Medio Dr José Mariano de Freitas Beck,https://www.instagram.com/ciepriogrande/,,MAPEADO,18 CRE - Rio Grande,Rio Grande,
Escola Estadual Ensino Medio Eng Roberto Bastos Tellechea,https://www.instagram.com/escolatellechea/,,MAPEADO,18 CRE - Rio Grande,Rio Grande,
Escola Estadual Ensino Medio Lilia Neves,https://www.instagram.com/eeemlilianeves/,,MAPEADO,18 CRE - Rio Grande,Rio Grande,
Escola Estadual Ensino Medio Prof Carlos Lorea Pinto,https://www.instagram.com/escolaloreapinto/,,MAPEADO,18 CRE - Rio Grande,Rio Grande,
Escola Estadual Ensino Medio Silva Gama,https://www.instagram.com/escolasilvagama/,,MAPEADO,18 CRE - Rio Grande,Rio Grande,
Escola Estadual Indigena EF para Mirim,,,NÃO EXISTE,18 CRE - Rio Grande,Rio Grande,
Escola Técnica Estadual Getúlio Vargas,https://www.instagram.com/etegetuliovargas/,,MAPEADO,18 CRE - Rio Grande,Rio Grande,
Instituto Estadual Educação Juvenal Miller,https://www.instagram.com/institutojuvenalmiller/,https://www.facebook.com/GEJuvenalMiller/,MAPEADO,18 CRE - Rio Grande,Rio Grande,
Nucl e EJA e Cp Professora Júlia Nahuys Coelho,https://www.instagram.com/neejariogrande/,,MAPEADO,18 CRE - Rio Grande,Rio Grande,
Nucl e EJA e Cp Professora Stella da Costa Bessouat,,,NÃO EXISTE,18 CRE - Rio Grande,Rio Grande,
Colegio Estadual Santa Vitória do Palmar,https://www.instagram.com/instacesvp/,,MAPEADO,18 CRE - Rio Grande,Santa Vitória do Palmar,
Escola Estadual Educação Basica Manoel Vicente do Amaral,https://www.instagram.com/p/DLYXGQlOnsy/?img_index=1,,MAPEADO,18 CRE - Rio Grande,Santa Vitória do Palmar,
Escola Estadual Ensino Fundamental Professor Abílio Azambuja,,,NÃO EXISTE,18 CRE - Rio Grande,Santa Vitória do Palmar,
Escola Estadual Ensino Fundamental Wandelina Nunes,https://www.instagram.com/escolawandelinanunes/,,MAPEADO,18 CRE - Rio Grande,Santa Vitória do Palmar,
Escola Estadual Ensino Fundamental Marques de Souza,https://www.instagram.com/escolamarquesdesouza/,https://www.facebook.com/eeefmarquesdesouza/,MAPEADO,18 CRE - Rio Grande,São José do Norte,
Escola Estadual Ensino Medio Capitão Luiz da Silva Ferreira,,,NÃO EXISTE,18 CRE - Rio Grande,São José do Norte,
Escola Estadual Ensino Medio Silverio da Costa Novo,https://www.instagram.com/escolasilverio/,https://www.facebook.com/joel.farias.1253/,MAPEADO,18 CRE - Rio Grande,São José do Norte,
Instituto Estadual Educação São José,https://www.instagram.com/saojose_instituto/,,MAPEADO,18 CRE - Rio Grande,São José do Norte,
Escola Estadual Ensino Fundamental Dr Roberto Osório Júnior,https://www.instagram.com/osoriojr.roberto/,,MAPEADO,19 CRE - Santana do Livramento,Quaraí,
Escola Estadual Ensino Fundamental Manoel Ignacio Tavares Nunes CIEP Quarai,https://www.instagram.com/escola_manoel_ignacio_ciep/,,MAPEADO,19 CRE - Santana do Livramento,Quaraí,
Escola Estadual Ensino Fundamental Uruguai,https://www.instagram.com/escolauruguaiquarai/,,MAPEADO,19 CRE - Santana do Livramento,Quaraí,
Escola Estadual Ensino Fundamental de Vila Olimpo,https://www.instagram.com/escolavilaolimpo/,,MAPEADO,19 CRE - Santana do Livramento,Quaraí,
Escola Estadual Ensino Medio Dartagnan Tubino,,,NÃO EXISTE,19 CRE - Santana do Livramento,Quaraí,
Instituto Estadual Dr Luiz Pacheco Prates,https://www.instagram.com/pachecopratesquarai/,https://www.facebook.com/institutopachecoprates/,MAPEADO,19 CRE - Santana do Livramento,Quaraí,
Instituto Estadual Educação Professor Diehl,https://www.instagram.com/prof_diehl/,,MAPEADO,19 CRE - Santana do Livramento,Quaraí,
Escola Estadual Ensino Fundamental Cel Breier,,,NÃO EXISTE,19 CRE - Santana do Livramento,Rosário do Sul,
Escola Estadual Ensino Fundamental Independência,,,NÃO EXISTE,19 CRE - Santana do Livramento,Rosário do Sul,
Escola Estadual Ensino Fundamental Marcal Pacheco,https://www.instagram.com/p/DRNCzVHkfsS/?img_index=1,,MAPEADO,19 CRE - Santana do Livramento,Rosário do Sul,
Escola Estadual Ensino Fundamental Nossa Senhora do Rosário,,,NÃO EXISTE,19 CRE - Santana do Livramento,Rosário do Sul,
Escola Estadual Ensino Fundamental Professora Emilia da Silva Prates,https://www.instagram.com/escolaemiliaprates/,,MAPEADO,19 CRE - Santana do Livramento,Rosário do Sul,
Escola Estadual Ensino Medio Padre Ângelo Bartelle,https://www.instagram.com/_bartelle/,,MAPEADO,19 CRE - Santana do Livramento,Rosário do Sul,
Escola Estadual Ensino Medio Plácido de Castro,https://www.instagram.com/placidodecastronoticias/,,MAPEADO,19 CRE - Santana do Livramento,Rosário do Sul,
Escola Estadual Ensino Medio Prof Carolina Argemi Vazquez CIEP,https://www.instagram.com/escolacarolinaargemi/,,MAPEADO,19 CRE - Santana do Livramento,Rosário do Sul,
Instituto Estadual Educação Deputado Ruy Ramos,https://www.instagram.com/escolaruyramos/,,MAPEADO,19 CRE - Santana do Livramento,Rosário do Sul,
Escola Estadual Ensino Medio Marechal Hermes,https://www.instagram.com/marechal_stamargarida/,https://www.facebook.com/lunarysbutantasp/,MAPEADO,19 CRE - Santana do Livramento,Santa Margarida do Sul,
Colegio Estadual Alceu Wamosy,,,NÃO EXISTE,19 CRE - Santana do Livramento,Santana do Livramento,
Escola Estadual Educação Basica General Neto,https://www.instagram.com/generalneto/,,MAPEADO,19 CRE - Santana do Livramento,Santana do Livramento,
Escola Estadual Ensino Fundamental Celina Vares Albornoz,https://www.instagram.com/celinavalbornoz_tempointegral/,,MAPEADO,19 CRE - Santana do Livramento,Santana do Livramento,
Escola Estadual Ensino Fundamental Cláudio Moreira,https://www.instagram.com/p/DRu7aylj_wI/?img_index=1,,MAPEADO,19 CRE - Santana do Livramento,Santana do Livramento,
Escola Estadual Ensino Fundamental Dr Elbio Silveira Gonçalves,https://www.instagram.com/elbiosgoncalves/,,MAPEADO,19 CRE - Santana do Livramento,Santana do Livramento,
Escola Estadual Ensino Fundamental Juracy Pinheiro Ribeiro,,,NÃO EXISTE,19 CRE - Santana do Livramento,Santana do Livramento,
Escola Estadual Ensino Fundamental Maurício Cardoso,,,NÃO EXISTE,19 CRE - Santana do Livramento,Santana do Livramento,
Escola Estadual Ensino Fundamental Moyses Vianna,https://www.instagram.com/_moysesvianna/,,MAPEADO,19 CRE - Santana do Livramento,Santana do Livramento,
Escola Estadual Ensino Fundamental Olavo Bilac,,,NÃO EXISTE,19 CRE - Santana do Livramento,Santana do Livramento,
Escola Estadual Ensino Fundamental Pinto da Rocha,https://www.instagram.com/pinto17667/,,MAPEADO,19 CRE - Santana do Livramento,Santana do Livramento,
Escola Estadual Ensino Fundamental Prof Pedro Comas,,,NÃO EXISTE,19 CRE - Santana do Livramento,Santana do Livramento,
Escola Estadual Ensino Fundamental Rivadavia Correa,https://www.instagram.com/rivadavia110/?__d=1%2F,,MAPEADO,19 CRE - Santana do Livramento,Santana do Livramento,
Escola Estadual Ensino Fundamental Rodolfo Costa,,,NÃO EXISTE,19 CRE - Santana do Livramento,Santana do Livramento,
Escola Estadual Ensino Fundamental Vitellio Gazapina,https://www.instagram.com/p/DU6DI8hDmoU/?img_index=1,,MAPEADO,19 CRE - Santana do Livramento,Santana do Livramento,
Escola Estadual Ensino Fundamental de Coxilha de Santo Ignacio,https://www.instagram.com/p/DRAjhrcEadc/,,MAPEADO,19 CRE - Santana do Livramento,Santana do Livramento,
Escola Estadual Ensino Medio Antônio Conselheiro,,,NÃO EXISTE,19 CRE - Santana do Livramento,Santana do Livramento,
Escola Estadual Ensino Medio Cyrino Luiz de Azevedo,,,NÃO EXISTE,19 CRE - Santana do Livramento,Santana do Livramento,
Escola Estadual Ensino Medio Dr Hector Acosta,https://www.instagram.com/elbiosgoncalves/,https://www.facebook.com/p/EEEMDrHECTOR-ACOSTA-100063725676350/,MAPEADO,19 CRE - Santana do Livramento,Santana do Livramento,
Escola Estadual Ensino Medio Dr Silvio Ribeiro,https://www.instagram.com/silvio.ribeiro.caic/,,MAPEADO,19 CRE - Santana do Livramento,Santana do Livramento,
Escola Estadual Ensino Medio General José Antônio Flores da Cunha,https://www.instagram.com/flores.dacunha/,,MAPEADO,19 CRE - Santana do Livramento,Santana do Livramento,
Escola Estadual Ensino Medio Júlio de Castilhos,https://www.instagram.com/escolajuliodecastilhos/,https://www.facebook.com/saudedamulherlvto/,MAPEADO,19 CRE - Santana do Livramento,Santana do Livramento,
Escola Estadual Ensino Medio Nossa Senhora do Livramento,,,NÃO EXISTE,19 CRE - Santana do Livramento,Santana do Livramento,
Escola Estadual Ensino Medio Prof Chaves,https://www.instagram.com/profchaves_oficial/,,MAPEADO,19 CRE - Santana do Livramento,Santana do Livramento,
Instituto Estadual Educação Dr Carlos Vidal de Oliveira,https://www.instagram.com/p/DV590oaDlqA/,,MAPEADO,19 CRE - Santana do Livramento,Santana do Livramento,
Instituto Estadual Educação Prof Liberato Salzano V da Cunha,https://www.instagram.com/liberato_salzanovieira/,,MAPEADO,19 CRE - Santana do Livramento,Santana do Livramento,
Neeja Fronteira da Paz,,,NÃO EXISTE,19 CRE - Santana do Livramento,Santana do Livramento,
Colégio Tiradentes São Gabriel,https://www.instagram.com/colegiotiradentes_saogabriel/,https://www.facebook.com/pages/Col%C3%A9gio-Tiradentes-de-S%C3%A3o-Gabriel/537417346319715,MAPEADO,19 CRE - Santana do Livramento,São Gabriel,
Escola Estadual Educação Basica Dr Celestino Lopes Cavalheiro,https://www.instagram.com/celestino.cc.oficial/,,MAPEADO,19 CRE - Santana do Livramento,São Gabriel,
Escola Estadual Ensino Fundamental Antônio José de Assis Brasil,https://www.instagram.com/eeefantoniojosedeassisbrasil/,,MAPEADO,19 CRE - Santana do Livramento,São Gabriel,
Escola Estadual Ensino Fundamental Ataliba Rodrigues das Chagas,https://www.instagram.com/ataliba.rchagas/,,MAPEADO,19 CRE - Santana do Livramento,São Gabriel,
Escola Estadual Ensino Fundamental Dr Camilo de Freitas Mercio,,,NÃO EXISTE,19 CRE - Santana do Livramento,São Gabriel,
Escola Estadual Ensino Fundamental Dr Pery da Cunha Gonçalves,https://www.instagram.com/p/DMcsoFcMq9o/?img_index=1,,MAPEADO,19 CRE - Santana do Livramento,São Gabriel,
Escola Estadual Ensino Fundamental Professora Sueni Goulart Santos,https://www.instagram.com/escola_sueni_goulart_oficial/,https://www.facebook.com/seme.saogabriel/,MAPEADO,19 CRE - Santana do Livramento,São Gabriel,
Escola Estadual Ensino Medio Dr Fernando Abbott,https://www.instagram.com/fern.andoabbott/,,MAPEADO,19 CRE - Santana do Livramento,São Gabriel,
Escola Estadual Ensino Medio Dr José Sampaio Marques Luz,https://www.instagram.com/marques.luz.sao.gabriel/,,MAPEADO,19 CRE - Santana do Livramento,São Gabriel,
Escola Estadual Ensino Medio João Pedro Nunes,https://www.instagram.com/joaopedronunessg/,,MAPEADO,19 CRE - Santana do Livramento,São Gabriel,
Escola Estadual Ensino Medio XV de Novembro,https://www.instagram.com/xvdenovembrosg/,,MAPEADO,19 CRE - Santana do Livramento,São Gabriel,
Instituto Estadual Educação Menna Barreto,https://www.instagram.com/ieemennabarretosg/,,MAPEADO,19 CRE - Santana do Livramento,São Gabriel,
Escola Estadual Educação Basica Cristo Redentor,https://www.instagram.com/escola.cristoredentor/,,MAPEADO,20 CRE - Palmeira das Missões,Alpestre,
Escola Estadual Ensino Fundamental Carlos Becker,,,NÃO EXISTE,20 CRE - Palmeira das Missões,Alpestre,
Escola Estadual Ensino Fundamental Vitório Perotto,,,NÃO EXISTE,20 CRE - Palmeira das Missões,Alpestre,
Escola Estadual Ensino Medio São Gabriel,https://www.instagram.com/escolasaogabrielametistadosul/,,MAPEADO,20 CRE - Palmeira das Missões,Ametista do Sul,
Escola Estadual Ensino Medio Lucila Nogueira,https://www.instagram.com/lucila.nogueira/,,MAPEADO,20 CRE - Palmeira das Missões,Boa Vista das Missões,
Escola Estadual Ensino Fundamental Caicara,https://www.instagram.com/caicaraescola/,,MAPEADO,20 CRE - Palmeira das Missões,Caiçara,
Escola Estadual Ensino Fundamental Silvino Guerreiro do Amaral,,,NÃO EXISTE,20 CRE - Palmeira das Missões,Caiçara,
Escola Estadual Ensino Medio 20 de Setembro,,,NÃO EXISTE,20 CRE - Palmeira das Missões,Caiçara,
Colegio Estadual Doutor Dorvalino Lúciano de Souza,https://www.instagram.com/colegioceedo/,,MAPEADO,20 CRE - Palmeira das Missões,Cerro Grande,
Escola Estadual Ensino Medio Mathias Balduíno Huppes,https://www.instagram.com/escolamathias/,,MAPEADO,20 CRE - Palmeira das Missões,Cristal do Sul,
Escola Estadual Ensino Medio Bento Gonçalves,https://www.instagram.com/escbento/,,MAPEADO,20 CRE - Palmeira das Missões,Dois Irmãos das Missões,
Escola Estadual Ensino Medio Cel Finzito,,,NÃO EXISTE,20 CRE - Palmeira das Missões,Erval Seco,
Escola Estadual Ensino Medio Olivia de Paula Falcao,https://www.instagram.com/escolaopf_/,,MAPEADO,20 CRE - Palmeira das Missões,Erval Seco,
Escola Estadual Indigena EM Sepé Tiaraju,,,NÃO EXISTE,20 CRE - Palmeira das Missões,Erval Seco,
Escola Estadual Educação Basica Sepé Tiaraju,https://www.instagram.com/sepetiarajufw/,,MAPEADO,20 CRE - Palmeira das Missões,Frederico Westphalen,
Escola Estadual Ensino Fundamental Afonso Pena,https://www.instagram.com/afonsopena_fw/,https://www.facebook.com/afonsopenafw/,MAPEADO,20 CRE - Palmeira das Missões,Frederico Westphalen,
Escola Estadual Ensino Fundamental Castelo Branco,https://www.instagram.com/escolacastelobrancoporto/,,MAPEADO,20 CRE - Palmeira das Missões,Frederico Westphalen,
Escola Estadual Ensino Fundamental Conselheiro Edgar M de Mattos,https://www.instagram.com/eeefconselheiromarquesdemattos/,,MAPEADO,20 CRE - Palmeira das Missões,Frederico Westphalen,
Escola Estadual Ensino Fundamental Monsenhor Vitor Batistella,https://www.instagram.com/monsenhorvitorbatistellafw/,,MAPEADO,20 CRE - Palmeira das Missões,Frederico Westphalen,
Escola Estadual Ensino Fundamental Natalia Gadonski,https://www.instagram.com/enataliagadonski/,,MAPEADO,20 CRE - Palmeira das Missões,Frederico Westphalen,
Escola Estadual Ensino Fundamental Nossa Senhora Fátima,https://www.instagram.com/eeefnsfatima/,,MAPEADO,20 CRE - Palmeira das Missões,Frederico Westphalen,
Escola Estadual Ensino Fundamental Santo Inácio,https://www.instagram.com/santoinaciofw/,,MAPEADO,20 CRE - Palmeira das Missões,Frederico Westphalen,
Escola Estadual Ensino Fundamental Verginio Cerutti CIEP,https://www.instagram.com/ciepfw/,,MAPEADO,20 CRE - Palmeira das Missões,Frederico Westphalen,
Escola Estadual Ensino Fundamental Waldemar Sampaio Barros,https://www.instagram.com/waldemarsampaiobarros/,,MAPEADO,20 CRE - Palmeira das Missões,Frederico Westphalen,
Escola Estadual Ensino Medio Cardeal Roncalli,https://www.instagram.com/roncallifw/,https://www.facebook.com/asermau/,MAPEADO,20 CRE - Palmeira das Missões,Frederico Westphalen,
Escola Estadual Técnica José Canellas,https://www.instagram.com/escolatecnicajosecanellas/,https://www.facebook.com/escolacanellas/,MAPEADO,20 CRE - Palmeira das Missões,Frederico Westphalen,
Nucl e EJA e Cp Aprendendo a Aprender,,,NÃO EXISTE,20 CRE - Palmeira das Missões,Frederico Westphalen,
Escola Estadual Ensino Fundamental Marechal Rondon,https://www.instagram.com/marechalrondon.escola/,,MAPEADO,20 CRE - Palmeira das Missões,Iraí,
Escola Estadual Ensino Fundamental Tancredo Neves,https://www.instagram.com/eeef.tancredo.neves/,,MAPEADO,20 CRE - Palmeira das Missões,Iraí,
Escola Estadual Indigena EF Goj Veso,,,NÃO EXISTE,20 CRE - Palmeira das Missões,Iraí,
Escola Estadual Indigena EM Nan Ga,,,NÃO EXISTE,20 CRE - Palmeira das Missões,Iraí,
Instituto Estadual Educação Visconde de Taunay,https://www.instagram.com/taunayvisconde/,,MAPEADO,20 CRE - Palmeira das Missões,Iraí,
Escola Estadual Educação Basica Padre Francisco Goettler,https://www.instagram.com/goettlerfrancisco/,,MAPEADO,20 CRE - Palmeira das Missões,Jaboticaba,
Escola Estadual Ensino Medio Eugenio Korsack,https://www.instagram.com/eugenio.korsack/,,MAPEADO,20 CRE - Palmeira das Missões,Lajeado do Bugre,
Escola Estadual Indigena Ensino Fundamental Antônio Rusi,,,NÃO EXISTE,20 CRE - Palmeira das Missões,Lajeado do Bugre,
Colegio Estadual Dr Liberato Salzano Vieira da Cunha,https://www.instagram.com/colegiodrliberato/,,MAPEADO,20 CRE - Palmeira das Missões,Liberato Salzano,
Escola Estadual Ensino Fundamental Estado de Pernambuco,https://www.instagram.com/escolaestadodepernambuco/,,MAPEADO,20 CRE - Palmeira das Missões,Liberato Salzano,
Escola Estadual Indigena Eb Francisco Kajero,https://www.instagram.com/escolaindigenakajero/,,MAPEADO,20 CRE - Palmeira das Missões,Liberato Salzano,
Escola Estadual Ensino Medio São João Batista,,,NÃO EXISTE,20 CRE - Palmeira das Missões,Novo Barreiro,
Escola Estadual Ensino Medio Joaquim José da Silva Xavier,,,NÃO EXISTE,20 CRE - Palmeira das Missões,Novo Tiradentes,
Colegio Estadual Três Martires,https://www.instagram.com/colegiotresmartires/,https://www.facebook.com/3martires/,MAPEADO,20 CRE - Palmeira das Missões,Palmeira das Missões,
Escola Estadual Educação Basica Palmeira das Missoes,https://www.instagram.com/polipalmeiraa/,https://www.facebook.com/pages/Escola-Estadual-Educa%C3%A7%C3%A3o-B%C3%A1sica-Palmeira-das-Missoes/112712699065617,MAPEADO,20 CRE - Palmeira das Missões,Palmeira das Missões,
Escola Estadual Ensino Fundamental Antônio de Souza Neto,https://www.instagram.com/eeefantoniodesouzaneto/,,MAPEADO,20 CRE - Palmeira das Missões,Palmeira das Missões,
Escola Estadual Ensino Fundamental Cacique Neenguiru,https://www.instagram.com/escolacaciqueneenguiru/,,MAPEADO,20 CRE - Palmeira das Missões,Palmeira das Missões,
Escola Estadual Ensino Fundamental Erci Campos Vargas,https://www.instagram.com/ercicamposvargas/,,MAPEADO,20 CRE - Palmeira das Missões,Palmeira das Missões,
Escola Estadual Ensino Fundamental Presidente João Goulart CIEP,,,NÃO EXISTE,20 CRE - Palmeira das Missões,Palmeira das Missões,
Escola Estadual Ensino Fundamental Professora Carimela Pugliese Bastos,https://www.instagram.com/carimelabastos/,,MAPEADO,20 CRE - Palmeira das Missões,Palmeira das Missões,
Escola Estadual Ensino Fundamental Vila Velha,https://www.instagram.com/polipalmeiraa/,,MAPEADO,20 CRE - Palmeira das Missões,Palmeira das Missões,
Escola Estadual Ensino Medio Venina Palma,https://www.instagram.com/escolaveninapalma/,,MAPEADO,20 CRE - Palmeira das Missões,Palmeira das Missões,
Escola Estadual Técnica Celeste Gobbato,https://www.instagram.com/escolacelestegobbato/,,MAPEADO,20 CRE - Palmeira das Missões,Palmeira das Missões,
Instituto Estadual Educação Borges do Canto,https://www.instagram.com/borgesdocantopm/?hl=en,,MAPEADO,20 CRE - Palmeira das Missões,Palmeira das Missões,
Nucl e EJA e Cp Ensinando e Aprendendo,https://www.instagram.com/nejapalmeirars/,,MAPEADO,20 CRE - Palmeira das Missões,Palmeira das Missões,
Escola Estadual Ensino Fundamental Olavo Bilac,https://www.instagram.com/escolaeolavobilac/,,MAPEADO,20 CRE - Palmeira das Missões,Palmitinho,
Instituto Estadual Educação 22 de Maio,https://www.instagram.com/curso_normal22/,https://www.facebook.com/profile.php?id=938532019559828,MAPEADO,20 CRE - Palmeira das Missões,Palmitinho,
Escola Estadual Ensino Medio Ângelo Beltramin,https://www.instagram.com/escolaangelobeltramin/,,MAPEADO,20 CRE - Palmeira das Missões,Pinhal,
Escola Estadual Educação Basica José Canellas,https://www.instagram.com/eeebjosecanellas/,,MAPEADO,20 CRE - Palmeira das Missões,Pinheirinho do Vale,
Escola Estadual Ensino Fundamental Marcilio Dias,https://www.instagram.com/escola.marciliodias/,,MAPEADO,20 CRE - Palmeira das Missões,Pinheirinho do Vale,
E.E.I.K.E.M. Cacique Sy Gre,,,NÃO EXISTE,20 CRE - Palmeira das Missões,Planalto,
Escola Estadual Ensino Fundamental Bom Pastor,,,NÃO EXISTE,20 CRE - Palmeira das Missões,Planalto,
Escola Estadual Ensino Fundamental Santa Cruz,,,NÃO EXISTE,20 CRE - Palmeira das Missões,Planalto,
Escola Estadual Indigena Ensino Fundamental Guarani Joaquim Mariano,,,NÃO EXISTE,20 CRE - Palmeira das Missões,Planalto,
Escola Estadual Indigena Ensino Fundamental Guarani M Baraka Miri,https://www.instagram.com/p/DOxBjoHjLDA/?img_index=1,,MAPEADO,20 CRE - Palmeira das Missões,Planalto,
Escola Estadual Indigena Ensino Fundamental Kaingang Goj Ror,,,NÃO EXISTE,20 CRE - Palmeira das Missões,Planalto,
Escola Estadual Indigena Ensino Fundamental Kaingang Jag Mag,,,NÃO EXISTE,20 CRE - Palmeira das Missões,Planalto,
Instituto Estadual Educação Padre Vitório,https://www.instagram.com/iee.padrevitorio/tagged/,,MAPEADO,20 CRE - Palmeira das Missões,Planalto,
Escola Estadual Ensino Fundamental José André Acadroli,https://www.instagram.com/escolajoseaacadroli/,,MAPEADO,20 CRE - Palmeira das Missões,Rodeio Bonito,
Escola Estadual Ensino Medio Danilo Irineu Daris,https://www.instagram.com/escoladaniloirineu/,,MAPEADO,20 CRE - Palmeira das Missões,Rodeio Bonito,
Escola Estadual Ensino Medio Olimpio Garibaldi Vilarinho,,,NÃO EXISTE,20 CRE - Palmeira das Missões,Sagrada Família,
Escola Estadual Ensino Fundamental Alfredo Westphalen,https://www.instagram.com/escolaalfredow/,,MAPEADO,20 CRE - Palmeira das Missões,Seberi,
Escola Estadual Ensino Fundamental Pedro Gemelli,https://www.instagram.com/e_pedrogemelli/,,MAPEADO,20 CRE - Palmeira das Missões,Seberi,
Instituto Estadual Educação Madre Tereza,https://www.instagram.com/madretereza.seberi/,https://www.facebook.com/IEEMadreTereza/,MAPEADO,20 CRE - Palmeira das Missões,Seberi,
Escola Estadual Ensino Medio Castro Alves,,,NÃO EXISTE,20 CRE - Palmeira das Missões,São José das Missões,
Escola Estadual Ensino Medio Pe José de Anchieta,https://www.instagram.com/padrejoseanchita/,,MAPEADO,20 CRE - Palmeira das Missões,São Pedro das Missões,
Escola Estadual Educação Basica José Zanatta,https://www.instagram.com/escolajz/,,MAPEADO,20 CRE - Palmeira das Missões,Taquaruçu do Sul,
Escola Estadual Educação Basica 14 de Maio,https://www.instagram.com/14demaio20cre/,https://www.facebook.com/evandroluizwolff/,MAPEADO,20 CRE - Palmeira das Missões,Vicente Dutra,
Escola Estadual Indigena Ensino Fundamental Rio dos Índios,,,NÃO EXISTE,20 CRE - Palmeira das Missões,Vicente Dutra,
Escola Estadual Educação Basica Pe Abílio de Marcos Sponchiado,https://www.instagram.com/escola_peabiliosponchiado/,https://www.facebook.com/aprendendocomozag/,MAPEADO,20 CRE - Palmeira das Missões,Vista Alegre,
Escola Estadual Ensino Medio João Leopoldo Vogt,https://www.instagram.com/escolajlv/,,MAPEADO,21 CRE - Três Passos,Barra do Guarita,
Escola Estadual Ensino Medio José de Anchieta,https://www.instagram.com/josedeanchieta__/,,MAPEADO,21 CRE - Três Passos,Bom Progresso,
Escola Técnica Estadual Celeiro Etec,https://www.instagram.com/etec_bp/,,MAPEADO,21 CRE - Três Passos,Bom Progresso,
Escola Estadual Ensino Fundamental Bento Gonçalves,,,NÃO EXISTE,21 CRE - Três Passos,Braga,
Escola Estadual Ensino Medio Santo Pazini,https://www.instagram.com/santopazini/,https://www.facebook.com/p/21%C2%AA-CRE-100042098120045/,MAPEADO,21 CRE - Três Passos,Braga,
Escola Estadual Ensino Fundamental Ervina Catarina Low,https://www.instagram.com/e.e.e.f.ervinacatarina/,,MAPEADO,21 CRE - Três Passos,Campo Novo,
Escola Estadual Ensino Medio São Francisco de Sales,https://www.instagram.com/escola_sfs/,https://www.facebook.com/p/Francisco-de-Sales-100064184886536/,MAPEADO,21 CRE - Três Passos,Campo Novo,
Escola Estadual Ensino Medio Cecília Meireles,https://www.instagram.com/escola21ceciliameireles/,,MAPEADO,21 CRE - Três Passos,Coronel Bicaco,
Escola Estadual Ensino Fundamental Alcido Brust,,,NÃO EXISTE,21 CRE - Três Passos,Crissiumal,
Escola Estadual Ensino Fundamental Egon Trentini,,,NÃO EXISTE,21 CRE - Três Passos,Crissiumal,
Escola Estadual Ensino Fundamental La Salle,,,NÃO EXISTE,21 CRE - Três Passos,Crissiumal,
Escola Estadual Ensino Fundamental São Sebastião,,,NÃO EXISTE,21 CRE - Três Passos,Crissiumal,
Escola Estadual Ensino Fundamental Tuiuti,,,NÃO EXISTE,21 CRE - Três Passos,Crissiumal,
Escola Estadual Ensino Fundamental Uruguai,,,NÃO EXISTE,21 CRE - Três Passos,Crissiumal,
Escola Estadual Ensino Fundamental Érico Veríssimo,,,NÃO EXISTE,21 CRE - Três Passos,Crissiumal,
Escola Estadual Ensino Medio Ponche Verde,https://www.instagram.com/eeem.poncheverde_oficial/,,MAPEADO,21 CRE - Três Passos,Crissiumal,
Escola Estadual Ensino Medio Rocha Pombo,https://www.instagram.com/escolarochapombocrissiumal/,,MAPEADO,21 CRE - Três Passos,Crissiumal,
Escola Estadual Ensino Medio Getúlio Vargas,https://www.instagram.com/escolagetuliovargasderrubadas/,,MAPEADO,21 CRE - Três Passos,Derrubadas,
Escola Estadual Ensino Medio Olavo Bilac,,,NÃO EXISTE,21 CRE - Três Passos,Esperança do Sul,
Instituto Estadual Educação Maria Cristina CIEP,https://www.instagram.com/i.e.e.mariacristinaciep/,https://www.facebook.com/institutoestadualmariacristina/,MAPEADO,21 CRE - Três Passos,Humaitá,
Escola Estadual Ensino Fundamental Osmar Hermann,https://www.instagram.com/osmarhermann/,,MAPEADO,21 CRE - Três Passos,Miraguaí,
Escola Estadual Ensino Fundamental Pontao dos Buenos,,,NÃO EXISTE,21 CRE - Três Passos,Miraguaí,
Instituto Estadual Educação Fagundes Varela,https://www.instagram.com/ieefagundesvarela/,,MAPEADO,21 CRE - Três Passos,Miraguaí,
Escola Estadual Educação Basica Feliciano Jorge Alberto,https://www.instagram.com/felicianojorgealberto21cre/,https://www.facebook.com/p/Escola-Estadual-de-Educa%C3%A7%C3%A3o-B%C3%A1sica-Feliciano-Jorge-Alberto-100063499996240/,MAPEADO,21 CRE - Três Passos,Redentora,
Escola Estadual Ensino Medio Américo dos Santos,https://www.instagram.com/escolaamericodossantos/,,MAPEADO,21 CRE - Três Passos,Redentora,
Escola Estadual Indigena EM Antônio Kasin Mig,https://www.instagram.com/escolakasinmig/,,MAPEADO,21 CRE - Três Passos,Redentora,
Escola Estadual Indigena Ensino Fundamental Cacique Anastacio Fongue,,,NÃO EXISTE,21 CRE - Três Passos,Redentora,
Escola Estadual Indigena Ensino Fundamental Cacique Natalicio,,,NÃO EXISTE,21 CRE - Três Passos,Redentora,
Escola Estadual Indigena Ensino Fundamental Coronel Geraldino Mineiro,,,NÃO EXISTE,21 CRE - Três Passos,Redentora,
Escola Estadual Indigena Ensino Fundamental Davi Rygjo Fernandes,,,NÃO EXISTE,21 CRE - Três Passos,Redentora,
Escola Estadual Indigena Ensino Fundamental Herculano Joaquim,,,NÃO EXISTE,21 CRE - Três Passos,Redentora,
Escola Estadual Indigena Ensino Fundamental Katiu Gria,,,NÃO EXISTE,21 CRE - Três Passos,Redentora,
Escola Estadual Indigena Ensino Fundamental Rosalino Claudino,,,NÃO EXISTE,21 CRE - Três Passos,Redentora,
Escola Estadual Indigena Ensino Fundamental Toldo Campinas,,,MAPEADO,21 CRE - Três Passos,Redentora,"Mapeado pela busca, mas sem link na planilha"
Escola Estadual Ensino Fundamental Francisco Andrighetto,https://www.instagram.com/escolafranciscoandrighetto/,,MAPEADO,21 CRE - Três Passos,Santo Augusto,
Escola Estadual Ensino Fundamental José Andrighetto,,,NÃO EXISTE,21 CRE - Três Passos,Santo Augusto,
Escola Estadual Ensino Medio Santo Augusto,https://www.instagram.com/ginasantoaugusto/,,MAPEADO,21 CRE - Três Passos,Santo Augusto,
Escola Estadual Ensino Medio Senador Alberto Pasqualini,https://www.instagram.com/ciepsantoaugusto/,https://www.facebook.com/ciepsa/,MAPEADO,21 CRE - Três Passos,Santo Augusto,
Escola Estadual Ensino Medio Professor Raimundo Almeida,https://www.instagram.com/e.raimundoalmeida/,https://www.facebook.com/p/21%C2%AA-CRE-100042098120045/,MAPEADO,21 CRE - Três Passos,Sede Nova,
Escola Estadual Educação Basica São Martinho,https://www.instagram.com/p/Cgt8zyvr_O6/,,MAPEADO,21 CRE - Três Passos,São Martinho,
Escola Estadual Ensino Fundamental Monteiro Lobato,,,NÃO EXISTE,21 CRE - Três Passos,São Martinho,
Escola Estadual Ensino Medio São Valerio,https://www.instagram.com/escola.estadual.sao.valerio/,,MAPEADO,21 CRE - Três Passos,São Valério do Sul,
Escola Estadual Indigena Ensino Fundamental Marechal Cândido Rondon,https://www.instagram.com/escolaindigenamarechal/,,MAPEADO,21 CRE - Três Passos,São Valério do Sul,
Inst Est Ed Ind Ângelo Manhka Miguel,https://www.instagram.com/angelomanhkamiguel/,,MAPEADO,21 CRE - Três Passos,São Valério do Sul,
Escola Estadual Educação Basica Professora Cleia Salete Dalberto,https://www.instagram.com/escola.cleiatp/,,MAPEADO,21 CRE - Três Passos,Tenente Portela,
Escola Estadual Ensino Fundamental Entre Rios,,,NÃO EXISTE,21 CRE - Três Passos,Tenente Portela,
Escola Estadual Ensino Fundamental Fernão Dias Paes,https://www.instagram.com/escolafernaodiaspaes/,,MAPEADO,21 CRE - Três Passos,Tenente Portela,
Escola Estadual Ensino Fundamental Francisco Balestrin,https://www.instagram.com/francisco.balestrin24/,,MAPEADO,21 CRE - Três Passos,Tenente Portela,
Escola Estadual Ensino Fundamental Tenente Portela,https://www.instagram.com/neejatenenteportela/,,MAPEADO,21 CRE - Três Passos,Tenente Portela,
Escola Estadual Ensino Medio Sepé Tiaraju,https://www.instagram.com/_sepetiaraju/,https://www.facebook.com/p/Curso-Normal-Escola-Estadual-de-Ensino-M%C3%A9dio-Sep%C3%A9-Tiaraju-100088833403037/,MAPEADO,21 CRE - Três Passos,Tenente Portela,
Escola Estadual Indigena Ensino Fundamental Bento Pi Gog,,,NÃO EXISTE,21 CRE - Três Passos,Tenente Portela,
Escola Estadual Indigena Ensino Fundamental Gomercindo Jete Tenh Ribeiro,,,NÃO EXISTE,21 CRE - Três Passos,Tenente Portela,
Escola Estadual Indigena Ensino Fundamental Mukej,,,NÃO EXISTE,21 CRE - Três Passos,Tenente Portela,
Nucl e EJA e Cp Construindo Um Novo Mundo,,,NÃO EXISTE,21 CRE - Três Passos,Tenente Portela,
Escola Estadual Educação Basica Tiradentes,https://www.instagram.com/e.e.e.basicatiradentes/,,MAPEADO,21 CRE - Três Passos,Tiradentes do Sul,
Escola Estadual Ensino Fundamental Almirante Tamandaré,https://www.instagram.com/escolaalmirantetamandare/,,MAPEADO,21 CRE - Três Passos,Tiradentes do Sul,
Escola Estadual Ensino Fundamental Assis Brasil,https://www.instagram.com/assisbrasil_lb/,,MAPEADO,21 CRE - Três Passos,Tiradentes do Sul,
Escola Estadual Ensino Fundamental Cecília Meireles,https://www.instagram.com/escolaceciliameireles15898/,,MAPEADO,21 CRE - Três Passos,Tiradentes do Sul,
Escola Estadual Educação Basica Padre Gonzales,https://www.instagram.com/escolapadregonzales/,,MAPEADO,21 CRE - Três Passos,Três Passos,
Escola Estadual Ensino Medio Aguia de Haia,https://www.instagram.com/escolaaguiadehaia/,https://www.facebook.com/escoladeluzesaber/,MAPEADO,21 CRE - Três Passos,Três Passos,
Instituto Estadual Educação Érico Veríssimo,https://www.instagram.com/ericoverissimo3passos/,https://www.facebook.com/ericotrespassos/,MAPEADO,21 CRE - Três Passos,Três Passos,
Escola Estadual Ensino Fundamental Rui Barbosa,,,NÃO EXISTE,21 CRE - Três Passos,Vista Gaúcha,
Escola Estadual Ensino Medio Érico Veríssimo,,,NÃO EXISTE,21 CRE - Três Passos,Vista Gaúcha,
Colegio Estadual Frei Getúlio,https://www.instagram.com/freigetulio/,https://www.facebook.com/shay.brito.965/,MAPEADO,23 CRE - Vacaria,Bom Jesus,
Escola Estadual Ensino Fundamental Conde de Afonso Celso,https://www.instagram.com/condedeafonsocelso/,,MAPEADO,23 CRE - Vacaria,Bom Jesus,
Escola Estadual Ensino Fundamental Joaquim Marques,https://www.instagram.com/joaquim_marques63/,,MAPEADO,23 CRE - Vacaria,Bom Jesus,
Escola Estadual Ensino Medio Álvaro Laureano Brum,https://www.instagram.com/escolaalvarolaureanobrum/,,MAPEADO,23 CRE - Vacaria,Campestre da Serra,
Escola Estadual Ensino Medio Marcirio Marques Pacheco,https://www.instagram.com/escolamarciriomarquespacheco/?__d=11,,MAPEADO,23 CRE - Vacaria,Esmeralda,
Escola Estadual Educação Basica Frei Casimiro Zaffonato,https://www.instagram.com/gefreicasimiro/,,MAPEADO,23 CRE - Vacaria,Ipê,
Escola Estadual Ensino Fundamental São João Batista de La Salle,,,NÃO EXISTE,23 CRE - Vacaria,Ipê,
Escola Estadual Ensino Fundamental São Paulo,,,NÃO EXISTE,23 CRE - Vacaria,Ipê,
Escola Estadual Ensino Fundamental Irmão Eugenio,,,NÃO EXISTE,23 CRE - Vacaria,Monte Alegre dos Campos,
Escola Estadual Ensino Medio Prof Firmino Pereira Boeno,https://www.instagram.com/pfirmino23cre/,,MAPEADO,23 CRE - Vacaria,Monte Alegre dos Campos,
Escola Estadual Ensino Fundamental Francisco Guerra,https://www.instagram.com/guerraescolafrancisco/,,MAPEADO,23 CRE - Vacaria,Muitos Capões,
Escola Estadual Ensino Medio D Frei Vital de Oliveira,https://www.instagram.com/eeem.domfreivitaldeoliveira/,,MAPEADO,23 CRE - Vacaria,Muitos Capões,
Escola Estadual Ensino Fundamental Paulo VI,,,NÃO EXISTE,23 CRE - Vacaria,Pinhal da Serra,
Escola Estadual Ensino Fundamental Sebastião Antunes de Almeida,https://www.instagram.com/escolasebastiaoantunes/,,MAPEADO,23 CRE - Vacaria,Pinhal da Serra,
Escola Estadual Ensino Medio São Paulo de Tarso,https://www.instagram.com/eeemsaopaulodetarso/,,MAPEADO,23 CRE - Vacaria,Pinhal da Serra,
Escola Estadual Ensino Fundamental Waldemar dos Santos Boeira,https://www.instagram.com/escolawaldemarsantosboeira/,,MAPEADO,23 CRE - Vacaria,São José dos Ausentes,
Escola Estadual Ensino Medio Antônio Inácio Velho,https://www.instagram.com/eeemantonioinaciovelho/,https://www.facebook.com/23crevacaria/,MAPEADO,23 CRE - Vacaria,São José dos Ausentes,
Escola Estadual Educação Basica Professor José Fernandes de Oliveira,,,NÃO EXISTE,23 CRE - Vacaria,Vacaria,
Escola Estadual Ensino Fundamental Chico Mendes,https://www.instagram.com/_chico_mendes/,,MAPEADO,23 CRE - Vacaria,Vacaria,
Escola Estadual Ensino Fundamental Dalva Zanotto de Lemos,,,NÃO EXISTE,23 CRE - Vacaria,Vacaria,
Escola Estadual Ensino Fundamental Ione Campos dos Santos,https://www.instagram.com/escola_ione_campos_santos/,https://www.facebook.com/pages/Escola-Estadual-de-Ensino-Fundamental-Ione-Campos-dos-Santos/166830930395213,MAPEADO,23 CRE - Vacaria,Vacaria,
Escola Estadual Ensino Fundamental Jardim América,https://www.instagram.com/escolajardimamericavacaria/,https://www.facebook.com/prefeituradevacaria/,MAPEADO,23 CRE - Vacaria,Vacaria,
Escola Estadual Ensino Fundamental Nossa Senhora da Oliveira,,,NÃO EXISTE,23 CRE - Vacaria,Vacaria,
Escola Estadual Ensino Fundamental Vitória Quintella da Silva Ly,,,NÃO EXISTE,23 CRE - Vacaria,Vacaria,
Escola Estadual Ensino Medio Padre Efrem,https://www.instagram.com/padreefrem23cre/,,MAPEADO,23 CRE - Vacaria,Vacaria,
Escola Estadual Ensino Medio Padre Pacífico,https://www.instagram.com/escola_padrepacifico/,,MAPEADO,23 CRE - Vacaria,Vacaria,
Escola Técnica Estadual Bernardina Rodrigues Padilha,https://www.instagram.com/escola_tecnica_bernardina/,,MAPEADO,23 CRE - Vacaria,Vacaria,
Instituto Estadual Educação Irmão Getúlio,,,NÃO EXISTE,23 CRE - Vacaria,Vacaria,
Escola Estadual Educação Basica Dom Érico Ferrari,,,NÃO EXISTE,24 CRE - Cachoeira do Sul,Agudo,
Escola Estadual Educação Basica Professor Willy Roos,https://www.instagram.com/escolawillyroos/,https://www.facebook.com/Bombeirosvoluntariosdeagudo/,MAPEADO,24 CRE - Cachoeira do Sul,Agudo,
Escola Estadual Ensino Fundamental São João Batista de La Salle,,,NÃO EXISTE,24 CRE - Cachoeira do Sul,Arroio do Tigre,
Escola Estadual Ensino Medio Arroio do Tigre,https://www.instagram.com/eeemarroiodotigre/,,MAPEADO,24 CRE - Cachoeira do Sul,Arroio do Tigre,
Colegio Estadual Diva Costa Fachin,https://www.instagram.com/colegiodiva_oficial/,,MAPEADO,24 CRE - Cachoeira do Sul,Cachoeira do Sul,
E E I E F Trad Kyringue Nhembo Ea,,,NÃO EXISTE,24 CRE - Cachoeira do Sul,Cachoeira do Sul,
Escola Estadual Educação Basica Borges de Medeiros,https://www.instagram.com/escolaborges_ch/,,MAPEADO,24 CRE - Cachoeira do Sul,Cachoeira do Sul,
Escola Estadual Ensino Fundamental Angelina Salzano Vieira da Cunha,https://www.instagram.com/escolaangelina/,,MAPEADO,24 CRE - Cachoeira do Sul,Cachoeira do Sul,
Escola Estadual Ensino Fundamental Bairro Carvalho,,,NÃO EXISTE,24 CRE - Cachoeira do Sul,Cachoeira do Sul,
Escola Estadual Ensino Fundamental Candida Fortes Brandao,https://www.instagram.com/candidafortesbrandao/,,MAPEADO,24 CRE - Cachoeira do Sul,Cachoeira do Sul,
Escola Estadual Ensino Fundamental Dinah Neri Pereira,,,NÃO EXISTE,24 CRE - Cachoeira do Sul,Cachoeira do Sul,
Escola Estadual Ensino Fundamental Dr David Fontoura de Barcelos,https://www.instagram.com/escoladavidbarcelos/,,MAPEADO,24 CRE - Cachoeira do Sul,Cachoeira do Sul,
Escola Estadual Ensino Fundamental Juvencio Soares,https://www.instagram.com/juvencio.1045/,,MAPEADO,24 CRE - Cachoeira do Sul,Cachoeira do Sul,
Escola Estadual Ensino Fundamental Prof Marieta Ribeiro de Almeida,,,NÃO EXISTE,24 CRE - Cachoeira do Sul,Cachoeira do Sul,
Escola Estadual Ensino Fundamental Rio Jacui,https://www.instagram.com/riojacui/,,MAPEADO,24 CRE - Cachoeira do Sul,Cachoeira do Sul,
Escola Estadual Ensino Fundamental Zilah da Gama Mor,,,NÃO EXISTE,24 CRE - Cachoeira do Sul,Cachoeira do Sul,
Escola Estadual Ensino Medio Antônio Vicente da Fontoura,https://www.instagram.com/antoniovicentedafontoura24cre/,,MAPEADO,24 CRE - Cachoeira do Sul,Cachoeira do Sul,
Escola Estadual Ensino Medio Coronel Ciro Carvalho de Abreu,https://www.instagram.com/escola.ciro/,,MAPEADO,24 CRE - Cachoeira do Sul,Cachoeira do Sul,
Escola Estadual Ensino Medio Dr Liberato Salzano Vieira da Cunha,https://www.instagram.com/escola.liberato/,,MAPEADO,24 CRE - Cachoeira do Sul,Cachoeira do Sul,
Escola Estadual Ensino Medio Virgilino Jayme Zinn,https://www.instagram.com/ciepvirgilinojaymezinn24cre/,,MAPEADO,24 CRE - Cachoeira do Sul,Cachoeira do Sul,
Escola Estadual Ensino Medio Vital Brasil,https://www.instagram.com/vitalbrasilcachoeira/,https://www.facebook.com/p/Escola-Estadual-Vital-Brasil-100064069600871/,MAPEADO,24 CRE - Cachoeira do Sul,Cachoeira do Sul,
Escola Estadual Indigena Ensino Fundamental Tape Miri,,,NÃO EXISTE,24 CRE - Cachoeira do Sul,Cachoeira do Sul,
Escola Estadual Técnica Nossa Senhora da Conceição,https://www.instagram.com/escolaconceicaotecnica/,,MAPEADO,24 CRE - Cachoeira do Sul,Cachoeira do Sul,
Instituto Estadual Educação João Neves da Fontoura,https://www.instagram.com/joao_neves84/,,MAPEADO,24 CRE - Cachoeira do Sul,Cachoeira do Sul,
Nucl e EJA e Cp Julieta Villamil Balestro Presidio,,,NÃO EXISTE,24 CRE - Cachoeira do Sul,Cachoeira do Sul,
Nucl e EJA e Cp Núcleo de EJA e Cultura Popular Paulo Freire,https://www.instagram.com/neejapaulofreirers/,,MAPEADO,24 CRE - Cachoeira do Sul,Cachoeira do Sul,
Colegio Estadual Cerro Branco,https://www.instagram.com/ce_cerrobranco/,https://www.facebook.com/c.e.cerrobranco/,MAPEADO,24 CRE - Cachoeira do Sul,Cerro Branco,
Escola Estadual Ensino Medio Maria Ilha Baisch,https://www.instagram.com/eeem.mib/,,MAPEADO,24 CRE - Cachoeira do Sul,Dona Francisca,
Escola Estadual Ensino Fundamental Itauba,https://www.instagram.com/escolaitauba/,,MAPEADO,24 CRE - Cachoeira do Sul,Estrela Velha,
Escola Estadual Ensino Medio Estrela Velha,https://www.instagram.com/direcao_eeemev/,,MAPEADO,24 CRE - Cachoeira do Sul,Estrela Velha,
Escola Estadual Indigena Ensino Fundamental Karai Tataendy Vera Cláudio Acosta,,,NÃO EXISTE,24 CRE - Cachoeira do Sul,Estrela Velha,
Escola Estadual Ensino Medio Catarina Bridi,https://www.instagram.com/eeem.catarinabridiofc/,https://www.facebook.com/EscolaEstadualDeEnsinoMedioCatarinaBridi/,MAPEADO,24 CRE - Cachoeira do Sul,Ibarama,
Escola Estadual Ensino Medio Ruy Barbosa,,,NÃO EXISTE,24 CRE - Cachoeira do Sul,Novo Cabrais,
Escola Estadual Ensino Fundamental Duque de Caxias,,,NÃO EXISTE,24 CRE - Cachoeira do Sul,Paraíso do Sul,
Escola Estadual Ensino Medio Presidente Afonso Pena,https://www.instagram.com/escolaafonsopenars/,,MAPEADO,24 CRE - Cachoeira do Sul,Paraíso do Sul,
Escola Estadual Ensino Fundamental Francisco Manoel,,,NÃO EXISTE,24 CRE - Cachoeira do Sul,Restinga Seca,
Escola Estadual Ensino Fundamental Marcelo Gama,https://www.instagram.com/marcelogama.jacui/,,MAPEADO,24 CRE - Cachoeira do Sul,Restinga Seca,
Escola Estadual Ensino Fundamental Olmiro Pohlmann Cabral,,,NÃO EXISTE,24 CRE - Cachoeira do Sul,Restinga Seca,
Escola Estadual Ensino Medio Érico Veríssimo,https://www.instagram.com/ericoverissimo24cre/,https://www.facebook.com/escola.ericoverissimo/,MAPEADO,24 CRE - Cachoeira do Sul,Restinga Seca,
Escola Estadual Educação Basica Padre Affonso Diehl,,,NÃO EXISTE,24 CRE - Cachoeira do Sul,Segredo,
Escola Estadual Ensino Fundamental Berto Dal Molin,,,NÃO EXISTE,24 CRE - Cachoeira do Sul,Segredo,
Escola Estadual Ensino Fundamental Miguel Mergen,,,NÃO EXISTE,24 CRE - Cachoeira do Sul,Segredo,
Escola Estadual Ensino Fundamental Zoila Portela,https://www.instagram.com/escola_zoila_portela/,,MAPEADO,24 CRE - Cachoeira do Sul,Segredo,
Escola Estadual Educação Basica Barão Homem de Melo,https://www.instagram.com/escolabhm/,,MAPEADO,25 CRE - Soledade,Alto Alegre,
Escola Estadual Ensino Fundamental Davide Filippi Tomé,,,NÃO EXISTE,25 CRE - Soledade,Arvorezinha,
Escola Estadual Ensino Fundamental João Gozzi,,,MAPEADO,25 CRE - Soledade,Arvorezinha,"Mapeado pela busca, mas sem link na planilha"
Escola Estadual Ensino Fundamental Mathilde Gehlen,https://www.instagram.com/escmathildegehlen/,,MAPEADO,25 CRE - Soledade,Arvorezinha,
Escola Estadual Ensino Fundamental Ricardo Eichler,,,NÃO EXISTE,25 CRE - Soledade,Arvorezinha,
Escola Estadual Ensino Fundamental São Paulo,,,NÃO EXISTE,25 CRE - Soledade,Arvorezinha,
Instituto Estadual Educação Felipe Roman Ros,https://www.instagram.com/instituto_felipe/,,MAPEADO,25 CRE - Soledade,Arvorezinha,
Escola Estadual Ensino Fundamental Antônio Cenci,,,NÃO EXISTE,25 CRE - Soledade,Barros Cassal,
Escola Estadual Ensino Fundamental Orvalino Saldanha,https://www.instagram.com/escolaorvalinosaldanha/,,MAPEADO,25 CRE - Soledade,Barros Cassal,
Instituto Estadual Educação Castro Alves,https://www.instagram.com/ieecastroalves/,,MAPEADO,25 CRE - Soledade,Barros Cassal,
Escola Estadual Educação Basica João Ferrari,https://www.instagram.com/escolajoaoferrari/,https://www.facebook.com/ejoaoferrari/,MAPEADO,25 CRE - Soledade,Campos Borges,
Escola Estadual Ensino Fundamental André Lupatini,https://www.instagram.com/escolaandrelupatini/,,MAPEADO,25 CRE - Soledade,Espumoso,
Escola Estadual Ensino Fundamental Professor Affonso Luiz Spada,,,NÃO EXISTE,25 CRE - Soledade,Espumoso,
Escola Estadual Ensino Medio Belizario de Oliveira Carpes,https://www.instagram.com/escolabelizario/,,MAPEADO,25 CRE - Soledade,Espumoso,
Escola Estadual Ensino Medio José Clemente Pereira,https://www.instagram.com/eeemclementepereira/,,MAPEADO,25 CRE - Soledade,Espumoso,
Instituto Estadual Educação Dr Ruy Piegas Silveira,https://www.instagram.com/ruypiegas/,,MAPEADO,25 CRE - Soledade,Espumoso,
Escola Estadual Ensino Medio Getúlio Vargas,https://www.instagram.com/escola_getulio/,,MAPEADO,25 CRE - Soledade,Fontoura Xavier,
Instituto Estadual Ernesto Ferreira Maia,https://www.instagram.com/ie.ernesto.ferreira.maia/,,MAPEADO,25 CRE - Soledade,Fontoura Xavier,
Escola Estadual Ensino Medio Saldanha Marinho,https://www.instagram.com/escola_saldanhamarinho_/,,MAPEADO,25 CRE - Soledade,Ibirapuitã,
Colegio Estadual Ilopolis,,,NÃO EXISTE,25 CRE - Soledade,Ilópolis,
Escola Estadual Ensino Fundamental Ventura Migliorini,,,NÃO EXISTE,25 CRE - Soledade,Ilópolis,
Escola Estadual Ensino Medio Bento Gonçalves da Silva,https://www.instagram.com/escolabentogoncalvesdasilva/,,MAPEADO,25 CRE - Soledade,Itapuca,
Escola Estadual Ensino Medio Joaquim José da Silva Xavier,https://www.instagram.com/escolajoaquimxavier/,,MAPEADO,25 CRE - Soledade,Lagoa dos Três Cantos,
Escola Estadual Ensino Medio Tomas Garcia da Costa,https://www.instagram.com/tomasgarciadacosta25cre/,,MAPEADO,25 CRE - Soledade,Lagoão,
Escola Estadual Ensino Medio Joaquim Gonçalves Ledo,https://www.instagram.com/joaquimgoncalvesledo/reels/,,MAPEADO,25 CRE - Soledade,Mormaço,
Escola Estadual Ensino Fundamental Eliza Saretta Sutilli,https://www.instagram.com/e.e.e.f.elizasarettasutilli/,,MAPEADO,25 CRE - Soledade,Nova Alvorada,
Escola Estadual Ensino Medio Vicente Guerra,https://www.instagram.com/eevicenteguerra/,,MAPEADO,25 CRE - Soledade,Nova Alvorada,
Escola Estadual Ensino Fundamental Frei Anselmo,https://www.instagram.com/escola_freianselmo/,,MAPEADO,25 CRE - Soledade,Selbach,
Escola Estadual Ensino Medio Adão Seger,https://www.instagram.com/adaoseger/,,MAPEADO,25 CRE - Soledade,Selbach,
Escola Estadual Ensino Fundamental Alcides João Gradaschi CIEP,https://www.instagram.com/alcidesjoaogradaschi/,,MAPEADO,25 CRE - Soledade,Soledade,
Escola Estadual Ensino Fundamental Capistrano de Abreu,https://www.instagram.com/escola_capistranodeabreu/,,MAPEADO,25 CRE - Soledade,Soledade,
Escola Estadual Ensino Fundamental Dona Darcila,,,NÃO EXISTE,25 CRE - Soledade,Soledade,
Escola Estadual Ensino Fundamental Euripedes Dalla Costa,https://www.instagram.com/euri.pedes60/,,MAPEADO,25 CRE - Soledade,Soledade,
Escola Estadual Ensino Fundamental Professora Maria de Abreu Lima,https://www.instagram.com/abreulima1957/,,MAPEADO,25 CRE - Soledade,Soledade,
Escola Estadual Ensino Fundamental Álvaro Leitao,https://www.instagram.com/escola.alvaro_leitao/,,MAPEADO,25 CRE - Soledade,Soledade,
Escola Estadual Ensino Medio Júlia Lopes de Almeida,,,NÃO EXISTE,25 CRE - Soledade,Soledade,
Escola Estadual Ensino Medio São Francisco de Assis,,,NÃO EXISTE,25 CRE - Soledade,Soledade,
Instituto Estadual Educação Maurício Cardoso,https://www.instagram.com/mauriciocardoso1953/,,MAPEADO,25 CRE - Soledade,Soledade,
Instituto Estadual Polivalente,https://www.instagram.com/iepolivalente/,,MAPEADO,25 CRE - Soledade,Soledade,
Instituto Estadual São José,https://www.instagram.com/joseiesao/,https://www.facebook.com/educacaosoledade/,MAPEADO,25 CRE - Soledade,Soledade,
Neeja Paulo Freire Neeja,,,NÃO EXISTE,25 CRE - Soledade,Soledade,
Escola Estadual Ensino Medio Érico Veríssimo,,,NÃO EXISTE,25 CRE - Soledade,São José do Herval,
Escola Estadual Ensino Fundamental Nossa Senhora de Lourdes,,,NÃO EXISTE,25 CRE - Soledade,Tapera,
Escola Estadual Ensino Medio 8 de Maio,https://www.instagram.com/escola_8_de_maio/,,MAPEADO,25 CRE - Soledade,Tapera,
Escola Estadual Ensino Medio Dionisio Lothario Chassot,https://www.instagram.com/escola.d.l.c/,,MAPEADO,25 CRE - Soledade,Tapera,
Instituto Estadual Educação Nossa Senhora Imaculada,https://www.instagram.com/institutoimaculada_/,https://www.facebook.com/ieenossasenhoraimaculada/,MAPEADO,25 CRE - Soledade,Tapera,
Escola Estadual Educação Basica Laura Klaudat,https://www.instagram.com/lauraklaudat/,,MAPEADO,25 CRE - Soledade,Tunas,
Colegio Estadual Jussara Maria Polidoro,https://www.instagram.com/colegiojussaramaria/,,MAPEADO,27 CRE - Canoas,Canoas,
Colegio Estadual Marechal Rondon,https://www.instagram.com/rondoncanoas/,,MAPEADO,27 CRE - Canoas,Canoas,
Colegio Estadual Miguel Lampert,,,NÃO EXISTE,27 CRE - Canoas,Canoas,
Colegio Estadual Tereza Francescutti,https://www.instagram.com/tereza_francescutti_/,https://www.facebook.com/francescutti/,MAPEADO,27 CRE - Canoas,Canoas,
Escola Estadual Ensino Fundamental Antônio Francisco Lisboa,https://www.instagram.com/escolaantoniofranciscolisboa/,,MAPEADO,27 CRE - Canoas,Canoas,
Escola Estadual Ensino Fundamental Augusto Severo,https://www.instagram.com/escolaestadualaugustosevero/,,MAPEADO,27 CRE - Canoas,Canoas,
Escola Estadual Ensino Fundamental Bartolomeu de Gusmão,https://www.instagram.com/eeefbartodegusmao/,,MAPEADO,27 CRE - Canoas,Canoas,
Escola Estadual Ensino Fundamental Canoas,,,NÃO EXISTE,27 CRE - Canoas,Canoas,
Escola Estadual Ensino Fundamental Cel Vicente Freire,https://www.instagram.com/escolavicentefreire/,,MAPEADO,27 CRE - Canoas,Canoas,
Escola Estadual Ensino Fundamental Cristóvão Colombo,https://www.instagram.com/eeefcristovaocolombo/,,MAPEADO,27 CRE - Canoas,Canoas,
Escola Estadual Ensino Fundamental Dr Victor Hugo Ludwig,,,NÃO EXISTE,27 CRE - Canoas,Canoas,
Escola Estadual Ensino Fundamental Fátima,https://www.instagram.com/escola_fatimacanoas/,,MAPEADO,27 CRE - Canoas,Canoas,
Escola Estadual Ensino Fundamental Guanabara,https://www.instagram.com/escolaguanabara/,,MAPEADO,27 CRE - Canoas,Canoas,
Escola Estadual Ensino Fundamental Padre Jaeger,https://www.instagram.com/escola_padre_jaeger2023/,,MAPEADO,27 CRE - Canoas,Canoas,
Escola Estadual Ensino Fundamental Planalto Canoense,https://www.instagram.com/placanoense/,,MAPEADO,27 CRE - Canoas,Canoas,
Escola Estadual Ensino Fundamental Professor Germano Witrock,https://www.instagram.com/cpmescolagermanowitrock/,,MAPEADO,27 CRE - Canoas,Canoas,
Escola Estadual Ensino Fundamental Professora Clotilde Batista,https://www.instagram.com/e.e.e.f.clotildebatista/,,MAPEADO,27 CRE - Canoas,Canoas,
Escola Estadual Ensino Fundamental Protásio Diogo de Jesus,https://www.instagram.com/escolaprotasiodiogodejesus/,,MAPEADO,27 CRE - Canoas,Canoas,
Escola Estadual Ensino Fundamental Vasco da Gama,https://www.instagram.com/eeefvascodagama/,,MAPEADO,27 CRE - Canoas,Canoas,
Escola Estadual Ensino Fundamental Álvaro Moreyra,https://www.instagram.com/eeefalvaromoreyra/,https://www.facebook.com/pages/Escola-Estadual-de-Ensino-Fundamental-%C3%81lvaro-Moreyra/421017844640835,MAPEADO,27 CRE - Canoas,Canoas,
Escola Estadual Ensino Medio Affonso Charlier,https://www.instagram.com/affonsocharlier/,https://www.facebook.com/p/Escola-Affonso-Charlier-100078388350547/,MAPEADO,27 CRE - Canoas,Canoas,
Escola Estadual Ensino Medio André Leão Puente,https://www.instagram.com/escolaalp/,https://www.facebook.com/andreleaopuenteoficial/,MAPEADO,27 CRE - Canoas,Canoas,
Escola Estadual Ensino Medio Barão do Amazonas,https://www.instagram.com/barao_do_amazonas/,https://www.facebook.com/EscolaEstadualDeEnsinoMedioBaraoDoAmazonas/,MAPEADO,27 CRE - Canoas,Canoas,
Escola Estadual Ensino Medio Bento Gonçalves,https://www.instagram.com/eeembentogoncalves/,https://www.facebook.com/eeembento/,MAPEADO,27 CRE - Canoas,Canoas,
Escola Estadual Ensino Medio Cônego José Leão Hartmann,https://www.instagram.com/escola_conegojoseleao/,https://www.facebook.com/conegoleao/,MAPEADO,27 CRE - Canoas,Canoas,
Escola Estadual Ensino Medio Guarani,https://www.instagram.com/escola_guarani_canoas/,https://www.facebook.com/guarani.canoas/,MAPEADO,27 CRE - Canoas,Canoas,
Escola Estadual Ensino Medio Guilherme de Almeida,https://www.instagram.com/escolaguilhermealmeida/,,MAPEADO,27 CRE - Canoas,Canoas,
Escola Estadual Ensino Medio José Gomes de Vasconcelos Jardim,https://www.instagram.com/escolagomesjardim_canoasrs/,,MAPEADO,27 CRE - Canoas,Canoas,
Escola Estadual Ensino Medio João XxIII,https://www.instagram.com/eeemjoao23/,https://www.facebook.com/eeemjoao23/,MAPEADO,27 CRE - Canoas,Canoas,
Escola Estadual Ensino Medio Prof Margot Terezinha Noal Giacomazzi,https://www.instagram.com/margotgiacomazzi/,https://www.facebook.com/paginaoficialmargot/,MAPEADO,27 CRE - Canoas,Canoas,
Escola Estadual Ensino Medio São Francisco de Assis,,,NÃO EXISTE,27 CRE - Canoas,Canoas,
Escola Estadual Ensino Medio Visconde do Rio Branco,https://www.instagram.com/eemtiviscondedoriobranco/,,MAPEADO,27 CRE - Canoas,Canoas,
Escola Estadual Ensino Medio Érico Veríssimo,https://www.instagram.com/ericoverissimocanoas/,,MAPEADO,27 CRE - Canoas,Canoas,
Escola Estadual Especial Brigadeiro Ney Gomes da Silva,https://www.instagram.com/escolaneygomes/,https://www.facebook.com/OpcoesdeModanoBrasil/,MAPEADO,27 CRE - Canoas,Canoas,
Instituto Estadual Educação Dr Carlos Chagas,https://www.instagram.com/ieecarloschagas/,,MAPEADO,27 CRE - Canoas,Canoas,
Nucl e EJA e Cp Nelson Mandela,,,NÃO EXISTE,27 CRE - Canoas,Canoas,
Colegio Estadual Augusto Meyer,https://www.instagram.com/augusto_meyer_esteio/,https://www.facebook.com/cipaveam/,MAPEADO,27 CRE - Canoas,Esteio,
Colegio Estadual José Loureiro da Silva,https://www.instagram.com/colegiojoseloureiro/,,MAPEADO,27 CRE - Canoas,Esteio,
Escola Estadual Ensino Fundamental Santo Antônio Maria Claret,https://www.instagram.com/escolaclaretesteio/,https://www.facebook.com/tomedesouzaesteio/,MAPEADO,27 CRE - Canoas,Esteio,
Escola Estadual Ensino Medio Bairro do Parque,https://www.instagram.com/bairrodoparque/,,MAPEADO,27 CRE - Canoas,Esteio,
Escola Estadual Ensino Medio Caetano Gonçalves da Silva,https://www.instagram.com/escola_estadual_caetano/,,MAPEADO,27 CRE - Canoas,Esteio,
Escola Estadual Ensino Medio Dyonelio Machado,https://www.instagram.com/escoladyoneliomachado/,,MAPEADO,27 CRE - Canoas,Esteio,
Escola Estadual Ensino Medio Jardim Planalto,https://www.instagram.com/escolajardimplanalto/,https://www.facebook.com/eeemjardimplanalto/,MAPEADO,27 CRE - Canoas,Esteio,
Escola Estadual Ensino Medio Professora Maria Sirley Vargas Ferraz,https://www.instagram.com/caic.esteio/,,MAPEADO,27 CRE - Canoas,Esteio,
Escola Estadual Especial Padre Reus,https://www.instagram.com/padrereusesteio/,,MAPEADO,27 CRE - Canoas,Esteio,
Escola Técnica Estadual Bernardo Vieira de Mello,https://www.instagram.com/ete.bvm/,,MAPEADO,27 CRE - Canoas,Esteio,
Escola Estadual Educação Basica Santa Rita,https://www.instagram.com/eeebasicasantarita/,,MAPEADO,27 CRE - Canoas,Nova Santa Rita,
Escola Estadual Ensino Fundamental Barão de Teresopolis,https://www.instagram.com/escolabaraodeteresopolis/,,MAPEADO,27 CRE - Canoas,Nova Santa Rita,
Escola Estadual Ensino Medio Nova Sociedade,https://www.instagram.com/escolanovasociedade/,https://www.facebook.com/EscolaNovaSociedade/,MAPEADO,27 CRE - Canoas,Nova Santa Rita,
Colegio Estadual Guianuba,https://www.instagram.com/guianubasapucaia/,https://www.facebook.com/ColegioEstadualGuianuba/,MAPEADO,27 CRE - Canoas,Sapucaia do Sul,
Escola Estadual Educação Basica Marcus Vinicius de Moraes,https://www.instagram.com/integralescolaafonso/,,MAPEADO,27 CRE - Canoas,Sapucaia do Sul,
Escola Estadual Ensino Fundamental Alcides Maya,https://www.instagram.com/escola.alcidesmaya/tagged/,,MAPEADO,27 CRE - Canoas,Sapucaia do Sul,
Escola Estadual Ensino Fundamental Anita Garibaldi,,,NÃO EXISTE,27 CRE - Canoas,Sapucaia do Sul,
Escola Estadual Ensino Fundamental Antonina Ramires da Silveira,https://www.instagram.com/p/CukixtuuZM2/,,MAPEADO,27 CRE - Canoas,Sapucaia do Sul,
Escola Estadual Ensino Fundamental Bela Vista,https://www.instagram.com/belavista1993/,,MAPEADO,27 CRE - Canoas,Sapucaia do Sul,
Escola Estadual Ensino Fundamental Gladis Rita Braitenbach,https://www.instagram.com/escolagladisritabraitenbach/,,MAPEADO,27 CRE - Canoas,Sapucaia do Sul,
Escola Estadual Ensino Fundamental Manuel Bandeira,,,NÃO EXISTE,27 CRE - Canoas,Sapucaia do Sul,
Escola Estadual Ensino Fundamental Maria Medianeira,https://www.instagram.com/escolamariamedianeira/,,MAPEADO,27 CRE - Canoas,Sapucaia do Sul,
Escola Estadual Ensino Fundamental Miguel Gustavo,,,NÃO EXISTE,27 CRE - Canoas,Sapucaia do Sul,
Escola Estadual Ensino Fundamental Santa Rita de Cássia,,,NÃO EXISTE,27 CRE - Canoas,Sapucaia do Sul,
Escola Estadual Ensino Fundamental de Sapucaia do Sul,,,NÃO EXISTE,27 CRE - Canoas,Sapucaia do Sul,
Escola Estadual Ensino Fundamental Érico Veríssimo,https://www.instagram.com/ericoverissimosapucaia/,,MAPEADO,27 CRE - Canoas,Sapucaia do Sul,
Escola Estadual Ensino Medio Cecília Meireles,https://www.instagram.com/escola_cmsapucaia/,,MAPEADO,27 CRE - Canoas,Sapucaia do Sul,
Escola Estadual Ensino Medio Vila Prado,https://www.instagram.com/eeemvilaprado/,,MAPEADO,27 CRE - Canoas,Sapucaia do Sul,
Escola Estadual Ensino Medio de Olaria Daudt,https://www.instagram.com/escestolaria/,https://www.facebook.com/p/27%C2%AA-Coordenadoria-Regional-de-Educa%C3%A7%C3%A3o-100030412011505/,MAPEADO,27 CRE - Canoas,Sapucaia do Sul,
Inst de Ed. Est Ruben Dario,https://www.instagram.com/institutorubendario/,https://www.facebook.com/valeska.graboski/,MAPEADO,27 CRE - Canoas,Sapucaia do Sul,
Escola Estadual Ensino Fundamental Dr Mário Totta,https://www.instagram.com/mario.totta.77/,,MAPEADO,27 CRE - Canoas,Triunfo,
Escola Estadual Ensino Fundamental Eurico Altair da Motta,https://www.instagram.com/eurico_altairda_motta/,,MAPEADO,27 CRE - Canoas,Triunfo,
Escola Estadual Ensino Fundamental Marcos Machado Coelho,https://www.instagram.com/eeebmvmsapucaia/,,MAPEADO,27 CRE - Canoas,Triunfo,
Escola Estadual Ensino Fundamental Nestor Vianna de Campos,https://www.instagram.com/escolanestorvianna/,https://www.facebook.com/robert.prioste/,MAPEADO,27 CRE - Canoas,Triunfo,
Escola Estadual Ensino Fundamental Silvio Fornari,,,NÃO EXISTE,27 CRE - Canoas,Triunfo,
Escola Estadual Ensino Fundamental Simao Kappel,,,NÃO EXISTE,27 CRE - Canoas,Triunfo,
Escola Estadual Ensino Medio Afonso Machado Coelho,https://www.instagram.com/escola_afonsomachadocoelho/,,MAPEADO,27 CRE - Canoas,Triunfo,
Escola Estadual Ensino Medio Luiz Barreto,https://www.instagram.com/escolaluizbarreto/tagged/,,MAPEADO,27 CRE - Canoas,Triunfo,
Colegio Estadual Antônio de Castro Alves,https://www.instagram.com/castrogramm/,,MAPEADO,28 CRE - Gravataí,Alvorada,
Colegio Estadual Olga Benario Prestes,https://www.instagram.com/olgabenario.alv/,,MAPEADO,28 CRE - Gravataí,Alvorada,
Colegio Estadual Érico Veríssimo,https://www.instagram.com/erico_news/,https://www.facebook.com/pages/Colegio-Estadual-Erico-Verissimo/265919143532999,MAPEADO,28 CRE - Gravataí,Alvorada,
Escola Estadual Educação Basica Prof Gentil Viegas Cardoso,https://www.instagram.com/escola.gentil/,,MAPEADO,28 CRE - Gravataí,Alvorada,
Escola Estadual Ensino Fundamental Brigadeiro Antônio Sampaio,https://www.instagram.com/basoficial2025/,,MAPEADO,28 CRE - Gravataí,Alvorada,
Escola Estadual Ensino Fundamental Manuel Luiz Osório 1 a 8,https://www.instagram.com/eeef_mal_manuel_luiz_osorio/,https://www.facebook.com/p/Relatos-sobre-Guaran%C3%A9sia-100089709492387/,MAPEADO,28 CRE - Gravataí,Alvorada,
Escola Estadual Ensino Fundamental Pres João Belchior Marques Goulart,,,NÃO EXISTE,28 CRE - Gravataí,Alvorada,
Escola Estadual Ensino Fundamental Stella Maris 1 a 8,https://www.instagram.com/stellamarisalvorada/,,MAPEADO,28 CRE - Gravataí,Alvorada,
Escola Estadual Ensino Medio Campos Verdes,https://www.instagram.com/cea.alvorada/,,MAPEADO,28 CRE - Gravataí,Alvorada,
Escola Estadual Ensino Medio Carlos Drummond de Andrade,,,NÃO EXISTE,28 CRE - Gravataí,Alvorada,
Escola Estadual Ensino Medio Maurício Sirotsky Sobrinho,,,NÃO EXISTE,28 CRE - Gravataí,Alvorada,
Escola Estadual Ensino Medio Mário Quintana Caic,,,NÃO EXISTE,28 CRE - Gravataí,Alvorada,
Escola Estadual Ensino Medio Nossa Senhora Aparecida,,,NÃO EXISTE,28 CRE - Gravataí,Alvorada,
Escola Estadual Ensino Medio Senador Salgado Filho,https://www.instagram.com/escola_salgado_filho_alvorada/,,MAPEADO,28 CRE - Gravataí,Alvorada,
Escola Estadual Ensino Medio Vale Verde,https://www.instagram.com/p/DWkDmQ0kaD2/,,MAPEADO,28 CRE - Gravataí,Alvorada,
Instituto Estadual Educação Júlio César Ribeiro de Souza,https://www.instagram.com/institutojc_sucesso/,,MAPEADO,28 CRE - Gravataí,Alvorada,
Instituto Estadual Nossa Senhora do Carmo,https://www.instagram.com/carmo_online/,https://www.facebook.com/kelly.pastoriza/,MAPEADO,28 CRE - Gravataí,Alvorada,
Col Agric Est Daniel de Oliveira Paiva,https://www.instagram.com/cadopalunos/,https://www.facebook.com/valeska.graboski/,MAPEADO,28 CRE - Gravataí,Cachoeirinha,
Colegio Estadual Rodrigues Alves,https://www.instagram.com/colegiorodriguesalves/,https://www.facebook.com/ColegioRodriguesAlvesCERA/,MAPEADO,28 CRE - Gravataí,Cachoeirinha,
Escola Estadual Educação Basica Luiz de Camões,https://www.instagram.com/escola_luizdecamoes/,,MAPEADO,28 CRE - Gravataí,Cachoeirinha,
Escola Estadual Ensino Medio Francisco José Rodrigues Caic,https://www.instagram.com/franciscojrodrigues.2025/,,MAPEADO,28 CRE - Gravataí,Cachoeirinha,
Escola Estadual Ensino Medio Governador Roberto Silveira,https://www.instagram.com/robertosilveirarobertinho/,https://www.facebook.com/BrizolaHeroiDoBrasil/,MAPEADO,28 CRE - Gravataí,Cachoeirinha,
Escola Estadual Ensino Medio Guimarães Rosa,https://www.instagram.com/p/DQpqfdKkUjO/?img_index=1,,MAPEADO,28 CRE - Gravataí,Cachoeirinha,
Escola Estadual Ensino Medio Mário Quintana,https://www.instagram.com/e.e.e.mmarioquintana/,https://www.facebook.com/cibf.viamao/,MAPEADO,28 CRE - Gravataí,Cachoeirinha,
Escola Estadual Ensino Medio Neuza Goulart Brizola Caic,https://www.instagram.com/escola.neuza.goulart.brizola/,,MAPEADO,28 CRE - Gravataí,Cachoeirinha,
Escola Estadual Ensino Medio Nossa Senhora de Fátima,https://www.instagram.com/p/DRSwaS4DwYk/,,MAPEADO,28 CRE - Gravataí,Cachoeirinha,
Escola Estadual Ensino Medio Osvaldo Camargo,https://www.instagram.com/osvaldocamargoescolaestadual/,,MAPEADO,28 CRE - Gravataí,Cachoeirinha,
Escola Estadual Ensino Medio Presidente Kennedy,https://www.instagram.com/preskennedy.poli/,https://www.facebook.com/pages/Escola-Estadual-de-Ensino-M%C3%A9dio-Presidente-Kennedy/714158922062958,MAPEADO,28 CRE - Gravataí,Cachoeirinha,
Escola Técnica Estadual Marechal Mascarenhas de Moraes,https://www.instagram.com/p/DW7YwlrjqD5/?img_index=1,,MAPEADO,28 CRE - Gravataí,Cachoeirinha,
Instituto Estadual Educação Princesa Isabel,https://www.instagram.com/ieeprincesaisabel/,,MAPEADO,28 CRE - Gravataí,Cachoeirinha,
Colegio Estadual Deoclecio Ferrugem,https://www.instagram.com/ce_deoclecioferr/,,MAPEADO,28 CRE - Gravataí,Glorinha,
Colegio Estadual Antônio Gomes Correa,https://www.instagram.com/colegioagc/,,MAPEADO,28 CRE - Gravataí,Gravataí,
Colegio Estadual Barbosa Rodrigues,https://www.instagram.com/colegio_barbosa/,,MAPEADO,28 CRE - Gravataí,Gravataí,
Colegio Estadual Professor Nicolau Chiavaro Neto,https://www.instagram.com/colegio.nicolau/,,MAPEADO,28 CRE - Gravataí,Gravataí,
Escola Estadual Ensino Fundamental Antônio José de Alencastro,https://www.instagram.com/escolaalencastro/,,MAPEADO,28 CRE - Gravataí,Gravataí,
Escola Estadual Ensino Fundamental Estado de São Paulo,,,NÃO EXISTE,28 CRE - Gravataí,Gravataí,
Escola Estadual Ensino Fundamental Etelvina Silveira Vieira,https://www.instagram.com/escolaetelvinasvieira/,,MAPEADO,28 CRE - Gravataí,Gravataí,
Escola Estadual Ensino Fundamental Irmã Clessia,,,NÃO EXISTE,28 CRE - Gravataí,Gravataí,
Escola Estadual Ensino Fundamental Professora Clotilde Rosa,https://www.instagram.com/clotilderosa28cre/,,MAPEADO,28 CRE - Gravataí,Gravataí,
Escola Estadual Ensino Fundamental Salvador Canellas Sobrinho,https://www.instagram.com/salvadorcanellas/,,MAPEADO,28 CRE - Gravataí,Gravataí,
Escola Estadual Ensino Fundamental Santa Tecla,https://www.instagram.com/eeefsantatecla/,,MAPEADO,28 CRE - Gravataí,Gravataí,
Escola Estadual Ensino Medio Adelaide Pinto de Lima Linck,https://www.instagram.com/polivalente.gravatai/,https://www.facebook.com/climasolisbr/,MAPEADO,28 CRE - Gravataí,Gravataí,
Escola Estadual Ensino Medio Anita Garibaldi,https://www.instagram.com/escolaanitagaribaldi_/,,MAPEADO,28 CRE - Gravataí,Gravataí,
Escola Estadual Ensino Medio Carlos Bina,https://www.instagram.com/eeem_carlos_bina/,,MAPEADO,28 CRE - Gravataí,Gravataí,
Escola Estadual Ensino Medio Dr Luiz Bastos do Prado,https://www.instagram.com/p/CnAbn_TO_sZ/,,MAPEADO,28 CRE - Gravataí,Gravataí,
Escola Estadual Ensino Medio Emilia Viega da Rocha,https://www.instagram.com/escolaemiliaviega/,,MAPEADO,28 CRE - Gravataí,Gravataí,
Escola Estadual Ensino Medio Frantz Machado Charao,https://www.instagram.com/frantzmachadocharao/,,MAPEADO,28 CRE - Gravataí,Gravataí,
Escola Estadual Ensino Medio Frei Velloso,https://www.instagram.com/p/Ca2FSsCrK7W/,,MAPEADO,28 CRE - Gravataí,Gravataí,
Escola Estadual Ensino Medio Heitor Villa Lobos,,,NÃO EXISTE,28 CRE - Gravataí,Gravataí,
Escola Estadual Ensino Medio José Maurício,https://www.instagram.com/escolajosemauricio.oficial/,https://www.facebook.com/vidasempalavras/,MAPEADO,28 CRE - Gravataí,Gravataí,
Escola Estadual Ensino Medio Morada do Vale I,https://www.instagram.com/escolaciep/,,MAPEADO,28 CRE - Gravataí,Gravataí,
Escola Estadual Ensino Medio Padre Nunes,https://www.instagram.com/p/DW7o7Y2GkH1/,,MAPEADO,28 CRE - Gravataí,Gravataí,
Escola Estadual Ensino Medio Ponche Verde,https://www.instagram.com/escolaponcheverde2024/,,MAPEADO,28 CRE - Gravataí,Gravataí,
Escola Estadual Ensino Medio Prof Maria Joséfina Becker,https://www.instagram.com/mjbeckeroficial/,,MAPEADO,28 CRE - Gravataí,Gravataí,
Escola Estadual Ensino Medio Professora Sonia Maria Rangel Paim,https://www.instagram.com/escolasoniapaim/,,MAPEADO,28 CRE - Gravataí,Gravataí,
Escola Estadual Ensino Medio Tuiuti,https://www.instagram.com/escola_tuiuti_/,https://www.facebook.com/pages/Escola-Estadual-de-Ensino-M%C3%A9dio-Tuiuti/112270518791135,MAPEADO,28 CRE - Gravataí,Gravataí,
Colegio Estadual Alcebiades Azeredo dos Santos,,,NÃO EXISTE,28 CRE - Gravataí,Viamão,
Colegio Estadual Cecília Meireles,https://www.instagram.com/ceciliameirelesviamao/,https://www.facebook.com/profile.php?id=120076591391590,MAPEADO,28 CRE - Gravataí,Viamão,
E.E.Tec.de Agri Leonel de Moura Brizola,https://www.instagram.com/eta.oficial.1910/,,MAPEADO,28 CRE - Gravataí,Viamão,
Escola Estadual Ensino Fundamental Adonis dos Santos,https://www.instagram.com/escolaadonisdossantos/,,MAPEADO,28 CRE - Gravataí,Viamão,
Escola Estadual Ensino Fundamental Antônio de Souza Neto,https://www.instagram.com/p/DWRy8UwEVDP/?img_index=1,,MAPEADO,28 CRE - Gravataí,Viamão,
Escola Estadual Ensino Fundamental Canada,https://www.instagram.com/eeefcanada/,https://www.facebook.com/umesviamao/,MAPEADO,28 CRE - Gravataí,Viamão,
Escola Estadual Ensino Fundamental Dr Liberato Salzano Vieira da Cunha,,,NÃO EXISTE,28 CRE - Gravataí,Viamão,
Escola Estadual Ensino Fundamental João Barbosa,https://www.instagram.com/p/DRcTq61kUqe/?img_index=1,,MAPEADO,28 CRE - Gravataí,Viamão,
Escola Estadual Ensino Fundamental Walt Disney,https://www.instagram.com/eeef.walt.disney/,,MAPEADO,28 CRE - Gravataí,Viamão,
Escola Estadual Ensino Medio Ayrton Senna da Silva,https://www.instagram.com/ayrtonsenna.dasilva.3152/,,MAPEADO,28 CRE - Gravataí,Viamão,
Escola Estadual Ensino Medio Açorianos,https://www.instagram.com/escolaacorianosviamao/,,MAPEADO,28 CRE - Gravataí,Viamão,
Escola Estadual Ensino Medio Barão de Lucena,https://www.instagram.com/lucenabaraoviamao/,,MAPEADO,28 CRE - Gravataí,Viamão,
Escola Estadual Ensino Medio Dr Genesio Pires,https://www.instagram.com/dr.genesiopires/,,MAPEADO,28 CRE - Gravataí,Viamão,
Escola Estadual Ensino Medio Farroupilha,https://www.instagram.com/escolafarroupilha/,,MAPEADO,28 CRE - Gravataí,Viamão,
Escola Estadual Ensino Medio Francisco Canquerini,https://www.instagram.com/escolafranciscocanquerini/,,MAPEADO,28 CRE - Gravataí,Viamão,
Escola Estadual Ensino Medio Gov Walter Jobim,https://www.instagram.com/walter.jobim/,,MAPEADO,28 CRE - Gravataí,Viamão,
Escola Estadual Ensino Medio Minuano,https://www.instagram.com/eeemminuano/,,MAPEADO,28 CRE - Gravataí,Viamão,
Escola Estadual Ensino Medio Nisia Floresta,https://www.instagram.com/estadualnisia/,,MAPEADO,28 CRE - Gravataí,Viamão,
Escola Estadual Ensino Medio Orieta,https://www.instagram.com/escolaorieta/,,MAPEADO,28 CRE - Gravataí,Viamão,
Escola Estadual Ensino Medio Prof Celia Flores de Lavra Pinto,https://www.instagram.com/escolaceliaflores/,https://www.facebook.com/escolaceliaflores/,MAPEADO,28 CRE - Gravataí,Viamão,
Escola Estadual Ensino Medio Prof Tolentino Maia,https://www.instagram.com/eeemtolentinomaia/,,MAPEADO,28 CRE - Gravataí,Viamão,
Escola Estadual Ensino Medio Rui Barbosa,,,NÃO EXISTE,28 CRE - Gravataí,Viamão,
Escola Estadual Ensino Medio Santa Isabel,https://www.instagram.com/eeemsantaisabel/,,MAPEADO,28 CRE - Gravataí,Viamão,
Escola Estadual Ensino Medio Setembrina,https://www.instagram.com/escolasetembrina/,,MAPEADO,28 CRE - Gravataí,Viamão,
Escola Estadual Indigena EM Karai Arandu,https://www.instagram.com/escolaindigenakaraiarandu/,https://www.facebook.com/karaiarandu/,MAPEADO,28 CRE - Gravataí,Viamão,
Escola Estadual Indigena EM Karai Nhe e Katu,https://www.instagram.com/tekoa_nhundykarainheekatu/,,MAPEADO,28 CRE - Gravataí,Viamão,
Escola Estadual Indigena EM Nhamandu Nhemopua,,,NÃO EXISTE,28 CRE - Gravataí,Viamão,
Instituto Estadual Educação Isabel de Espanha,https://www.instagram.com/isabel_de_espanha/,,MAPEADO,28 CRE - Gravataí,Viamão,
Escola Estadual Ensino Fundamental Miguel Fernandez,https://www.instagram.com/escolamiguelfernandez1962/,,MAPEADO,32 CRE - São Luiz Gonzaga,Bossoroca,
Escola Estadual Ensino Fundamental Piratini,,,NÃO EXISTE,32 CRE - São Luiz Gonzaga,Bossoroca,
Escola Estadual Ensino Fundamental Prof Haidee Nascimento,https://www.instagram.com/haideebossoroca/,,MAPEADO,32 CRE - São Luiz Gonzaga,Bossoroca,
Escola Estadual Ensino Fundamental São José,,,NÃO EXISTE,32 CRE - São Luiz Gonzaga,Bossoroca,
Escola Estadual Ensino Medio Bossoroca,https://www.instagram.com/escolaensinomedio2022/,,MAPEADO,32 CRE - São Luiz Gonzaga,Bossoroca,
Escola Estadual Educação Basica José Adolfo Meister,https://www.instagram.com/jose_adolfo_32cre_oficial/,,MAPEADO,32 CRE - São Luiz Gonzaga,Caibaté,
Escola Estadual Ensino Fundamental Raimundo de Paula,,,NÃO EXISTE,32 CRE - São Luiz Gonzaga,Caibaté,
Escola Estadual Ensino Fundamental Costa e Silva,https://www.instagram.com/escolacostaesilvalaranjal24/,,MAPEADO,32 CRE - São Luiz Gonzaga,Dezesseis de Novembro,
Escola Estadual Ensino Fundamental São Jerônimo,https://www.instagram.com/escolasaojeronimo4/,,MAPEADO,32 CRE - São Luiz Gonzaga,Dezesseis de Novembro,
Escola Estadual Ensino Medio Pe João Baptista Reus Sj,https://www.instagram.com/padrereus_/,https://www.facebook.com/vmouraassessoriacontabil/,MAPEADO,32 CRE - São Luiz Gonzaga,Dezesseis de Novembro,
Escola Estadual Ensino Fundamental Cristo Rei,,,NÃO EXISTE,32 CRE - São Luiz Gonzaga,Mato Queimado,
Escola Estadual Ensino Medio Santo Estanislau,https://www.instagram.com/e.e.e.m.santoestanislau/,,MAPEADO,32 CRE - São Luiz Gonzaga,Mato Queimado,
Escola Estadual Ensino Medio Henrique Sommer,,,NÃO EXISTE,32 CRE - São Luiz Gonzaga,Pirapó,
Escola Estadual Ensino Fundamental João Manoel Correa,https://www.instagram.com/escolajoaomanoelcorreapx/,,MAPEADO,32 CRE - São Luiz Gonzaga,Porto Xavier,
Escola Estadual Ensino Medio Carlos Bratz,https://www.instagram.com/carlosbratzescola/,,MAPEADO,32 CRE - São Luiz Gonzaga,Porto Xavier,
Escola Estadual Ensino Medio Coronel Antônio Fioravante CIEP,https://www.instagram.com/coronel_antonio__fioravante_/,,MAPEADO,32 CRE - São Luiz Gonzaga,Porto Xavier,
Instituto Estadual Educação São Francisco Xavier,https://www.instagram.com/instituto.saofranciscoxavier/?__d=1%2F%2F,,MAPEADO,32 CRE - São Luiz Gonzaga,Porto Xavier,
Escola Estadual Ensino Medio Castro Alves,,,NÃO EXISTE,32 CRE - São Luiz Gonzaga,Rolador,
Escola Estadual Educação Basica Érico Veríssimo,https://www.instagram.com/p/DXASAdrATrH/,,MAPEADO,32 CRE - São Luiz Gonzaga,Roque Gonzales,
Escola Estadual Ensino Fundamental Alfredo Eduardo Szinvelski,,,NÃO EXISTE,32 CRE - São Luiz Gonzaga,Roque Gonzales,
Escola Estadual Ensino Fundamental Dejalmira Santos Oliveira,https://www.instagram.com/escola_dejalmira/,,MAPEADO,32 CRE - São Luiz Gonzaga,Roque Gonzales,
Colegio Estadual Tolentina Barcelos Gonçalves,https://www.instagram.com/colegiotbg/,,MAPEADO,32 CRE - São Luiz Gonzaga,Santo Antônio das Missões,
Escola Estadual Ensino Fundamental Érico Veríssimo,,,NÃO EXISTE,32 CRE - São Luiz Gonzaga,Santo Antônio das Missões,
Escola Estadual Ensino Medio Joaquim do Nascimento Barcelos,,,NÃO EXISTE,32 CRE - São Luiz Gonzaga,Santo Antônio das Missões,
Escola Técnica Estadual Achilino de Santis,https://www.instagram.com/ete_achilino/,https://www.facebook.com/profile.php?id=422377661267555,MAPEADO,32 CRE - São Luiz Gonzaga,Santo Antônio das Missões,
Escola Estadual Ensino Fundamental D Jaime de Barros Câmara,,,NÃO EXISTE,32 CRE - São Luiz Gonzaga,São Luiz Gonzaga,
Escola Estadual Ensino Fundamental Dr Mário Vieira Marques CIEP,https://www.instagram.com/ciepslg/,,MAPEADO,32 CRE - São Luiz Gonzaga,São Luiz Gonzaga,
Escola Estadual Ensino Fundamental Ernestina Amaral Langsch,,,NÃO EXISTE,32 CRE - São Luiz Gonzaga,São Luiz Gonzaga,
Escola Estadual Ensino Fundamental Padre Miguel Fernandez,https://www.instagram.com/e.e.padremiguelfernandezslg/,,MAPEADO,32 CRE - São Luiz Gonzaga,São Luiz Gonzaga,
Escola Estadual Ensino Fundamental Pe Augusto Preussler,https://www.instagram.com/preussleraugusto/,,MAPEADO,32 CRE - São Luiz Gonzaga,São Luiz Gonzaga,
Escola Estadual Ensino Fundamental Professor J Aloisio Braun,https://www.instagram.com/escolajab/,,MAPEADO,32 CRE - São Luiz Gonzaga,São Luiz Gonzaga,
Escola Estadual Ensino Fundamental Professora Adalgisa Leaes Lencina,https://www.instagram.com/escolaadalgisa/,,MAPEADO,32 CRE - São Luiz Gonzaga,São Luiz Gonzaga,
Escola Estadual Ensino Fundamental Professora Amália Germano de Paula,https://www.instagram.com/amaliagermanodepaula/,,MAPEADO,32 CRE - São Luiz Gonzaga,São Luiz Gonzaga,
Escola Estadual Ensino Fundamental Senador Pinheiro Machado,https://www.instagram.com/senadorpinheiromachado/,,MAPEADO,32 CRE - São Luiz Gonzaga,São Luiz Gonzaga,
Escola Estadual Ensino Medio Gustavo Langsch Polivalente,https://www.instagram.com/sou.polivalente/,,MAPEADO,32 CRE - São Luiz Gonzaga,São Luiz Gonzaga,
Escola Estadual Ensino Medio Prof Terezinha Medeiros Schneider,https://www.instagram.com/escolaterezinha.schneider/,,MAPEADO,32 CRE - São Luiz Gonzaga,São Luiz Gonzaga,
Escola Estadual Ensino Medio São Luiz,https://www.instagram.com/escola.sao.luiz/,,MAPEADO,32 CRE - São Luiz Gonzaga,São Luiz Gonzaga,
Escola Técnica Estadual Cruzeiro do Sul,https://www.instagram.com/etecruzeirodosul/,https://www.facebook.com/PrefeituraSLG/,MAPEADO,32 CRE - São Luiz Gonzaga,São Luiz Gonzaga,
Instituto Estadual Educação Professor Osmar Poppe,https://www.instagram.com/escolaosmarpoppe/,,MAPEADO,32 CRE - São Luiz Gonzaga,São Luiz Gonzaga,
Instituto Estadual Rui Barbosa,https://www.instagram.com/ruibarbosaslg/,,MAPEADO,32 CRE - São Luiz Gonzaga,São Luiz Gonzaga,
Nucl e EJA e Cp Jorge Vicente Pacheco Presidio,,,NÃO EXISTE,32 CRE - São Luiz Gonzaga,São Luiz Gonzaga,
Nucl e EJA e Cp Paulo Freire,,,NÃO EXISTE,32 CRE - São Luiz Gonzaga,São Luiz Gonzaga,
Escola Estadual Educação Basica Maria Seggiaro Hoffmann,https://www.instagram.com/familiaseggiaro/,,MAPEADO,32 CRE - São Luiz Gonzaga,São Nicolau,
Escola Estadual Ensino Fundamental São Nicolau,https://www.instagram.com/escolaestadualsaonicolau/,,MAPEADO,32 CRE - São Luiz Gonzaga,São Nicolau,
Escola Estadual Ensino Medio São Izidro,https://www.instagram.com/saoizidro/,https://www.facebook.com/SaoIzidro/,MAPEADO,32 CRE - São Luiz Gonzaga,São Nicolau,
Escola Estadual Ensino Fundamental Chico Mendes,https://www.instagram.com/chicomendesescola/,,MAPEADO,35 CRE - São Borja,Capão do Cipó,
Escola Estadual Ensino Fundamental Roseli Correa da Silva,,,NÃO EXISTE,35 CRE - São Borja,Capão do Cipó,
Escola Estadual Ensino Medio Macedo Beltrao do Nascimento,,,NÃO EXISTE,35 CRE - São Borja,Capão do Cipó,
Escola Estadual Educação Basica Evaristo Afonso de Castro,https://www.instagram.com/escola.evaristo/,,MAPEADO,35 CRE - São Borja,Garruchos,
Escola Estadual Ensino Medio Vicente Goulart,https://www.instagram.com/mssouza74/,https://www.facebook.com/p/Escola-Estadual-De-Ensino-M%C3%A9dio-Vicente-Goulart-100063570492519/,MAPEADO,35 CRE - São Borja,Itacurubi,
Escola Estadual Técnica Encruzilhada,https://www.instagram.com/encruzilhadaescola/,,MAPEADO,35 CRE - São Borja,Maçambará,
Instituto Estadual Anibal Benevolo,https://www.instagram.com/anibal_benevoloofc/,,MAPEADO,35 CRE - São Borja,Maçambará,
Colegio Estadual Apolinário Porto Alegre,https://www.instagram.com/colegioapolinario_/,,MAPEADO,35 CRE - São Borja,Santiago,
Colegio Estadual Cristóvão Pereira,https://www.instagram.com/cecp_cristovaopereira/,,MAPEADO,35 CRE - São Borja,Santiago,
Colegio Estadual Monsenhor Assis,https://www.instagram.com/monsenhorassis/,,MAPEADO,35 CRE - São Borja,Santiago,
Escola Estadual Ensino Fundamental Alceu Carvalho,https://www.instagram.com/escola_alceucarvalho/,,MAPEADO,35 CRE - São Borja,Santiago,
Escola Estadual Ensino Fundamental Boqueirao,,,NÃO EXISTE,35 CRE - São Borja,Santiago,
Escola Estadual Ensino Fundamental Cândido Genro,https://www.instagram.com/candidogenro1/,,MAPEADO,35 CRE - São Borja,Santiago,
Escola Estadual Ensino Fundamental João Eduardo Witt Schmitz,https://www.instagram.com/escolajews/,,MAPEADO,35 CRE - São Borja,Santiago,
Escola Estadual Ensino Fundamental Lucas Araújo de Oliveira,https://www.instagram.com/lucasaraujotempointegral/,,MAPEADO,35 CRE - São Borja,Santiago,
Escola Estadual Ensino Fundamental Moises Viana,,,NÃO EXISTE,35 CRE - São Borja,Santiago,
Escola Estadual Ensino Fundamental Primo Pozzatto,,,NÃO EXISTE,35 CRE - São Borja,Santiago,
Escola Estadual Ensino Fundamental Serafim Rosa,,,NÃO EXISTE,35 CRE - São Borja,Santiago,
Escola Estadual Ensino Medio Thomas Fortes,,,NÃO EXISTE,35 CRE - São Borja,Santiago,
Instituto Estadual Educação Professor Isaias,https://www.instagram.com/tecinfoisaias/,,MAPEADO,35 CRE - São Borja,Santiago,
Colegio Estadual Getúlio Vargas,https://www.instagram.com/cegv_sb/,https://www.facebook.com/cegvsb/,MAPEADO,35 CRE - São Borja,São Borja,
Colegio Estadual São Borja Cesb,https://www.instagram.com/cesb_ofc/,,MAPEADO,35 CRE - São Borja,São Borja,
Escola Estadual Ensino Fundamental Franco Baglioni,https://www.instagram.com/francobaglioni35cre/,,MAPEADO,35 CRE - São Borja,São Borja,
Escola Estadual Ensino Fundamental João Goulart,https://www.instagram.com/escolajoaogoulart/?__d=1%252F,,MAPEADO,35 CRE - São Borja,São Borja,
Escola Estadual Ensino Fundamental Tusnelda Lima Barbosa,https://www.instagram.com/escolatusnelda_sb/,https://www.facebook.com/p/Escola-Tusnelda-Lima-Barbosa-100057187071150/,MAPEADO,35 CRE - São Borja,São Borja,
Escola Estadual Ensino Fundamental Viriato Vargas,https://www.instagram.com/viriatovargassbrs/,,MAPEADO,35 CRE - São Borja,São Borja,
Escola Estadual Ensino Medio Apparicio Silva Rillo,https://www.instagram.com/apparicio_silvarillo/,,MAPEADO,35 CRE - São Borja,São Borja,
Escola Estadual Ensino Medio Militina Pereira Alvarez,https://www.instagram.com/escolamilitina/,https://www.facebook.com/camarasaoborja/,MAPEADO,35 CRE - São Borja,São Borja,
Escola Estadual Ensino Medio Timbauva,https://www.instagram.com/timbauva.rs/,https://www.facebook.com/EEEMT/,MAPEADO,35 CRE - São Borja,São Borja,
Escola Estadual Ensino Medio Tricentenario,https://www.instagram.com/escolatri/,,MAPEADO,35 CRE - São Borja,São Borja,
Escola Estadual Técnica Olavo Bilac,https://www.instagram.com/olavobilac_sb/,,MAPEADO,35 CRE - São Borja,São Borja,
Instituto Estadual Arneldo Matter,https://www.instagram.com/arneldomatter/,https://www.facebook.com/arneldomatter35cre/,MAPEADO,35 CRE - São Borja,São Borja,
Instituto Estadual Padre Francisco Garcia,https://www.instagram.com/padrefranciscogarcia73/,https://www.facebook.com/AlineFaeMicrofisioterapia/,MAPEADO,35 CRE - São Borja,São Borja,
Escola Estadual Educação Basica João Aquino,https://www.instagram.com/eeeb_joao_aquino/,,MAPEADO,35 CRE - São Borja,Unistalda,
Colegio Estadual Com Soares de Barros,https://www.instagram.com/comendador35.2024/,,MAPEADO,36 CRE - Ijuí,Ajuricaba,
Escola Estadual Ensino Fundamental João Carlini,https://www.instagram.com/escolajoaocarlini/,,MAPEADO,36 CRE - Ijuí,Ajuricaba,
Escola Estadual Ensino Fundamental Medianeira,,,NÃO EXISTE,36 CRE - Ijuí,Ajuricaba,
Colegio Estadual José Lange,https://www.instagram.com/cjoselange/,https://www.facebook.com/pages/Col%C3%A9gio-Estadual-Jos%C3%A9-Lange/903372949705825,MAPEADO,36 CRE - Ijuí,Augusto Pestana,
Escola Estadual Ensino Fundamental Miguel Couto,,,NÃO EXISTE,36 CRE - Ijuí,Augusto Pestana,
Escola Estadual Ensino Fundamental São Pio X,https://www.instagram.com/eeef_saopiox/,,MAPEADO,36 CRE - Ijuí,Bozano,
Escola Estadual Ensino Medio Dr Bozano,https://www.instagram.com/escola_dr_bozano/,,MAPEADO,36 CRE - Ijuí,Bozano,
Colegio Estadual Catuipe,https://www.instagram.com/cec.catuipe/,,MAPEADO,36 CRE - Ijuí,Catuípe,
Escola Estadual Ensino Fundamental Barão do Rio Branco,https://www.instagram.com/riobrancobarao/,,MAPEADO,36 CRE - Ijuí,Catuípe,
Escola Estadual Ensino Fundamental Eusébio de Queiros,,,NÃO EXISTE,36 CRE - Ijuí,Catuípe,
Escola Estadual Ensino Fundamental Padre Marcelino Champagnat,,,NÃO EXISTE,36 CRE - Ijuí,Catuípe,
Escola Estadual Ensino Medio Anchieta,https://www.instagram.com/anchieta_chiapetta/,,MAPEADO,36 CRE - Ijuí,Chiapetta,
Escola Estadual Ensino Fundamental Getúlio Vargas,https://www.instagram.com/e.e.e.f.getulio_vargas/,,MAPEADO,36 CRE - Ijuí,Condor,
Escola Estadual Ensino Medio Agostinha Dill,https://www.instagram.com/escolaagostinha/,,MAPEADO,36 CRE - Ijuí,Condor,
Escola Estadual Ensino Medio Coronel Barros,https://www.instagram.com/escola_cel.barros/,,MAPEADO,36 CRE - Ijuí,Coronel Barros,
Colegio Estadual Modelo,https://www.instagram.com/colegioestadualmodelo/,https://www.facebook.com/p/CEM-Col%C3%A9gio-Estadual-Modelo-100057149271922/,MAPEADO,36 CRE - Ijuí,Ijuí,
Colégio Tiradentes Ijui,https://www.instagram.com/colegiotiradentes_ijui/,https://www.facebook.com/p/Col%C3%A9gio-Tiradentes-da-BM-Iju%C3%AD-100057689265879/,MAPEADO,36 CRE - Ijuí,Ijuí,
Escola Estadual Ensino Fundamental 24 de Fevereiro,,,NÃO EXISTE,36 CRE - Ijuí,Ijuí,
Escola Estadual Ensino Fundamental 6 de Agosto,,,NÃO EXISTE,36 CRE - Ijuí,Ijuí,
Escola Estadual Ensino Fundamental Alice Couto,https://www.instagram.com/alice_couto2026/,,MAPEADO,36 CRE - Ijuí,Ijuí,
Escola Estadual Ensino Fundamental Boa Vista,,,NÃO EXISTE,36 CRE - Ijuí,Ijuí,
Escola Estadual Ensino Fundamental Carlos Zimpel,https://www.instagram.com/escolacarloszimpel/,,MAPEADO,36 CRE - Ijuí,Ijuí,
Escola Estadual Ensino Fundamental Centenário,https://www.instagram.com/centenarioescola/,,MAPEADO,36 CRE - Ijuí,Ijuí,
Escola Estadual Ensino Fundamental Chico Mendes,https://www.instagram.com/chico.mendes.7982/,,MAPEADO,36 CRE - Ijuí,Ijuí,
Escola Estadual Ensino Fundamental Giovana Margarita,https://www.instagram.com/eeefgiovanamargarita/,,MAPEADO,36 CRE - Ijuí,Ijuí,
Escola Estadual Ensino Fundamental Ijui,https://www.instagram.com/escolaijuizinho7/,,MAPEADO,36 CRE - Ijuí,Ijuí,
Escola Estadual Ensino Fundamental Luiz Fogliatto,https://www.instagram.com/luizfogliatto/,,MAPEADO,36 CRE - Ijuí,Ijuí,
Escola Estadual Ensino Fundamental Madre Stanisla,https://www.instagram.com/madrestanisla36cre/,,MAPEADO,36 CRE - Ijuí,Ijuí,
Escola Estadual Ensino Fundamental N Sra da Penha,,,NÃO EXISTE,36 CRE - Ijuí,Ijuí,
Escola Estadual Ensino Fundamental Osvaldo Aranha,https://www.instagram.com/escolaosvaldoaranha/,,MAPEADO,36 CRE - Ijuí,Ijuí,
Escola Estadual Ensino Fundamental Pedro Maciel,,,NÃO EXISTE,36 CRE - Ijuí,Ijuí,
Escola Estadual Ensino Fundamental Rui Barbosa,https://www.instagram.com/escola_ruizinho/,,MAPEADO,36 CRE - Ijuí,Ijuí,
Escola Estadual Ensino Fundamental Santana,https://www.instagram.com/escola_santanaijui/,,MAPEADO,36 CRE - Ijuí,Ijuí,
Escola Estadual Ensino Fundamental Souza Lobo,,,NÃO EXISTE,36 CRE - Ijuí,Ijuí,
Escola Estadual Ensino Medio Antônio Padilha,https://www.instagram.com/eeemapijui/,,MAPEADO,36 CRE - Ijuí,Ijuí,
Escola Estadual Ensino Medio Emil Glitz,https://www.instagram.com/jjoanaagostini/,,MAPEADO,36 CRE - Ijuí,Ijuí,
Escola Estadual Ensino Medio Otávio Caruso Brochado da Rocha,,,NÃO EXISTE,36 CRE - Ijuí,Ijuí,
Escola Estadual Ensino Medio Ruy Barbosa,https://www.instagram.com/ruyzao.ijui/,,MAPEADO,36 CRE - Ijuí,Ijuí,
Escola Estadual Ensino Medio São Geraldo,https://www.instagram.com/p/C6o8ZhwJ0BI/,,MAPEADO,36 CRE - Ijuí,Ijuí,
Escola Técnica Estadual 25 de Julho,https://www.instagram.com/ete25dejulho/,https://www.facebook.com/ETE25deJulhoOficial/,MAPEADO,36 CRE - Ijuí,Ijuí,
Instituto Estadual Educação Guilherme Clemente Koehler,https://www.instagram.com/tecnicoedificacoes_poli/,,MAPEADO,36 CRE - Ijuí,Ijuí,
Neeja Agente Penitênciario Jair Fiorin,,,NÃO EXISTE,36 CRE - Ijuí,Ijuí,
Nucl e EJA e Cp Ijui,,,NÃO EXISTE,36 CRE - Ijuí,Ijuí,
Escola Estadual Ensino Medio Visconde de Cerro Alegre,,,NÃO EXISTE,36 CRE - Ijuí,Inhacorá,
Colegio Estadual Antônio Mastella,https://www.instagram.com/ceam.mastella.oficial/,,MAPEADO,36 CRE - Ijuí,Jóia,
Escola Estadual Ensino Fundamental Botao de Ouro,https://www.instagram.com/eeef_botaodeouro/,,MAPEADO,36 CRE - Ijuí,Jóia,
Escola Estadual Ensino Fundamental Cacique Sepé,,,NÃO EXISTE,36 CRE - Ijuí,Jóia,
Escola Estadual Ensino Fundamental Dr Edmar Kruel,,,NÃO EXISTE,36 CRE - Ijuí,Jóia,
Escola Estadual Ensino Medio Joceli Correa,https://www.instagram.com/jc_escola/,,MAPEADO,36 CRE - Ijuí,Jóia,
Escola Estadual Ensino Medio Dr Roberto Low,https://www.instagram.com/escola.robertolow/,,MAPEADO,36 CRE - Ijuí,Nova Ramada,
Escola Estadual Educação Basica Poncho Verde,https://www.instagram.com/eeebponchoverde/,,MAPEADO,36 CRE - Ijuí,Panambi,
Escola Estadual Ensino Fundamental Adolfo Kepler,https://www.instagram.com/escolaadolfokepler/?hl=ja,,MAPEADO,36 CRE - Ijuí,Panambi,
Escola Estadual Ensino Fundamental Hermann Faulhaber,,,NÃO EXISTE,36 CRE - Ijuí,Panambi,
Escola Estadual Ensino Fundamental São João Batista,,,NÃO EXISTE,36 CRE - Ijuí,Panambi,
Escola Estadual Ensino Medio José de Anchieta,https://www.instagram.com/eeemjosedeanchieta/,https://www.facebook.com/porumfiuzamaislimpo/,MAPEADO,36 CRE - Ijuí,Panambi,
Escola Estadual Ensino Medio Paulo Freire,https://www.instagram.com/paulofreirepanambi/,,MAPEADO,36 CRE - Ijuí,Panambi,
Escola Estadual Ensino Medio Pindorama,https://www.instagram.com/escolapindoramapanambi/,https://www.facebook.com/pages/Escola-Estadual-de-Ensino-M%C3%A9dio-Pindorama/432409216810047,MAPEADO,36 CRE - Ijuí,Panambi,
Escola Estadual Ensino Medio Almirante Tamandaré,,,NÃO EXISTE,39 CRE - Carazinho,Almirante Tamandaré do Sul,
Escola Estadual Educação Basica Antônio João Zandona,https://www.instagram.com/antoniojoaozandona/,,MAPEADO,39 CRE - Carazinho,Barra Funda,
Escola Estadual Educação Basica Érico Veríssimo,,,NÃO EXISTE,39 CRE - Carazinho,Carazinho,
Escola Estadual Educação Profissional de Carazinho,https://www.instagram.com/eeprocar/,https://www.facebook.com/eeprocar1/,MAPEADO,39 CRE - Carazinho,Carazinho,
Escola Estadual Ensino Fundamental Carlinda de Britto,https://www.instagram.com/carlinda_de_britto/,,MAPEADO,39 CRE - Carazinho,Carazinho,
Escola Estadual Ensino Fundamental Dr Alfredo D Amore,https://www.instagram.com/p/DSnTGj3EU1O/,,MAPEADO,39 CRE - Carazinho,Carazinho,
Escola Estadual Ensino Fundamental Manuel Arruda Câmara,https://www.instagram.com/escolaarruda/,,MAPEADO,39 CRE - Carazinho,Carazinho,
Escola Estadual Ensino Fundamental Princesa Isabel,,,NÃO EXISTE,39 CRE - Carazinho,Carazinho,
Escola Estadual Ensino Fundamental Rodolfo Bolzani,,,NÃO EXISTE,39 CRE - Carazinho,Carazinho,
Escola Estadual Ensino Fundamental São Bento,,,NÃO EXISTE,39 CRE - Carazinho,Carazinho,
Escola Estadual Ensino Medio Cônego João Batista Sorg,https://www.instagram.com/escolasorg/,,MAPEADO,39 CRE - Carazinho,Carazinho,
Escola Estadual Ensino Medio Ernesta Nunes,https://www.instagram.com/eeem_ernestanunes/,,MAPEADO,39 CRE - Carazinho,Carazinho,
Escola Estadual Ensino Medio Marques de Caravelas,https://www.instagram.com/eeem.marquesdecaravelas/,,MAPEADO,39 CRE - Carazinho,Carazinho,
Escola Estadual Ensino Medio Paulo Frontin,https://www.instagram.com/escolafrontin/,,MAPEADO,39 CRE - Carazinho,Carazinho,
Escola Estadual Ensino Medio Veiga Cabral,,,NÃO EXISTE,39 CRE - Carazinho,Carazinho,
Escola Estadual Indigena Ensino Fundamental Kame Mre Kanhrukre,,,NÃO EXISTE,39 CRE - Carazinho,Carazinho,
Instituto Estadual Educação Cruzeiro do Sul Oniva de Moura Brizola,https://www.instagram.com/ieecruzeiro/,,MAPEADO,39 CRE - Carazinho,Carazinho,
Nucl e EJA e Cp Felipe Roberto Sehn,,,NÃO EXISTE,39 CRE - Carazinho,Carazinho,
Escola Estadual Ensino Fundamental Aloysio Hofer,,,NÃO EXISTE,39 CRE - Carazinho,Chapada,
Escola Estadual Ensino Fundamental Israelina Martins Silveira,,,NÃO EXISTE,39 CRE - Carazinho,Chapada,
Instituto Estadual Educação Júlia Billiart,https://www.instagram.com/iee.jb/,,MAPEADO,39 CRE - Carazinho,Chapada,
Escola Estadual Ensino Medio Armindo Edwino Schwengber,,,NÃO EXISTE,39 CRE - Carazinho,Colorado,
Escola Estadual Ensino Fundamental Medeiros e Albuquerque,https://www.instagram.com/medeirosealbuquerque/,,MAPEADO,39 CRE - Carazinho,Constantina,
Escola Estadual Ensino Medio São José,,,NÃO EXISTE,39 CRE - Carazinho,Constantina,
Escola Estadual Indigena Ensino Fundamental João Sora Vergueiro,,,NÃO EXISTE,39 CRE - Carazinho,Constantina,
Escola Estadual Indigena Ensino Fundamental Tanhve Kregso,,,NÃO EXISTE,39 CRE - Carazinho,Constantina,
Escola Estadual Educação Basica José Gomes Portinho,https://www.instagram.com/eeeb_josegomesportinho/,,MAPEADO,39 CRE - Carazinho,Coqueiros do Sul,
Escola Estadual Ensino Medio Floriano Peixoto,https://www.instagram.com/colegiomalfloriano/,,MAPEADO,39 CRE - Carazinho,Engenho Velho,
Escola Estadual Ensino Fundamental Geny Vieira da Cunha,,,NÃO EXISTE,39 CRE - Carazinho,Nao-me-toque,
Instituto Estadual Educação São Francisco Solano,https://www.instagram.com/ieesfsolano/,https://www.facebook.com/ieesfsolano/,MAPEADO,39 CRE - Carazinho,Nao-me-toque,
Escola Estadual Ensino Medio Antônio Mathias Anschau,https://www.instagram.com/escolaantoniomathiasanschau/,,MAPEADO,39 CRE - Carazinho,Nova Boa Vista,
Escola Estadual Ensino Medio Gottfried Thomas Westerich,https://www.instagram.com/gottfried_thomas_westerich/,,MAPEADO,39 CRE - Carazinho,Novo Xingu,
Escola Estadual Educação Basica Professor Alfredo Gavioli,https://www.instagram.com/escola.alfredo.gavioli/,,MAPEADO,39 CRE - Carazinho,Ronda Alta,
Escola Estadual Ensino Fundamental Herculino Baldissarella,https://www.instagram.com/escolaherculinobaldissarella/,,MAPEADO,39 CRE - Carazinho,Ronda Alta,
Escola Estadual Ensino Fundamental Isabel de Orleans,,,NÃO EXISTE,39 CRE - Carazinho,Ronda Alta,
Escola Estadual Indigena EM Fag Kava,,,NÃO EXISTE,39 CRE - Carazinho,Ronda Alta,
Escola Estadual Indigena Ensino Fundamental Luiz Konhko,,,NÃO EXISTE,39 CRE - Carazinho,Ronda Alta,
C E de Educ Bas Conde D Eu,https://www.instagram.com/centroconde/,,MAPEADO,39 CRE - Carazinho,Rondinha,
Escola Estadual Educação Basica Alfredo Ferrari,https://www.instagram.com/escolaalfredoferrari/,,MAPEADO,39 CRE - Carazinho,Saldanha Marinho,
Colegio Estadual Blau Nunes,https://www.instagram.com/ceblaununes/,,MAPEADO,39 CRE - Carazinho,Santa Bárbara do Sul,
Escola Estadual Ensino Fundamental 19 de Novembro,https://www.instagram.com/escolaestadual19denovembro/,,MAPEADO,39 CRE - Carazinho,Santa Bárbara do Sul,
Escola Estadual Ensino Medio Santo Antônio,https://www.instagram.com/eeem.santoantonio/,,MAPEADO,39 CRE - Carazinho,Santo Antônio do Planalto,
Escola Estadual Ensino Fundamental Dom José Coutinho,https://www.instagram.com/coutinho_escola39cre/,,MAPEADO,39 CRE - Carazinho,Sarandi,
Escola Estadual Ensino Fundamental Dr João Carlos Machado,https://www.instagram.com/escolamachado_sarandi/,,MAPEADO,39 CRE - Carazinho,Sarandi,
Escola Estadual Ensino Fundamental Sepé Tiaraju,https://www.instagram.com/sepetiarajufw/,,MAPEADO,39 CRE - Carazinho,Sarandi,
Escola Estadual Ensino Medio Dr Aldo Conte,https://www.instagram.com/escoladraldoconte/,,MAPEADO,39 CRE - Carazinho,Sarandi,
Escola Estadual Ensino Medio Padre Manoel Gonzales,https://www.instagram.com/eeempadremanoelgonzales/,,MAPEADO,39 CRE - Carazinho,Sarandi,
Escola Estadual Ensino Medio de Tio Hugo,https://www.instagram.com/eeem_de_tio_hugo/,,MAPEADO,39 CRE - Carazinho,Tio Hugo,
Escola Estadual Ensino Fundamental Antônio Mânica,,,NÃO EXISTE,39 CRE - Carazinho,Trindade do Sul,
Escola Estadual Ensino Fundamental Felice Campanhoni,https://www.instagram.com/felicecampanhoni,,MAPEADO,39 CRE - Carazinho,Trindade do Sul,
Escola Estadual Ensino Fundamental Ivania de Oliveira,,,NÃO EXISTE,39 CRE - Carazinho,Trindade do Sul,
Escola Estadual Ensino Medio Zenir Ghizzi da Silva,https://www.instagram.com/escolazenir.1953/,,MAPEADO,39 CRE - Carazinho,Trindade do Sul,
Escola Estadual Ensino Medio José Antônio Ferronato,https://www.instagram.com/joseaferronato39cre/,,MAPEADO,39 CRE - Carazinho,Três Palmeiras,
Escola Estadual Educação Basica Dr José Maria de Castro,,,NÃO EXISTE,39 CRE - Carazinho,Victor Graeff,
